ell,Dl_obs,Dl_te_obs,Dl_ee_obs,Dl_lcdm_tt,residual_lcdm_tt,Dl_lcdm_te,residual_lcdm_te,Dl_lcdm_ee,residual_lcdm_ee,Dl_QuantumAttractorUnifiedCosmology_tt,residual_QuantumAttractorUnifiedCosmology_tt,Dl_QuantumAttractorUnifiedCosmology_te,residual_QuantumAttractorUnifiedCosmology_te,Dl_QuantumAttractorUnifiedCosmology_ee,residual_QuantumAttractorUnifiedCosmology_ee
32,1097.01,1.51224,0.0643557,1104,-6.99307,1.91876,-0.406523,0.0274056,0.0369501,1199.69,-102.674,1.73923,-0.226989,0.0261493,0.0382064
37,1180.26,3.11711,0.0649424,1192.88,-12.6125,1.86499,1.25212,0.0450048,0.0199375,1314.87,-134.605,1.62058,1.49653,0.0430778,0.0218646
42,1426.97,0.820244,0.0699042,1287.58,139.393,1.55179,-0.73155,0.0689306,0.000973601,1439.15,-12.1831,1.22121,-0.400969,0.0660751,0.00382905
47,1364.66,1.07013,0.141281,1386.52,-21.8608,0.955605,0.114524,0.0996546,0.041626,1570.31,-205.652,0.520806,0.549323,0.0959245,0.045356
52,1329.06,1.08312,0.146964,1490.47,-161.413,0.0224823,1.06064,0.137788,0.00917614,1708.89,-379.832,-0.530086,1.6132,0.133019,0.0139445
57,1607.2,-3.82399,0.193005,1599.01,8.18588,-1.23248,-2.59152,0.183396,0.00960878,1854.28,-247.087,-1.92353,-1.90046,0.177706,0.0152983
62,1663.41,-4.29778,0.296409,1713.28,-49.8634,-2.83506,-1.46272,0.236384,0.0600249,2007.28,-343.863,-3.69628,-0.601502,0.229969,0.0664394
67,1838.4,-2.04066,0.331388,1832.94,5.46183,-4.77646,2.73579,0.296265,0.0351234,2167.46,-329.053,-5.83583,3.79517,0.289576,0.0418123
72,1974.24,-8.54866,0.356963,1958,16.2386,-7.03331,-1.51535,0.36235,-0.00538639,2334.51,-360.264,-8.32531,-0.22335,0.35597,0.000992921
77,1765.67,-7.23417,0.448396,2089.98,-324.309,-9.59872,2.36456,0.433725,0.0146705,2509.9,-744.233,-11.1575,3.92336,0.428444,0.0199517
82,2168.04,-9.89267,0.522364,2228.11,-60.0752,-12.4284,2.53571,0.509012,0.0133517,2692.89,-524.855,-14.2947,4.40207,0.505876,0.0164879
87,2330.99,-12.7208,0.489592,2372.61,-41.6193,-15.4761,2.75531,0.586754,-0.097162,2883.25,-552.253,-17.697,4.97617,0.587021,-0.0974294
92,2446.65,-19.2047,0.789127,2522.39,-75.7415,-18.6862,-0.518517,0.66539,0.123737,3079.8,-633.15,-21.3111,2.10645,0.670495,0.118631
97,2484.46,-19.0476,0.57472,2677.65,-193.197,-22.0078,2.96025,0.743114,-0.168394,3282.75,-798.288,-25.0864,6.03885,0.754673,-0.179953
104,2951.15,-28.1287,0.830793,2904.39,46.7602,-26.7371,-1.3916,0.846913,-0.0161197,3577.66,-626.506,-30.5386,2.40992,0.870384,-0.039591
113,3221.96,-31.7919,0.924375,3209.57,12.3865,-32.6804,0.88845,0.964492,-0.0401173,3972.68,-750.718,-37.5723,5.78038,1.00852,-0.0841443
122,3382.73,-35.701,1.11192,3525.56,-142.831,-38.0799,2.37897,1.05521,0.0567037,4380.57,-997.837,-44.244,8.54303,1.12545,-0.0135296
131,3592.1,-41.5613,1.10666,3846.6,-254.497,-42.52,0.958786,1.11118,-0.00452413,4795.04,-1202.94,-50.119,8.55779,1.21203,-0.105375
140,4229.84,-43.6625,1.09668,4166.3,63.5392,-45.6107,1.94817,1.1275,-0.0308134,5209.23,-979.396,-54.7805,11.1179,1.26153,-0.164842
149,4251.39,-45.0365,1.00578,4478.27,-226.882,-47.016,1.9795,1.10355,-0.0977675,5616.39,-1365,-57.8468,12.8103,1.26996,-0.264174
158,4778.71,-49.241,1.07943,4774.23,4.47832,-46.4492,-2.79172,1.04325,0.0361822,6007.82,-1229.11,-58.9782,9.7372,1.23745,-0.158018
167,4844.8,-45.9645,0.855441,5047.65,-202.855,-43.7145,-2.25003,0.955508,-0.100067,6376.25,-1531.45,-57.9006,11.9361,1.16827,-0.312832
176,5120.63,-43.3901,0.96559,5291.02,-170.39,-38.7015,-4.68857,0.854163,0.111427,6713.25,-1592.63,-54.4171,11.027,1.07132,-0.10573
185,5373.97,-30.3906,0.835251,5497.86,-123.889,-31.4019,1.01128,0.757752,0.0774987,7011.41,-1637.44,-48.4249,18.0343,0.959859,-0.124608
194,5542.7,-18.1436,0.793541,5662.61,-119.91,-21.9148,3.77122,0.688948,0.104593,7263.97,-1721.27,-39.907,21.7634,0.850373,-0.0568324
203,5446.22,-7.21464,0.694054,5780.76,-334.537,-10.4415,3.22687,0.673411,0.0206427,7465.2,-2018.98,-28.9447,21.73,0.762218,-0.0681642
212,5636.34,2.53847,0.877642,5848.03,-211.687,2.72292,-0.18445,0.738156,0.139486,7609.43,-1973.09,-15.7307,18.2691,0.719102,0.15854
221,5816.48,17.9047,0.874199,5863.66,-47.1755,17.1907,0.71401,0.909857,-0.0356583,7694.22,-1877.74,-0.577642,18.4823,0.749043,0.125156
230,5684.66,26.6053,1.23818,5827.18,-142.519,32.5055,-5.90021,1.21383,0.0243535,7717.41,-2032.75,16.1309,10.4744,0.879099,0.359083
239,5776.16,46.2991,1.78071,5739.49,36.6702,48.1595,-1.86045,1.67236,0.108347,7678.19,-1902.03,33.96,12.3391,1.13331,0.647405
248,5435.47,50.6637,2.10983,5602.86,-167.395,63.6078,-12.9441,2.30329,-0.193453,7577.13,-2141.67,52.4373,-1.77357,1.53123,0.5786
257,5228,71.5358,3.13386,5420.94,-192.945,78.2925,-6.75677,3.11824,0.0156244,7416.27,-2188.27,71.0639,0.471912,2.0873,1.04656
266,5090.29,86.4306,3.86066,5198.49,-108.202,91.6707,-5.24012,4.1204,-0.259741,7199.36,-2109.07,89.2438,-2.81325,2.81571,1.04496
275,5096.49,106.963,5.31265,4942.27,154.217,103.249,3.71354,5.30453,0.00812143,6932.46,-1835.97,106.378,0.584675,3.72613,1.58651
284,4546.18,102.707,5.82483,4659.05,-112.866,112.576,-9.8689,6.65662,-0.831797,6621.64,-2075.46,121.908,-19.201,4.81957,1.00526
293,4371.25,117.073,8.21385,4356.62,14.6296,119.272,-2.1997,8.15402,0.0598312,6274.01,-1902.76,135.349,-18.2763,6.08829,2.12556
302,3935.72,117.089,9.31107,4042.68,-106.966,123.03,-5.94056,9.76482,-0.453757,5896.56,-1960.84,146.286,-29.1962,7.51537,1.79569
311,3649.99,119.046,10.9594,3725.28,-75.2944,123.666,-4.61927,11.4507,-0.49123,5497.36,-1847.38,154.387,-35.3404,9.07634,1.88308
320,3411.94,112.762,12.6384,3412.25,-0.309994,121.116,-8.35431,13.1667,-0.528269,5085.79,-1673.85,159.355,-46.5925,10.7381,1.90036
329,3173.93,117.149,15.1816,3110.97,62.9629,115.428,1.72124,14.8627,0.318809,4670.93,-1497,160.989,-43.8396,12.4618,2.71977
338,2842.13,105.901,16.0657,2828.21,13.9234,106.754,-0.853603,16.4853,-0.419582,4261.29,-1419.16,159.198,-53.297,14.2054,1.86032
347,2498.24,86.2064,16.2208,2569.97,-71.7315,95.369,-9.16254,17.9804,-1.75958,3864.58,-1366.34,154.009,-67.8024,15.9264,0.294439
356,2358.31,79.8487,18.6902,2340.91,17.3965,81.6073,-1.75862,19.2936,-0.603354,3487.27,-1128.96,145.517,-65.6685,17.5803,1.10987
365,2186.33,61.0311,18.5056,2145.19,41.1337,65.9477,-4.91657,20.3809,-1.8753,3136.21,-949.883,134.026,-72.9954,19.118,-0.61244
374,2038.68,46.4875,21.0827,1985.24,53.4347,48.9,-2.41253,21.2005,-0.117761,2817.12,-778.444,119.914,-73.4263,20.4822,0.600453
383,1891.76,31.557,21.4257,1862.36,29.3933,31.0425,0.514517,21.7208,-0.295144,2534.6,-642.843,103.625,-72.0682,21.6261,-0.200383
392,1787.59,19.7448,22.3593,1776.75,10.8402,12.9662,6.7786,21.9192,0.440056,2292.13,-504.545,85.62,-65.8752,22.5113,-0.151982
401,1734.58,-0.544681,21.1747,1727.25,7.33471,-4.71271,4.16803,21.7886,-0.613925,2091.87,-357.285,66.3823,-66.927,23.1153,-1.94064
410,1738.05,-21.8916,21.0336,1711.92,26.1372,-21.4087,-0.482885,21.33,-0.296384,1934.88,-196.822,46.4358,-68.3274,23.4196,-2.38597
419,1731.61,-35.0666,19.2941,1727.42,4.18496,-36.5861,1.5195,20.5614,-1.26732,1820.06,-88.4522,26.4559,-61.5226,23.4102,-4.11614
428,1770.01,-48.4463,19.1288,1769.96,0.0546135,-49.7728,1.32647,19.5111,-0.382258,1745.7,24.3112,7.09077,-55.5371,23.0815,-3.95267
437,1770.68,-61.9365,19.3346,1834.75,-64.069,-60.5834,-1.35306,18.2234,1.11118,1709.12,61.5619,-11.0986,-50.8378,22.4438,-3.10918
446,1856.79,-62.1436,17.3252,1916.88,-60.0901,-68.7121,6.5685,16.7516,0.573576,1707.48,149.305,-27.6305,-34.5131,21.5163,-4.19109
455,2045.9,-74.4981,15.4382,2010.78,35.1219,-73.9529,-0.545198,15.1581,0.280092,1737.23,308.668,-42.1179,-32.3801,20.328,-4.88979
464,2224.7,-80.0589,14.5813,2111.02,113.678,-76.209,-3.84988,13.5108,1.07056,1793.37,431.326,-54.1902,-25.8687,18.9233,-4.34197
473,2178.24,-75.3658,11.5893,2212.66,-34.4226,-75.5374,0.171585,11.8848,-0.295542,1870.04,308.203,-63.55,-11.8158,17.3625,-5.77325
482,2323.36,-71.9894,11.4556,2310.57,12.7903,-72.0774,0.0879528,10.3555,1.10009,1961.12,362.235,-69.9798,-2.00961,15.7063,-4.25073
491,2418.7,-71.1199,10.3049,2400.33,18.3698,-66.0821,-5.03772,8.99811,1.30681,2061.26,357.443,-73.3759,2.25604,14.0154,-3.71049
500,2447.25,-59.624,8.30294,2478.03,-30.7719,-57.9006,-1.72343,7.88332,0.419626,2165.55,281.706,-73.7303,14.1063,12.3458,-4.04289
509,2577.77,-47.175,8.22746,2540.22,37.5492,-47.9619,0.786879,7.07538,1.15208,2269.24,308.536,-71.1454,23.9704,10.7552,-2.52771
518,2558.51,-42.4169,7.35097,2585.02,-26.5052,-36.7694,-5.64758,6.62689,0.724073,2367.65,190.862,-65.9183,23.5014,9.32085,-1.96988
527,2579.22,-23.0411,6.50428,2610.75,-31.5292,-24.8595,1.81837,6.57705,-0.0727642,2456,123.219,-58.4096,35.3685,8.11483,-1.61055
536,2523.98,-18.6287,6.71246,2616.85,-92.8678,-12.7925,-5.83624,6.95115,-0.238686,2530.59,-6.61098,-49.0033,30.3746,7.19518,-0.482722
545,2519.15,-1.43395,8.58876,2603.67,-84.5224,-1.15179,-0.282162,7.75992,0.828842,2588.65,-69.4999,-38.107,36.6731,6.60537,1.98338
554,2566.59,3.55431,8.51755,2572.26,-5.67907,9.50843,-5.95411,8.99829,-0.480745,2628.1,-61.518,-26.1045,29.6588,6.37342,2.14413
563,2545.99,11.5793,10.6431,2524.52,21.4776,18.6767,-7.09744,10.6438,-0.000688913,2648.09,-102.095,-13.5131,25.0924,6.51952,4.1236
572,2409.8,18.6254,11.8913,2462.73,-52.9257,25.911,-7.28564,12.658,-0.766722,2648.57,-238.768,-0.984341,19.6097,7.05905,4.83224
581,2410.13,26.5374,15.4975,2389.7,20.4256,30.86,-4.32262,14.987,0.510468,2630.03,-219.909,10.9099,15.6276,7.99248,7.50497
590,2373.46,26.8724,15.2827,2309.05,64.4082,33.2551,-6.38269,17.5636,-2.28098,2593.79,-220.328,21.68,5.1924,9.30717,5.97549
599,2206.46,28.2947,18.225,2224.37,-17.9096,32.909,-4.61434,20.3095,-2.08453,2541.11,-334.643,30.9182,-2.62352,10.9791,7.24593
608,2119.7,32.2515,22.1034,2139.21,-19.5128,29.7457,2.50586,23.1377,-1.03428,2473.57,-353.868,38.3034,-6.05192,12.9712,9.13215
617,2135.45,23.9273,25.8934,2057.02,78.433,23.8112,0.116064,25.958,-0.0646733,2394.56,-259.11,43.5021,-19.5748,15.2193,10.6741
626,1951.2,10.8452,25.9867,1981.2,-29.9982,15.2735,-4.42826,28.6825,-2.69582,2308.1,-356.902,46.2551,-35.4099,17.6522,8.33442
635,1938.19,7.54114,30.1719,1914.78,23.4012,4.39004,3.15109,31.2216,-1.04971,2217.83,-279.642,46.3934,-38.8522,20.1977,9.97412
644,1859.9,-5.033,32.9222,1860.4,-0.500135,-8.49324,3.46025,33.4891,-0.566941,2126.97,-267.07,43.8358,-48.8688,22.7867,10.1355
653,1847.08,-15.3753,32.8238,1820.14,26.9496,-22.9445,7.56919,35.4041,-2.58036,2038.24,-191.154,38.5889,-53.9642,25.3549,7.46883
662,1848.18,-29.9359,34.7378,1795.53,52.6479,-38.4706,8.53464,36.9058,-2.16801,1954.6,-106.416,30.8022,-60.7381,27.8344,6.90341
671,1814.96,-56.9826,36.3808,1787.38,27.5732,-54.5419,-2.44075,37.946,-1.56518,1879.5,-64.5398,20.7884,-77.771,30.1326,6.24818
680,1760.56,-66.7884,36.6042,1795.84,-35.2733,-70.6036,3.81521,38.4911,-1.8869,1815.85,-55.2889,8.89644,-75.6848,32.1686,4.43558
689,1822.41,-80.806,38.1163,1820.36,2.04544,-86.0803,5.27432,38.5194,-0.403051,1765.9,56.5064,-4.50409,-76.3019,33.8732,4.24318
698,1884.92,-94.2074,38.9399,1859.92,24.9987,-100.424,6.21651,38.038,0.901901,1731.37,153.549,-19.0711,-75.1363,35.206,3.73399
707,1891,-99.954,36.5131,1912.78,-21.7854,-113.104,13.15,37.0653,-0.552272,1713.25,177.748,-34.4446,-65.5094,36.136,0.377036
716,1908.77,-113.946,36.4293,1976.75,-67.9867,-123.67,9.72379,35.6394,0.789892,1711.67,197.093,-50.0648,-63.8811,36.638,-0.208718
725,1994.29,-122.488,33.4393,2049.19,-54.9009,-131.733,9.2444,33.8103,-0.371012,1726.15,268.139,-65.3006,-57.1878,36.6917,-3.25237
734,2050.06,-127.683,32.2593,2127.46,-77.4032,-137.022,9.33924,31.6509,0.608403,1756.19,293.864,-79.6378,-48.0454,36.2995,-4.04021
743,2184.75,-130.614,27.6853,2208.41,-23.6607,-139.318,8.70406,29.2409,-1.55554,1800.8,383.954,-92.6117,-38.0019,35.4709,-7.78555
752,2260,-131.217,27.3087,2288.56,-28.5578,-138.5,7.28273,26.6739,0.634764,1858.62,401.382,-103.86,-27.3572,34.2292,-6.92056
761,2344.61,-126.704,24.6929,2364.72,-20.1169,-134.576,7.87156,24.0456,0.647316,1927.83,416.777,-113.077,-13.6268,32.6149,-7.92192
770,2348.38,-117.03,21.1035,2434.21,-85.8256,-127.651,10.6208,21.4531,-0.349657,2005.42,342.966,-119.915,2.88507,30.701,-9.59747
779,2350.93,-109.053,19.3843,2493.84,-142.907,-117.913,8.86029,18.9926,0.391714,2087.68,263.252,-124.089,15.0361,28.5636,-9.17935
788,2481.01,-104.286,19.3659,2541.64,-60.6282,-105.702,1.41642,16.7566,2.60925,2172.12,308.893,-125.466,21.1804,26.2756,-6.90973
797,2466.93,-89.1184,17.3212,2575.06,-108.127,-91.3479,2.22951,14.8307,2.49052,2255.66,211.274,-123.904,34.7859,23.9022,-6.58104
806,2493.81,-77.0153,16.1542,2592.82,-99.0183,-75.3573,-1.65802,13.294,2.86018,2336.39,157.411,-119.449,42.434,21.5066,-5.35245
815,2552.73,-64.7342,14.1638,2593.48,-40.7503,-58.1788,-6.55545,12.2062,1.95759,2411.03,141.701,-112.218,47.4842,19.1764,-5.01265
824,2521.81,-49.9835,12.1229,2577.01,-55.2006,-40.368,-9.61545,11.6084,0.514491,2476.91,44.8949,-102.52,52.5366,17.0093,-4.88649
833,2495.02,-27.9085,11.6282,2543.09,-48.074,-22.4397,-5.46887,11.5279,0.100322,2531.09,-36.0688,-90.6228,62.7143,15.0899,-3.46164
842,2505.47,-17.8662,13.3085,2492.49,12.9747,-4.96002,-12.9062,11.9744,1.33405,2571.67,-66.2027,-76.8471,58.9809,13.4847,-0.176196
851,2383.14,3.01617,13.0309,2426.41,-43.262,11.5308,-8.5146,12.935,0.0959259,2597.22,-214.072,-61.4871,64.5033,12.2379,0.793006
860,2355.55,13.7369,15.4091,2346.01,9.53303,26.5576,-12.8206,14.3863,1.02275,2606.35,-250.805,-44.8784,58.6153,11.389,4.02004
869,2237.42,27.841,16.3651,2253.85,-16.4354,39.6884,-11.8474,16.279,0.0860772,2599.31,-361.897,-27.6186,55.4595,10.9676,5.39752
878,2168.28,41.3423,17.5279,2151.64,16.6389,50.5906,-9.24826,18.5586,-1.03063,2575.57,-407.286,-10.2605,51.6028,11.0008,6.5271
887,2073.72,49.2007,22.0617,2042.24,31.4764,58.9755,-9.77482,21.1429,0.918787,2535.72,-461.996,6.68698,42.5137,11.4885,10.5731
896,1948.82,55.0267,24.2907,1927.98,20.8422,64.604,-9.57725,23.953,0.337657,2479.83,-531.008,22.7645,32.2623,12.4336,11.857
905,1843.37,57.821,23.2827,1811.65,31.7219,67.4172,-9.59611,26.8887,-3.60595,2408.52,-565.147,37.6855,20.1355,13.816,9.46679
914,1745.6,67.5475,29.1072,1696.19,49.4097,67.3806,0.166875,29.8516,-0.744444,2323.75,-578.144,51.0569,16.4906,15.5883,13.5189
923,1619.45,56.6996,31.4781,1584.08,35.3686,64.5643,-7.86467,32.7516,-1.27351,2228.06,-608.606,62.4761,-5.77646,17.6861,13.792
932,1562.39,54.4174,35.4116,1477.62,84.7753,59.152,-4.73457,35.4946,-0.0829998,2123.86,-561.464,71.6506,-17.2332,20.0405,15.3711
941,1437.55,50.1516,37.4935,1379.02,58.5228,51.4044,-1.25273,37.9884,-0.494916,2013.48,-575.931,78.3649,-28.2133,22.584,14.9095
950,1342.39,41.3038,37.058,1290.11,52.2784,41.6286,-0.324873,40.1461,-3.08813,1898.83,-556.445,82.45,-41.1463,25.2547,11.8033
959,1285.75,33.7705,39.3482,1212.38,73.3762,30.199,3.5715,41.8946,-2.5464,1781.88,-496.124,83.8363,-50.0658,27.9905,11.3577
968,1232.84,20.9026,40.3395,1146.89,85.9456,17.5341,3.36854,43.1827,-2.84313,1665.5,-432.664,82.6277,-61.7251,30.6947,9.64487
977,1129.03,9.81707,40.4442,1094.27,34.7661,4.08066,5.73641,43.9737,-3.52954,1552.49,-423.458,78.989,-69.1719,33.2713,7.1729
986,1103.57,-0.29649,38.6279,1054.65,48.9241,-9.70662,9.41013,44.2469,-5.61904,1445.17,-341.591,73.0925,-73.389,35.6401,2.98779
995,1087.32,-14.7591,42.2792,1027.86,59.456,-23.3925,8.63348,43.9949,-1.71574,1345.52,-258.198,65.0913,-79.8503,37.7343,4.54485
1004,1024.83,-37.3546,40.1553,1013.39,11.4358,-36.524,-0.830616,43.2223,-3.06699,1255.2,-230.376,55.1627,-92.5173,39.4988,0.65654
1013,1079.48,-45.221,46.1332,1010.12,69.3616,-48.6482,3.42714,41.9573,4.17586,1175.27,-95.7866,43.6801,-88.9011,40.8892,5.24405
1022,1032.41,-48.6768,42.9829,1016.94,15.4653,-59.4784,10.8016,40.2554,2.72747,1106.75,-74.3411,31.0771,-79.7539,41.8737,1.10924
1031,1040.79,-54.6481,39.2361,1032.3,8.48998,-68.6611,14.0131,38.162,1.07411,1050.23,-9.44024,17.8671,-72.5152,42.4097,-3.17363
1040,1055.91,-59.1628,36.5526,1054.58,1.32711,-76.0048,16.842,35.7568,0.795798,1006.24,49.6641,4.40147,-63.5643,42.4891,-5.93651
1049,1081.98,-73.5188,35.8932,1081.78,0.19611,-81.2842,7.76542,33.1153,2.77791,974.929,107.048,-8.93488,-64.5839,42.0992,-6.206
1058,1129.81,-82.3317,37.0442,1112.06,17.7439,-84.4299,2.09815,30.3183,6.7259,956.376,173.432,-21.881,-60.4507,41.2394,-4.19515
1067,1122.39,-80.9655,28.6378,1143.54,-21.1443,-85.42,4.45451,27.4669,1.17091,949.396,172.995,-34.0464,-46.919,39.9655,-11.3277
1076,1153.29,-78.7501,25.1823,1174.45,-21.1662,-84.3057,5.55554,24.641,0.54131,952.533,200.755,-45.0521,-33.698,38.3252,-13.1429
1085,1217.71,-73.3497,20.9454,1203.12,14.5956,-81.214,7.86427,21.9286,-0.983239,964.366,253.345,-54.5946,-18.7551,36.3739,-15.4285
1094,1216.98,-76.2582,25.9907,1227.94,-10.968,-76.3238,0.065585,19.4106,6.58006,983.602,233.373,-62.4226,-13.8356,34.1602,-8.1695
1103,1211.44,-56.3317,16.4541,1247.61,-36.1713,-69.8897,13.558,17.1646,-0.710499,1009.18,202.253,-68.3612,12.0295,31.7297,-15.2755
1112,1213.36,-55.9813,15.7459,1261.05,-47.6915,-62.1982,6.21683,15.2536,0.492223,1039.64,173.719,-72.3191,16.3378,29.1452,-13.3993
1121,1246.29,-48.5737,15.3649,1267.57,-21.281,-53.5619,4.98822,13.726,1.63893,1072.8,173.49,-74.3114,25.7377,26.5041,-11.1392
1130,1237.54,-42.9851,15.5914,1266.68,-29.1366,-44.3132,1.32809,12.6166,2.97474,1106.61,130.932,-74.3797,31.3946,23.8946,-8.30325
1139,1215.83,-47.6841,13.6421,1258.25,-42.4153,-34.8111,-12.873,11.9481,1.694,1139.38,76.4491,-72.5924,24.9083,21.3925,-7.75034
1148,1212.52,-23.673,13.5995,1242.34,-29.8212,-25.4086,1.73563,11.7268,1.87273,1169.62,42.9011,-69.0117,45.3387,19.0572,-5.45771
1157,1220.58,-15.6744,14.5019,1219.31,1.27044,-16.4511,0.776708,11.944,2.55785,1196.09,24.492,-63.723,48.0486,16.9362,-2.43427
1166,1159.29,-21.3026,9.18108,1189.84,-30.5508,-8.24283,-13.0597,12.5773,-3.39626,1217.76,-58.4705,-57.0132,35.7107,15.0835,-5.90241
1175,1143.31,-13.603,10.5746,1154.77,-11.4669,-1.04461,-12.5583,13.5906,-3.01602,1233.69,-90.385,-49.2419,35.6389,13.5499,-2.97531
1184,1136.56,-5.79308,12.8028,1115.14,21.4219,4.91915,-10.7122,14.9356,-2.13278,1243.13,-106.567,-40.7327,34.9396,12.3739,0.428907
1193,1086.25,-2.23866,12.7564,1072.04,14.2092,9.46615,-11.7048,16.5526,-3.79622,1245.39,-159.14,-31.7673,29.5287,11.5827,1.17375
1202,1005.41,0.797025,23.1519,1026.78,-21.3741,12.4665,-11.6695,18.3728,4.77917,1240,-234.591,-22.5754,23.3724,11.1939,11.958
1211,975.189,6.31648,21.2917,980.65,-5.46111,13.8503,-7.5338,20.323,0.968673,1226.87,-251.678,-13.4058,19.7223,11.2071,10.0846
1220,970.73,11.2854,18.0007,934.899,35.8309,13.6152,-2.32979,22.3324,-4.33173,1206.73,-235.998,-4.60519,15.8906,11.594,6.40666
1229,906.514,0.795071,24.1192,890.718,15.7963,11.8097,-11.0147,24.3273,-0.208143,1180.35,-273.84,3.50973,-2.71466,12.3198,11.7994
1238,895.506,-1.70669,26.9876,849.261,46.2451,8.54379,-10.2505,26.2368,0.750779,1148.49,-252.982,10.6834,-12.3901,13.3524,13.6351
1247,860.053,6.50815,28.9322,811.524,48.5299,3.96685,2.5413,27.9897,0.942438,1111.71,-251.655,16.7002,-10.192,14.6597,14.2725
1256,805.618,-5.07351,28.2583,778.36,27.2577,-1.72818,-3.34533,29.5204,-1.26212,1070.53,-264.917,21.3918,-26.4653,16.2107,12.0476
1265,777.489,-10.6252,32.123,750.449,27.0398,-8.3138,-2.31137,30.7791,1.34387,1026.19,-248.701,24.6744,-35.2995,17.9442,14.1788
1274,770.016,-6.18903,28.0386,728.218,41.7983,-15.545,9.35597,31.7265,-3.68788,980.222,-210.206,26.5133,-32.7023,19.7793,8.25935
1283,736.545,-25.4341,25.1459,711.913,24.6321,-23.1553,-2.27872,32.334,-7.18809,934.006,-197.461,26.896,-52.3301,21.6453,3.50055
1292,758.18,-27.8221,32.7948,701.551,56.6292,-30.8692,3.0471,32.5805,0.214294,888.687,-130.507,25.8192,-53.6414,23.4793,9.31553
1301,733.856,-31.3034,32.8301,696.97,36.8863,-38.4055,7.10216,32.4612,0.368901,845.231,-111.375,23.2851,-54.5884,25.2341,7.59595
1310,712.532,-45.6622,32.308,697.803,14.7296,-45.5005,-0.1617,31.9808,0.327228,804.478,-91.946,19.3528,-65.015,26.8641,5.44391
1319,718.903,-45.3274,37.0351,703.533,15.3694,-51.9243,6.59693,31.1567,5.8784,767.342,-48.4393,14.2621,-59.5895,28.3113,8.72374
1328,723.408,-52.8192,22.7581,713.496,9.91139,-57.4746,4.65542,30.0216,-7.26351,734.627,-11.2194,8.26348,-61.0827,29.529,-6.77089
1337,757.937,-50.5695,32.7284,726.882,31.0551,-61.9768,11.4073,28.6144,4.11399,706.994,50.9431,1.57959,-52.1491,30.4763,2.25209
1346,737.666,-57.1386,25.6747,742.77,-5.10366,-65.2909,8.15225,26.983,-1.30825,684.993,52.6737,-5.60137,-51.5373,31.1216,-5.44689
1355,765.134,-65.5484,22.1336,760.154,4.9807,-67.3126,1.76421,25.1801,-3.0465,669.058,96.0766,-13.12,-52.4284,31.4392,-9.30554
1364,776.923,-62.1891,20.8649,778.09,-1.167,-67.998,5.80898,23.2663,-2.40134,659.179,117.744,-20.7477,-41.4414,31.4298,-10.5649
1373,777.362,-56.4015,13.9711,795.655,-18.2928,-67.3449,10.9434,21.2987,-7.32765,654.926,122.436,-28.1859,-28.2156,31.1078,-17.1367
1382,773.981,-47.5995,19.7096,811.939,-37.9575,-65.3959,17.7964,19.3378,0.371805,655.866,118.115,-35.1775,-12.422,30.4907,-10.7811
1391,806.044,-66.4348,18.9034,826.057,-20.0129,-62.2282,-4.20659,17.4416,1.46179,661.594,144.45,-41.4993,-24.9355,29.594,-10.6907
1400,830.177,-61.3485,26.3292,837.249,-7.07232,-57.9685,-3.37997,15.6685,10.6607,671.826,158.351,-46.9782,-14.3702,28.4336,-2.10442
1409,822.186,-54.6345,5.1988,844.837,-22.651,-52.7668,-1.8677,14.069,-8.87017,686.149,136.037,-51.4705,-3.16402,27.0294,-21.8306
1418,818.106,-52.4991,20.0139,848.331,-30.2251,-46.7926,-5.70652,12.6837,7.33018,703.486,114.62,-54.8764,2.37736,25.4394,-5.4255
1427,796.252,-38.2634,20.0412,847.443,-51.1909,-40.2434,1.97994,11.5468,8.49436,722.746,73.5063,-57.1309,18.8674,23.7273,-3.68616
1436,803.463,-40.2416,13.1922,841.98,-38.5161,-33.327,-6.9146,10.6829,2.50933,742.934,60.5297,-58.1787,17.9371,21.9474,-8.75513
1445,798.655,-37.8014,10.43,831.875,-33.2206,-26.2619,-11.5394,10.1078,0.322192,763.183,35.4721,-57.9756,20.1743,20.1448,-9.71481
1454,773.833,-26.0106,2.1953,817.197,-43.3634,-19.2689,-6.74175,9.82767,-7.63237,782.751,-8.91738,-56.4833,30.4727,18.3559,-16.1606
1463,762.183,-21.7373,18.35,798.245,-36.062,-12.5567,-9.18065,9.83898,8.51101,800.942,-38.7583,-53.7673,32.03,16.6249,1.72507
1472,749.532,-9.44394,12.4154,775.381,-25.8498,-6.30412,-3.13982,10.1282,2.28718,816.898,-67.3669,-49.9969,40.553,15.0063,-2.59093
1481,738.185,2.7698,16.5295,749.092,-10.9068,-0.67617,3.44597,10.6731,5.85635,829.879,-91.6937,-45.3352,48.105,13.5471,2.98238
1490,727.424,-4.9052,14.6158,720.001,7.42278,4.18325,-9.08845,11.4433,3.17253,839.277,-111.853,-39.9241,35.0189,12.286,2.32981
1499,701.642,-1.96257,-1.3298,688.756,12.8865,8.15511,-10.1177,12.4005,-13.7303,844.511,-142.869,-33.8806,31.9181,11.2541,-12.5839
1512,655.678,7.47919,21.9852,641.249,14.4285,12.1539,-4.67473,14.0252,7.95995,843.919,-188.242,-24.2935,31.7727,10.2103,11.7749
1529,588.39,9.37829,16.3364,578.136,10.2538,14.1432,-4.76492,16.3786,-0.042291,828.902,-240.512,-11.2755,20.6538,9.65481,6.68154
1546,547.01,10.0139,17.2441,518.196,28.8143,12.5849,-2.57097,18.7,-1.45593,798.539,-251.529,0.986167,9.02773,10,7.24405
1563,503.657,-0.414165,16.8062,465.515,38.1416,7.9622,-8.37637,20.6792,-3.87303,753.64,-249.983,11.4239,-11.8381,11.203,5.60315
1580,468.039,-1.86885,6.00044,423.013,45.026,1.04191,-2.91076,22.0753,-16.0749,698.149,-230.11,19.2257,-21.0946,13.0357,-7.03522
1597,429.111,-9.9112,23.6655,392.337,36.7744,-7.19302,-2.71818,22.73,0.935533,636.86,-207.749,23.7823,-33.6935,15.2266,8.43897
1614,407.925,-9.49197,28.6547,373.759,34.1667,-15.6711,6.17911,22.5623,6.09245,573.51,-165.585,24.6937,-34.1857,17.5557,11.099
1631,399.577,-25.3687,25.01,366.302,33.2744,-23.4156,-1.95309,21.5969,3.41317,512.645,-113.069,22.297,-47.6657,19.7366,5.27348
1648,389.097,-22.7408,15.7028,367.869,21.2274,-29.6006,6.85987,19.9474,-4.24456,458.552,-69.4553,17.1271,-39.8678,21.4993,-5.79647
1665,391.497,-25.4964,25.7318,375.552,15.945,-33.614,8.11754,17.7981,7.93364,414.417,-22.9205,9.6616,-35.158,22.6548,3.077
1682,385.396,-29.9275,35.6797,386.236,-0.840461,-35.1649,5.23739,15.3687,20.311,381.547,3.84918,0.944153,-30.8716,23.1077,12.572
1699,400.368,-26.1074,19.884,396.79,3.5771,-34.2711,8.16369,12.9057,6.97824,360.633,39.7346,-7.97595,-18.1314,22.8106,-2.92659
1716,393.039,-22.1731,-2.30435,404.336,-11.2969,-31.2166,9.04346,10.6461,-12.9504,351.897,41.142,-16.2796,-5.89351,21.7517,-24.0561
1733,407.61,-28.2166,10.7442,406.845,0.764847,-26.5034,-1.71315,8.78027,1.96389,352.949,54.6612,-23.1953,-5.02126,20.0912,-9.34704
1750,377.716,-22.2324,37.1788,403.094,-25.378,-20.7958,-1.43659,7.44542,29.7334,361.169,16.5464,-28.0631,5.83067,18.0003,19.1785
1767,379.019,-13.1588,21.6818,392.697,-13.6774,-14.8367,1.67797,6.71575,14.9661,374.266,4.75361,-30.4497,17.291,15.6304,6.05142
1784,377.36,-11.8144,-18.8184,376.195,1.16431,-9.30359,-2.51086,6.5904,-25.4088,388.818,-11.458,-30.4492,18.6347,13.2291,-32.0475
1801,358.796,-8.0874,23.4248,354.885,3.91087,-4.78778,-3.29962,7.00021,16.4246,401.646,-42.8501,-28.2175,20.1301,11.0185,12.4063
1818,342.446,-0.976027,18.7414,330.563,11.8832,-1.73588,0.759856,7.82119,10.9202,410.313,-67.8666,-23.9853,23.0093,9.16139,9.58001
1835,313.006,-4.91613,16.6022,305.21,7.79562,-0.365601,-4.55052,8.90032,7.70184,413.367,-100.361,-18.4899,13.5738,7.77696,8.8252
1852,305.378,1.81527,-6.23088,280.896,24.4821,-0.682718,2.49799,10.0618,-16.2926,409.616,-104.238,-12.4113,14.2265,6.95837,-13.1892
1869,276.147,-4.78882,36.2976,259.437,16.7097,-2.50749,-2.28133,11.1289,25.1687,398.471,-122.324,-6.32849,1.53968,6.74169,29.5559
1886,265.911,1.66045,0.555329,242.144,23.7672,-5.50108,7.16153,11.9613,-11.4059,381.259,-115.348,-0.901713,2.56216,7.04028,-6.48495
1903,249.92,-11.107,-18.6965,229.787,20.1333,-9.1963,-1.91071,12.4502,-31.1467,359.194,-109.274,3.29586,-14.4029,7.77115,-26.4677
1920,257.96,-8.76494,26.026,222.556,35.4039,-13.0753,4.31039,12.5296,13.4964,333.618,-75.658,5.8916,-14.6565,8.83287,17.1931
1937,245.342,-13.224,20.5827,220.036,25.3065,-16.6604,3.43645,12.1915,8.39119,306.962,-61.6198,6.83038,-20.0543,10.0367,10.546
1954,231.313,-5.86213,-42.7334,221.274,10.0384,-19.5176,13.6554,11.477,-54.2104,281.366,-50.0536,6.06737,-11.9295,11.2214,-53.9548
1971,229.279,-28.0519,51.929,224.979,4.29976,-21.3176,-6.73433,10.4634,41.4656,258.507,-29.2286,3.71787,-31.7698,12.2544,39.6746
1988,225.825,-27.8392,5.28485,229.745,-3.92031,-21.8945,-5.94473,9.25545,-3.9706,239.701,-13.8766,0.270132,-28.1093,13.0146,-7.72972
2005,240.086,,,234.084,6.00175,-21.2248,,7.97922,,226.141,13.9455,-3.864,,13.401,
2030,233.983,,,236.979,-2.99673,-18.2324,,6.2311,,216.359,17.6239,-10.2699,,13.2141,
2063,216.247,,,230.641,-14.3947,-11.9611,,4.61879,,218.965,-2.71891,-16.8842,,11.7408,
2096,204.908,,,211.598,-6.68989,-5.39671,,4.12202,,232.038,-27.1299,-19.3781,,9.36806,
2129,200.092,,,183.792,16.3005,-0.844975,,4.62677,,244.591,-44.4983,-16.9935,,6.91712,
2162,168.762,,,154.122,14.6397,0.498813,,5.65455,,247.499,-78.7367,-11.0748,,5.14645,
2195,140.144,,,129.475,10.6695,-1.18863,,6.58885,,236.258,-96.1136,-3.84896,,4.47082,
2228,129.223,,,113.982,15.2415,-4.5851,,6.94421,,211.881,-82.6576,2.06224,,4.89943,
2261,118.304,,,107.88,10.424,-7.9668,,6.53558,,180.537,-62.233,4.94312,,5.9976,
2294,118.51,,,108.087,10.4225,-9.89059,,5.50197,,149.611,-31.1011,4.27041,,7.19759,
2327,115.407,,,109.911,5.49654,-9.74998,,4.214,,126.106,-10.699,0.836764,,7.92058,
2360,114.999,,,109.229,5.76915,-7.84856,,3.08348,,113.111,1.8872,-3.6531,,7.86891,
2393,126.918,,,103.883,23.0345,-5.14365,,2.41068,,110.274,16.6431,-7.46634,,7.02916,
2426,90.007,,,94.2836,-4.2766,-2.75816,,2.27444,,113.693,-23.6865,-9.2495,,5.68648,
2459,83.9457,,,82.6572,1.28847,-1.5,,2.54508,,118.19,-34.2443,-8.69576,,4.27289,
2492,78.7067,,,71.9111,6.79561,-1.60967,,2.96102,,119.299,-40.5926,-6.25441,,3.18048,
