Name,zcmb,mu_obs,e_mu_obs,mu_model_lcdm,residual_lcdm,mu_model_QuantumAttractorUnifiedCosmology,residual_QuantumAttractorUnifiedCosmology
sn1999ac,0.01006,33.076313,0.174566,33.154161,-0.077847728,33.140569,-0.064256212
sn2004s,0.010291,33.121922,0.173593,33.203849,-0.081926802,33.190533,-0.068611007
sn1997do,0.01055,33.243687,0.17309,33.258264,-0.014577395,33.245248,-0.0015613524
sn2002dp,0.010888,33.394833,0.169021,33.327314,0.067518867,33.314695,0.080137593
sn2006bh,0.011184,33.418357,0.166533,33.38606,0.032296795,33.373787,0.044570105
sn2005al,0.012317,34.043068,0.16145,33.597517,0.44555147,33.58654,0.45652839
sn2001ep,0.013324,33.655632,0.158624,33.769865,-0.11423348,33.760024,-0.10439262
sn1999dq,0.013533,33.4709,0.158393,33.804016,-0.33311541,33.794406,-0.32350607
sn2002ha,0.013652,33.839835,0.157774,33.823228,0.016607507,33.81375,0.026085579
sn2001bt,0.014151,33.705787,0.157186,33.902023,-0.19623602,33.893097,-0.1873099
sn1997e,0.014256,33.855479,0.1564,33.918252,-0.062773589,33.909442,-0.053963631
sn1992al,0.014411,33.837916,0.156643,33.941996,-0.10407996,33.933355,-0.095438377
sn1999dk,0.01444,33.737233,0.157099,33.946411,-0.20917763,33.9378,-0.20056714
sn2005bo,0.014467,33.887535,0.154784,33.950513,-0.062978155,33.941931,-0.05439651
sn2001fe,0.014575,34.021211,0.155333,33.966845,0.054365808,33.958382,0.062828205
sn2006n,0.0147,34.085762,0.155008,33.985599,0.10016351,33.977274,0.10848869
sn2005kc,0.01496,33.980505,0.153548,34.024109,-0.043603836,34.016064,-0.035558499
sn2005el,0.015154,34.106559,0.153758,34.052413,0.054145828,34.044579,0.061979463
sn2004eo,0.015469,33.821144,0.153515,34.097618,-0.27647471,34.090122,-0.26897886
sn2001en,0.015482,33.99586,0.154168,34.099464,-0.10360388,34.091982,-0.096122132
sn2001cn,0.015487,33.856674,0.153742,34.100174,-0.2434993,34.092697,-0.23602296
sn2001bf,0.015504,33.940834,0.153374,34.102585,-0.1617506,34.095127,-0.15429266
sn2001cz,0.015554,33.994274,0.153417,34.10966,-0.11538587,34.102256,-0.10798179
sn1999aa,0.015573,34.202002,0.153276,34.112343,0.089659188,34.104959,0.097042893
sn1994s,0.015664,34.062095,0.154751,34.125148,-0.063053301,34.117862,-0.055766503
sn2004ey,0.015678,34.159785,0.151905,34.127112,0.032672982,34.11984,0.039944971
sn2001v,0.015791,33.855547,0.152742,34.142898,-0.28735113,34.135744,-0.28019771
sn2006td,0.015999,34.303185,0.153171,34.171662,0.13152304,34.164732,0.13845298
sn1996bv,0.016966,34.007209,0.153258,34.30072,-0.29351125,34.294807,-0.28759753
sn2006ax,0.017387,34.395547,0.148936,34.354653,0.040894175,34.349176,0.04637123
sn1998v,0.01745,34.146628,0.150702,34.362613,-0.21598441,34.3572,-0.2105719
sn2000dk,0.017483,34.199729,0.150122,34.366771,-0.16704164,34.361392,-0.16166276
sn1998ef,0.017672,33.973923,0.150611,34.390437,-0.41651402,34.385252,-0.41132997
sn2007ci,0.018599,34.476068,0.149282,34.50301,-0.026941608,34.498769,-0.022701102
sn1992bo,0.018902,34.68293,0.149087,34.538609,0.14432164,34.534671,0.14825915
sn2002kf,0.019581,34.742169,0.147459,34.61638,0.12578978,34.613119,0.12905022
sn2006ej,0.02039,34.748902,0.147727,34.705644,0.043257757,34.703176,0.045725573
sn2005ki,0.020396,34.69654,0.145393,34.706293,-0.0097526105,34.703831,-0.0072906325
sn1992bc,0.020792,34.611741,0.14683,34.748711,-0.13696948,34.746632,-0.13489042
sn2003w,0.020997,34.619272,0.145587,34.770358,-0.15108621,34.768476,-0.14920361
sn2002jy,0.021541,35.043998,0.145405,34.826809,0.21718829,34.825445,0.21855269
sn2007bc,0.021706,34.823241,0.146331,34.843653,-0.020412136,34.842446,-0.019205095
sn2006bq,0.021956,34.890393,0.145024,34.868938,0.021454654,34.867965,0.022427663
sn2008bf,0.022068,34.948236,0.144685,34.880173,0.068063109,34.879306,0.068929853
sn1995ak,0.022399,34.68654,0.149213,34.913054,-0.2265138,34.912495,-0.22595512
sn2006et,0.022466,34.775523,0.145994,34.91965,-0.14412698,34.919155,-0.14363135
sn2006mp,0.022629,35.162767,0.145184,34.935619,0.22714797,34.935276,0.22749178
sn2006ar,0.02298,35.101878,0.145076,34.969627,0.13225097,34.969607,0.1322712
sn2006cp,0.023321,34.824838,0.144025,35.002181,-0.17734312,35.002472,-0.17763432
sn2000ca,0.02336,34.999952,0.144317,35.005874,-0.0059219999,35.006201,-0.0062490773
sn2006ac,0.023471,35.012156,0.143695,35.016352,-0.0041959397,35.016781,-0.0046244794
sn2000cn,0.023552,34.97956,0.144309,35.023968,-0.044408101,35.02447,-0.044910077
sn2007f,0.02381,35.204577,0.144315,35.048055,0.15652146,35.04879,0.15578641
sn2007qe,0.023867,35.063685,0.14435,35.053342,0.010342706,35.054129,0.0095560019
sn1993h,0.023909,35.098082,0.145547,35.057229,0.040852133,35.058054,0.040027525
sn2006sr,0.024159,35.023661,0.14338,35.080234,-0.056572324,35.081281,-0.057620103
sn2005bg,0.024586,35.073339,0.142334,35.118988,-0.045648914,35.120415,-0.047076807
sn2002he,0.024725,35.193717,0.145176,35.13146,0.06225726,35.133012,0.06070532
sn2002bf,0.024746,34.819134,0.147523,35.133338,-0.31420382,35.134909,-0.31577438
sn1994m,0.024951,34.970533,0.145319,35.151593,-0.18106035,35.153344,-0.18281103
sn1992ag,0.025198,34.99283,0.148276,35.173394,-0.18056326,35.175361,-0.18253083
sn2007cq,0.025468,34.943635,0.143429,35.196986,-0.25335154,35.199188,-0.2555532
sn2005ms,0.026567,35.377692,0.142099,35.290545,0.087146766,35.29369,0.084002065
sn1999gp,0.026677,35.353986,0.142999,35.2997,0.054286253,35.302937,0.051048901
sn2005na,0.026881,35.274075,0.141195,35.31658,-0.042504431,35.319989,-0.045913466
sn2007co,0.027064,35.208077,0.141685,35.331615,-0.12353802,35.335178,-0.12710059
sn2004gs,0.027499,35.554208,0.140928,35.366959,0.18724821,35.370884,0.1833239
sn1992p,0.027637,35.512376,0.144083,35.378058,0.13431797,35.382096,0.1302804
sn1998ab,0.027688,34.989967,0.143171,35.382146,-0.39217912,35.386226,-0.39625876
sn2002de,0.027748,35.482228,0.141846,35.386945,0.095282836,35.391075,0.091153453
sn2003u,0.028561,35.339311,0.14269,35.450998,-0.11168661,35.455788,-0.11647739
sn2005eq,0.029086,35.610269,0.141059,35.491417,0.11885186,35.496628,0.11364031
sn2006qo,0.029526,35.436744,0.142005,35.524746,-0.088002014,35.530305,-0.093561556
sn1990o,0.030325,35.497775,0.143169,35.584044,-0.086269233,35.590225,-0.092450421
sn2001ba,0.030381,35.669209,0.142175,35.588142,0.081067039,35.594367,0.074842459
sn2003ch,0.030416,35.690108,0.140939,35.5907,0.099408462,35.596951,0.093156843
sn1997dg,0.030482,35.947597,0.1417,35.595515,0.35208224,35.601818,0.3457798
sn1996c,0.030721,35.590467,0.142617,35.612869,-0.022402096,35.619353,-0.028886736
sn2006bt,0.031484,35.80412,0.140272,35.667396,0.13672363,35.674458,0.12966241
sn2006az,0.031485,35.68697,0.140346,35.667467,0.019502681,35.674529,0.012440716
sn2007bd,0.031638,35.584368,0.14121,35.678246,-0.093877142,35.685421,-0.10105284
sn1999cc,0.031764,35.633256,0.140686,35.687083,-0.053827,35.694353,-0.06109677
sn2004as,0.032538,35.8802,0.14043,35.740633,0.13956684,35.748471,0.13172912
sn2004l,0.033173,35.745515,0.143111,35.783645,-0.038129146,35.79194,-0.046424564
sn2006s,0.033255,35.96312,0.139885,35.78914,0.17397953,35.797494,0.16562575
sn2006gr,0.033614,35.91306,0.139809,35.813045,0.1000153,35.821653,0.091406939
sn2005iq,0.034074,36.012203,0.138969,35.843314,0.16888945,35.852244,0.15995876
sn2005eu,0.034781,35.901769,0.141596,35.889066,0.012702721,35.898484,0.0032848196
sn1996bl,0.034854,35.742786,0.141007,35.893738,-0.15095245,35.903206,-0.16042024
sn2003iv,0.034971,36.008294,0.140126,35.901207,0.10708697,35.910754,0.097539669
sn1992bg,0.035218,35.883836,0.14465,35.916894,-0.033058667,35.926609,-0.042772902
sn2002hd,0.035755,35.691602,0.142258,35.950633,-0.25903034,35.960706,-0.26910376
SDSS17784,0.03652,36.08076,0.115396,35.997853,0.082907302,36.008428,0.072332249
sn2000cf,0.036934,36.125246,0.140956,36.023006,0.10224005,36.033848,0.091398225
sn2006nz,0.03695,36.067055,0.114021,36.023973,0.043082216,36.034825,0.032230105
sn2006mo,0.036969,36.135765,0.141722,36.02512,0.11064499,36.035984,0.099780682
sn2001eh,0.037075,36.029637,0.139296,36.03151,-0.0018730287,36.042442,-0.012805178
sn2002hu,0.038086,36.047263,0.138952,36.091579,-0.044316266,36.103146,-0.05588328
sn1999aw,0.039083,36.261874,0.139901,36.149315,0.11255911,36.161489,0.10038535
sn2003fa,0.039219,36.157637,0.138984,36.157079,0.00055753139,36.169335,-0.011697773
sn2001az,0.040259,36.35703,0.142119,36.215602,0.14142789,36.228467,0.12856238
sn2005lz,0.040689,36.276362,0.139014,36.23937,0.036992225,36.252482,0.023880391
sn1992bh,0.041657,36.527303,0.141016,36.291995,0.23530737,36.305649,0.22165389
sn1992bl,0.0424,36.296029,0.142756,36.331588,-0.03555915,36.345645,-0.049616634
SDSS10805,0.04413,36.27164,0.11486,36.421226,-0.14958591,36.436184,-0.16454407
SDSS14279,0.04428,36.292702,0.113705,36.428837,-0.13613469,36.44387,-0.15116828
sn2005hc,0.04492,36.564561,0.111373,36.46103,0.10353048,36.476381,0.088179392
sn2004gu,0.046856,36.447889,0.137271,36.555777,-0.10788751,36.572043,-0.12415351
sn1995ac,0.048984,36.350468,0.139079,36.65564,-0.30517189,36.672834,-0.32236593
sn1993ag,0.049325,36.589362,0.140167,36.671251,-0.081889154,36.688587,-0.099224452
sn1990af,0.049519,36.643828,0.139446,36.680086,-0.036258645,36.697501,-0.053673403
sn1993o,0.053126,36.846507,0.139575,36.838529,0.0079779737,36.857303,-0.010795312
sn1998dx,0.05386,36.749621,0.140685,36.869495,-0.11987431,36.888518,-0.13889678
sn1999ao,0.054931,37.041519,0.143919,36.913956,0.12756307,36.933326,0.10819302
SDSS19968,0.05499,36.903421,0.112893,36.916381,-0.012959956,36.935769,-0.032348558
SDSS6558,0.05634,37.006419,0.112867,36.971191,0.035227163,36.99099,0.015428837
SDSS14318,0.05654,36.864026,0.122398,36.979204,-0.11517742,36.99906,-0.13503394
SDSS17745,0.05874,37.218674,0.114585,37.06558,0.15309355,37.086034,0.13263973
sn2006ob,0.059289,37.049891,0.111086,37.08665,-0.036759197,37.107241,-0.057350133
sn2006oa,0.060959,37.14167,0.11093,37.149605,-0.0079351039,37.170584,-0.028913853
SDSS3901,0.062818,37.129647,0.112357,37.217765,-0.088117848,37.239125,-0.10947803
sn2007ae,0.062961,37.139126,0.140212,37.222927,-0.083800883,37.244314,-0.10518809
sn1992bs,0.063345,37.416847,0.141293,37.236734,0.18011322,37.258193,0.15865452
SDSS10028,0.064229,37.197295,0.112975,37.268217,-0.070921739,37.289832,-0.092536607
sn2006an,0.065193,37.374426,0.139912,37.302078,0.072347461,37.32385,0.050575413
SDSS6057,0.06651,37.294806,0.112612,37.347571,-0.052765515,37.369536,-0.074730603
sn2006al,0.069122,37.617081,0.145157,37.435298,0.18178343,37.457573,0.15950801
sn2006on,0.069751,37.294725,0.111409,37.455949,-0.16122419,37.478285,-0.18356041
sn1993b,0.070153,37.383197,0.146379,37.469054,-0.085857305,37.491426,-0.10822942
SDSS17240,0.07153,37.392019,0.157968,37.513406,-0.12138679,37.535885,-0.14386578
SDSS17880,0.07195,37.342194,0.112772,37.526771,-0.18457682,37.549278,-0.20708336
sn1992ae,0.074579,37.484462,0.141947,37.608775,-0.12431341,37.631403,-0.14694086
sn2005ir,0.07487,37.600639,0.110074,37.617682,-0.017042907,37.640317,-0.039678205
SDSS19155,0.07592,37.770136,0.112389,37.649547,0.12058922,37.672202,0.097933552
sn1999bp,0.078317,37.726108,0.138307,37.720741,0.0053666223,37.743393,-0.017284898
SDSS17186,0.07849,38.035737,0.113854,37.725799,0.3099376,37.748448,0.28728893
sn1992bp,0.07884,37.541851,0.138584,37.735999,-0.19414774,37.758641,-0.21678937
SDSS12779,0.07891,37.822083,0.117766,37.738034,0.084049314,37.760674,0.061409195
SDSS12898,0.07997,37.842822,0.112109,37.768638,0.074183709,37.791248,0.051574067
sn2005ag,0.080103,37.667141,0.136253,37.772451,-0.10530987,37.795055,-0.12791463
SDSS12950,0.08133,37.935407,0.111814,37.807343,0.12806373,37.829895,0.10551195
SDSS12781,0.08304,38.065672,0.115125,37.855144,0.21052864,37.877594,0.18807833
SDSS722,0.08522,37.970228,0.128423,37.914743,0.055484677,37.937019,0.033208828
SDSS3592,0.08528,37.928381,0.111932,37.916363,0.012017928,37.938633,-0.010252318
SDSS21502,0.08784,37.989534,0.112907,37.984484,0.0050497727,38.006486,-0.016952554
SDSS1241,0.08889,37.936103,0.11251,38.011881,-0.075777915,38.033754,-0.09765164
SDSS19899,0.09007,38.021375,0.111899,38.042305,-0.020929809,38.064022,-0.042647029
SDSS17258,0.0901,37.828996,0.124187,38.043074,-0.21407734,38.064787,-0.23579036
SDSS774,0.09243,38.160297,0.122156,38.102037,0.058260018,38.123403,0.036894111
SDSS18241,0.09391,38.333255,0.11374,38.138763,0.19449214,38.159884,0.17337105
SDSS2102,0.09401,38.212454,0.112725,38.141225,0.071229186,38.162328,0.050125353
SDSS16185,0.09582,38.280928,0.112716,38.185357,0.095570839,38.206135,0.074793012
SDSS13038,0.10264,38.528458,0.113322,38.344857,0.18360091,38.364182,0.16427555
SDSS10434,0.10289,38.47728,0.114221,38.350511,0.12676894,38.369777,0.10750311
SDSS13135,0.10337,38.400372,0.111598,38.361332,0.039039803,38.380482,0.019889306
SDSS20064,0.10391,38.25769,0.112416,38.373448,-0.11575805,38.392467,-0.13477707
SDSS14816,0.10589,38.259627,0.112285,38.417374,-0.15774728,38.435895,-0.1762685
SDSS18697,0.10602,38.388928,0.111682,38.420231,-0.031303024,38.438718,-0.049790614
SDSS20625,0.10667,38.529439,0.112607,38.434466,0.094973114,38.452784,0.076654438
SDSS18375,0.10725,38.205555,0.111743,38.447098,-0.24154339,38.465264,-0.25970888
SDSS21034,0.10751,38.544067,0.112402,38.452741,0.091326657,38.470837,0.073230283
SDSS7147,0.10924,38.548224,0.112096,38.489959,0.05826525,38.507585,0.040639133
SDSS18650,0.11271,38.715163,0.112009,38.562967,0.15219527,38.579603,0.13555993
SDSS11067,0.11304,38.632945,0.112246,38.5698,0.063144857,38.586338,0.046606882
SDSS18612,0.11368,38.434426,0.111953,38.582998,-0.14857196,38.599346,-0.16491991
SDSS16641,0.11389,38.794576,0.113093,38.587313,0.2072624,38.603598,0.19097743
SDSS16619,0.11402,38.462485,0.11346,38.589981,-0.12749568,38.606227,-0.14374169
SDSS5395,0.11635,38.729957,0.111949,38.637316,0.092640885,38.652851,0.077106157
SDSS8719,0.11651,38.672468,0.113022,38.640533,0.031934365,38.656018,0.01644954
SDSS2561,0.11741,38.700061,0.112518,38.658556,0.041505075,38.673759,0.026301791
SDSS19953,0.11767,38.741727,0.111671,38.663739,0.077988941,38.67886,0.062867394
SDSS16259,0.11771,38.640093,0.113079,38.664535,-0.024442244,38.679644,-0.039551093
SDSS1371,0.11771,38.527971,0.11196,38.664535,-0.13656332,38.679644,-0.15167217
SDSS14871,0.11845,38.812895,0.111824,38.679221,0.13367398,38.694095,0.11879994
SDSS18298,0.11863,38.416553,0.127194,38.682781,-0.26622764,38.697597,-0.28104426
SDSS13894,0.11966,38.95985,0.113363,38.703051,0.25679826,38.717537,0.24231261
SDSS13044,0.11967,38.837411,0.112171,38.703247,0.13416378,38.71773,0.11968135
SDSS5549,0.11967,38.717946,0.111976,38.703247,0.014698915,38.71773,0.00021649163
SDSS12860,0.12044,38.780122,0.113463,38.718293,0.061828984,38.732526,0.047596438
SDSS19543,0.12164,38.946145,0.112462,38.741563,0.20458231,38.755402,0.19074317
SDSS18835,0.12262,38.707357,0.11183,38.760407,-0.053050439,38.773921,-0.066564541
SDSS16021,0.12276,38.737216,0.112478,38.763087,-0.025871047,38.776555,-0.039338459
SDSS21669,0.12281,38.662602,0.129766,38.764044,-0.10144194,38.777495,-0.1148927
SDSS2916,0.12303,38.721556,0.119632,38.768249,-0.046692931,38.781626,-0.060070221
SDSS6406,0.12376,38.686488,0.111795,38.782151,-0.095663,38.795284,-0.10879544
SDSS20470,0.1244,38.959303,0.113068,38.794276,0.16502648,38.807193,0.15211016
06D2fb,0.125298,38.812432,0.085713,38.811191,0.0012413486,38.823802,-0.011369883
SDSS13005,0.12593,38.931494,0.157613,38.823028,0.10846586,38.835423,0.096070591
SDSS2992,0.12608,38.626104,0.113495,38.825829,-0.1997251,38.838173,-0.21206893
SDSS744,0.12649,38.834716,0.118731,38.83347,0.0012465666,38.845673,-0.010956422
SDSS18855,0.12715,38.872201,0.111895,38.84572,0.026480529,38.857696,0.014505327
SDSS16069,0.12739,38.792596,0.113191,38.850161,-0.057564735,38.862053,-0.069456952
SDSS18809,0.12837,38.870821,0.112485,38.86821,0.0026111216,38.879762,-0.0089404141
SDSS22075,0.12893,38.840284,0.113756,38.878466,-0.038182499,38.889822,-0.049538418
SDSS1032,0.12903,38.873791,0.115931,38.880294,-0.0065027285,38.891615,-0.017823731
SDSS5751,0.12953,38.807645,0.112137,38.889409,-0.081764558,38.900555,-0.092910239
SDSS20084,0.12961,39.141727,0.113865,38.890865,0.25086185,38.901982,0.23974438
SDSS18415,0.12961,38.956012,0.113841,38.890865,0.065147479,38.901982,0.054030004
SDSS17280,0.13045,39.199031,0.147057,38.906096,0.29293411,38.916918,0.28211254
SDSS14108,0.13243,39.234972,0.112393,38.94164,0.29333183,38.951759,0.28321338
SDSS18602,0.13362,39.077669,0.113865,38.962764,0.11490489,38.972457,0.10521232
SDSS15508,0.13392,38.966034,0.111798,38.968062,-0.0020278993,38.977647,-0.011612869
SDSS15234,0.13508,39.242322,0.113196,38.988442,0.25387953,38.997609,0.24471251
SDSS17629,0.13588,38.873391,0.113673,39.002403,-0.12901158,39.01128,-0.13788933
SDSS19775,0.13668,38.995995,0.113428,39.016287,-0.020291464,39.024874,-0.028879137
SDSS17366,0.13811,38.981395,0.112284,39.040916,-0.05952094,39.048984,-0.067588192
SDSS15171,0.13818,39.048423,0.11186,39.042116,0.0063073468,39.050158,-0.0017344029
SDSS17208,0.13864,39.36218,0.119461,39.049985,0.31219502,39.057858,0.30432115
SDSS12928,0.13868,39.066861,0.116765,39.050668,0.016193142,39.058527,0.0083338498
SDSS1794,0.14139,39.200636,0.113002,39.096523,0.10411226,39.10339,0.097245892
SDSS14437,0.14265,39.13653,0.112226,39.117565,0.018964793,39.123968,0.012561857
SDSS2635,0.1431,39.139085,0.112072,39.125038,0.014046632,39.131276,0.0078093916
SDSS13796,0.1436,39.058163,0.111766,39.133316,-0.075152914,39.139369,-0.081205919
SDSS17497,0.14382,39.107025,0.111949,39.13695,-0.02992481,39.142921,-0.035896638
SDSS8921,0.14401,39.137892,0.114616,39.140084,-0.0021921622,39.145986,-0.0080940581
SDSS16073,0.14468,39.430541,0.112388,39.151105,0.27943669,39.156759,0.27378201
SDSS14024,0.14478,39.128046,0.114439,39.152746,-0.024699815,39.158363,-0.03031763
SDSS17605,0.14533,39.165471,0.119235,39.161751,0.0037192337,39.167166,-0.0016957021
SDSS11300,0.14547,38.873755,0.113737,39.164039,-0.29028343,39.169402,-0.29564659
SDSS21062,0.14564,39.482628,0.114307,39.166813,0.31581419,39.172114,0.31051376
SDSS19940,0.14582,39.01236,0.112189,39.169748,-0.1573878,39.174982,-0.16262182
SDSS12930,0.14607,39.310932,0.117074,39.173818,0.13711372,39.17896,0.13197204
SDSS2308,0.148,39.305036,0.111944,39.205025,0.10001092,39.209454,0.095581864
SDSS21510,0.14839,39.153355,0.11378,39.211285,-0.057929103,39.21557,-0.062214193
SDSS16116,0.1486,39.394763,0.112448,39.214649,0.18011416,39.218856,0.17590671
SDSS13736,0.14901,39.262975,0.112283,39.221205,0.041770418,39.225261,0.037714328
SDSS16206,0.15065,39.118932,0.113842,39.247261,-0.1283291,39.250712,-0.13178014
SDSS2031,0.15186,39.204258,0.112035,39.266317,-0.062059884,39.269323,-0.065065019
SDSS15132,0.15295,39.375366,0.111718,39.283363,0.092003214,39.285967,0.089399282
SDSS19353,0.15322,39.272281,0.113617,39.287568,-0.015286826,39.290073,-0.017791573
SDSS18323,0.15363,39.448143,0.115274,39.29394,0.15420236,39.296294,0.15184831
SDSS17253,0.15463,39.371679,0.1715,39.309416,0.062263559,39.311403,0.060276594
SDSS5550,0.15473,39.335028,0.111655,39.310958,0.024069662,39.312909,0.022119397
SDSS18030,0.15506,39.511723,0.118308,39.316042,0.19568121,39.317871,0.19385187
SDSS18740,0.15575,39.142044,0.111931,39.326639,-0.18459507,39.328215,-0.18617174
SDSS16165,0.15596,39.343842,0.112725,39.329855,0.013986935,39.331355,0.012487079
SDSS13354,0.15653,39.221901,0.113012,39.338565,-0.11666447,39.339857,-0.11795597
SDSS17171,0.15895,39.372873,0.145393,39.37522,-0.0023471051,39.375631,-0.0027573979
SDSS15425,0.15935,39.113679,0.111983,39.381229,-0.2675504,39.381494,-0.26781558
SDSS17825,0.15999,39.420751,0.113136,39.390814,0.029936764,39.390847,0.029903449
SDSS3317,0.15999,39.263229,0.113095,39.390814,-0.12758543,39.390847,-0.12761874
SDSS2689,0.16035,39.250122,0.114045,39.39619,-0.14606746,39.396093,-0.1459706
SDSS5103,0.1605,39.327255,0.113217,39.398427,-0.071171352,39.398275,-0.071020272
SDSS13411,0.1618,39.568869,0.120879,39.41773,0.15113882,39.41711,0.15175853
SDSS20430,0.16284,39.558532,0.114429,39.43307,0.1254627,39.432077,0.12645575
SDSS19174,0.16357,39.286594,0.114386,39.443783,-0.15718894,39.442528,-0.15593464
SDSS20764,0.16387,39.453797,0.113522,39.448173,0.0056247421,39.446811,0.0069861713
SDSS3087,0.1644,39.365084,0.11306,39.45591,-0.09082527,39.454359,-0.08927486
SDSS19616,0.16455,39.387664,0.113442,39.458095,-0.070431535,39.456491,-0.068827739
SDSS12843,0.16565,39.202247,0.118455,39.474066,-0.27181906,39.472072,-0.26982462
SDSS12853,0.16817,39.333731,0.116716,39.510287,-0.17655663,39.507405,-0.17367445
SDSS15897,0.16869,39.544445,0.116161,39.517699,0.026745848,39.514635,0.029809946
05D3ne,0.169455,39.580732,0.088415,39.528564,0.052167338,39.525233,0.055498133
SDSS12856,0.17028,39.584277,0.112043,39.540231,0.044046562,39.536613,0.047663857
SDSS12855,0.17063,39.435724,0.114853,39.545164,-0.10944003,39.541426,-0.10570155
SDSS17220,0.17066,39.397723,0.115012,39.545587,-0.14786353,39.541838,-0.14411468
SDSS17389,0.1707,39.808694,0.115438,39.54615,0.26254398,39.542387,0.26630665
SDSS15453,0.17373,39.836681,0.114314,39.588458,0.24822277,39.583657,0.25302425
SDSS3080,0.17374,39.463768,0.112831,39.588597,-0.12482887,39.583792,-0.120024
SDSS15648,0.17383,39.525192,0.122163,39.589843,-0.064650766,39.585008,-0.059815341
SDSS14421,0.17386,39.700435,0.112491,39.590258,0.11017714,39.585413,0.11502275
SDSS12927,0.17415,39.359493,0.118918,39.594269,-0.23477572,39.589325,-0.22983169
SDSS19969,0.1742,39.514497,0.113041,39.59496,-0.080462394,39.589999,-0.075501418
SDSS19282,0.17558,39.635173,0.113152,39.613956,0.021217691,39.608529,0.026644363
SDSS18807,0.17625,39.745679,0.113139,39.623128,0.12255091,39.617477,0.12820226
SDSS14979,0.17653,39.625476,0.11256,39.626952,-0.0014764333,39.621207,0.0042685013
SDSS18604,0.17656,39.813561,0.113509,39.627362,0.18619972,39.621607,0.19195468
SDSS15365,0.17656,39.786039,0.113446,39.627362,0.15867744,39.621607,0.1644324
SDSS17274,0.17658,40.146933,0.1635,39.627635,0.51929867,39.621873,0.52506032
SDSS15583,0.17706,39.666107,0.113873,39.634175,0.031931427,39.628253,0.037853088
SDSS17218,0.17757,39.634082,0.114576,39.641106,-0.0070242584,39.635015,-0.00093313304
SDSS14451,0.17789,39.574974,0.112906,39.645446,-0.070472279,39.639249,-0.064275133
SDSS5635,0.1781,40.052473,0.117139,39.64829,0.40418327,39.642024,0.41044988
SDSS15461,0.17865,39.697223,0.113319,39.655724,0.041498474,39.649276,0.047946523
SDSS2372,0.17962,39.562818,0.113572,39.668783,-0.10596503,39.662017,-0.099198648
SDSS6936,0.17969,39.686965,0.113497,39.669723,0.017241649,39.662934,0.024030935
SDSS13254,0.17981,39.981137,0.120493,39.671334,0.3098034,39.664505,0.31663191
SDSS14284,0.18037,39.447761,0.112763,39.678836,-0.23107534,39.671825,-0.22406431
SDSS13045,0.18055,39.543292,0.118342,39.681243,-0.13795129,39.674174,-0.13088173
SDSS20048,0.18056,39.793426,0.117002,39.681377,0.11204948,39.674304,0.11912228
SDSS17215,0.18079,39.621278,0.117616,39.684449,-0.063170945,39.677302,-0.05602348
SDSS15443,0.18122,39.590054,0.112167,39.690183,-0.10012853,39.682896,-0.092841822
SDSS17332,0.18204,39.584028,0.115898,39.701082,-0.11705414,39.693531,-0.10950312
SDSS6422,0.18255,39.764285,0.112208,39.707839,0.056445935,39.700124,0.064160518
SDSS16281,0.18255,39.62761,0.114391,39.707839,-0.080229056,39.700124,-0.072514473
SDSS17168,0.18257,39.842601,0.115147,39.708103,0.13449768,39.700382,0.14221866
SDSS14984,0.1828,39.834222,0.115225,39.711144,0.12307805,39.70335,0.13087259
SDSS1580,0.18322,39.566101,0.114206,39.716688,-0.15058719,39.70876,-0.14265868
SDSS8213,0.18327,39.569065,0.117564,39.717347,-0.14828204,39.709403,-0.14033761
SDSS15421,0.18435,39.851818,0.112927,39.731546,0.12027238,39.723259,0.12855915
05D2ah,0.185371,39.794575,0.085522,39.744898,0.04967686,39.73629,0.058284603
SDSS19101,0.18563,39.658661,0.11449,39.748274,-0.089612633,39.739585,-0.080923892
SDSS5994,0.18581,39.82584,0.114889,39.750618,0.07522162,39.741873,0.083966554
SDSS21861,0.18655,39.624409,0.121972,39.760232,-0.13582279,39.751257,-0.12684773
SDSS18749,0.18667,39.720546,0.114334,39.761788,-0.041241457,39.752776,-0.032229202
SDSS20687,0.18772,39.620767,0.118492,39.775361,-0.1545938,39.766025,-0.14525776
SDSS6304,0.18965,39.711922,0.113593,39.800128,-0.088206653,39.790205,-0.078283075
SDSS762,0.1901,39.961754,0.114249,39.80587,0.1558843,39.795811,0.16594343
SDSS18804,0.19084,39.750769,0.112617,39.815284,-0.064514412,39.805003,-0.054233541
SDSS16276,0.19176,39.870269,0.114367,39.826941,0.043328492,39.816386,0.053882939
SDSS18787,0.19191,40.161918,0.114568,39.828837,0.33308088,39.818238,0.34367971
SDSS16618,0.19198,39.705824,0.114573,39.829721,-0.12389727,39.819101,-0.11327775
SDSS2440,0.19215,40.019265,0.114217,39.831867,0.18739839,39.821197,0.19806811
SDSS16100,0.19392,39.899804,0.117691,39.854108,0.045695854,39.842921,0.056883412
SDSS2246,0.19422,39.859825,0.11684,39.85786,0.0019656182,39.846585,0.013240076
SDSS20575,0.19465,39.588541,0.114454,39.863227,-0.27468572,39.851828,-0.26328714
SDSS19149,0.19494,39.551078,0.11376,39.866841,-0.31576277,39.855359,-0.30428079
SDSS16099,0.1958,39.968351,0.113084,39.877528,0.090822328,39.8658,0.10255026
SDSS15674,0.19654,40.006128,0.117701,39.88669,0.11943856,39.874752,0.13137642
SDSS18768,0.19671,40.079696,0.118689,39.88879,0.19090589,39.876804,0.20289177
SDSS15129,0.19699,39.844063,0.114008,39.892245,-0.048182181,39.880181,-0.036117424
SDSS13070,0.19709,39.980877,0.116183,39.893478,0.087398708,39.881386,0.099491587
SDSS15901,0.19794,39.955027,0.114551,39.903936,0.05109133,39.891605,0.063422056
SDSS15222,0.19801,39.775762,0.115064,39.904795,-0.12903301,39.892445,-0.11668278
SDSS19658,0.19863,40.022234,0.116081,39.912394,0.1098397,39.899872,0.12236195
SDSS17811,0.19867,39.987938,0.114249,39.912884,0.075054029,39.90035,0.087587344
SDSS16737,0.1988,39.742162,0.124264,39.914474,-0.17231173,39.901905,-0.1597425
SDSS13305,0.19959,40.002195,0.115206,39.924118,0.078077518,39.911331,0.090863938
SDSS6780,0.20061,39.850487,0.120729,39.936517,-0.086030702,39.923453,-0.072966568
SDSS15872,0.20203,39.91546,0.117009,39.953683,-0.038222395,39.940237,-0.024776779
SDSS7243,0.20231,39.997872,0.117808,39.957054,0.040817337,39.943534,0.054337467
SDSS16032,0.20318,40.030084,0.114994,39.967503,0.062580322,39.953753,0.076330482
SDSS14212,0.20399,40.015354,0.114245,39.977195,0.038159063,39.963232,0.052121344
SDSS18965,0.20466,40.025888,0.115117,39.985184,0.040704245,39.971048,0.054840501
SDSS17801,0.20515,40.189933,0.131465,39.991012,0.1989208,39.976749,0.21318342
SDSS20581,0.20554,39.977925,0.114345,39.995641,-0.01771653,39.981279,-0.0033538388
SDSS19913,0.20557,40.064992,0.114899,39.995997,0.068994988,39.981627,0.083365354
SDSS13152,0.2056,39.725076,0.113718,39.996353,-0.27127649,39.981975,-0.25689845
SDSS15201,0.20704,40.382853,0.117479,40.013371,0.36948147,39.998628,0.3842247
SDSS13641,0.20852,40.053077,0.114386,40.03075,0.022327418,40.015638,0.037439421
SDSS15467,0.2091,39.965702,0.115699,40.037529,-0.071826794,40.022274,-0.056572122
SDSS13425,0.20953,39.97229,0.131221,40.042544,-0.070253956,40.027184,-0.054894169
SDSS16473,0.2096,40.098031,0.115465,40.043359,0.054671843,40.027983,0.070048683
04D1dc,0.210032,39.940759,0.085765,40.048387,-0.1076276,40.032905,-0.092145825
SDSS19425,0.21025,40.06196,0.128931,40.05092,0.011039742,40.035385,0.026574269
SDSS15259,0.21054,39.946447,0.11424,40.054286,-0.10783871,40.038682,-0.092234274
SDSS17875,0.21075,40.325716,0.116152,40.056721,0.26899521,40.041066,0.28465014
SDSS14157,0.21082,39.870705,0.11447,40.057532,-0.18682676,40.04186,-0.17115504
SDSS7847,0.21134,39.893376,0.115658,40.06355,-0.17017388,40.047754,-0.15437788
SDSS6933,0.21163,39.953113,0.114069,40.0669,-0.11378783,40.051036,-0.097922856
SDSS2330,0.21179,40.41951,0.124547,40.068747,0.35076302,40.052844,0.3666659
SDSS18466,0.21226,40.021027,0.115112,40.074164,-0.053136972,40.05815,-0.037123126
SDSS14331,0.2126,40.27207,0.116607,40.078076,0.19399377,40.061982,0.21008747
SDSS8495,0.21295,40.048138,0.121443,40.082097,-0.033959056,40.065921,-0.017783522
SDSS18927,0.21323,39.856819,0.117876,40.085309,-0.22849048,40.069068,-0.21224978
SDSS20364,0.21382,40.133128,0.11761,40.092065,0.041062549,40.075688,0.057439825
SDSS7473,0.21457,40.213491,0.114262,40.100629,0.11286209,40.084079,0.12941137
SDSS15203,0.21468,40.01396,0.114437,40.101882,-0.087922419,40.085308,-0.071348031
SDSS14019,0.21513,40.506169,0.120494,40.107005,0.39916394,40.090328,0.41584055
SDSS17435,0.21674,40.224268,0.115124,40.125252,0.099015761,40.108215,0.11605293
SDSS9467,0.21698,40.362519,0.124622,40.127961,0.23455727,40.110871,0.2516475
SDSS19008,0.21757,40.022694,0.11934,40.13461,-0.11191653,40.11739,-0.094696625
SDSS5533,0.21829,40.130614,0.114544,40.142702,-0.012088079,40.125325,0.0052886199
SDSS7512,0.21835,40.22788,0.116348,40.143375,0.084504759,40.125985,0.10189444
SDSS18940,0.21861,40.034787,0.114762,40.14629,-0.11150342,40.128844,-0.094057548
SDSS20144,0.21865,40.151814,0.11463,40.146738,0.0050755792,40.129284,0.022530082
05D3kx,0.219462,40.124424,0.085341,40.15582,-0.031395958,40.138192,-0.013767497
SDSS19230,0.21955,39.855575,0.119543,40.156803,-0.30122784,40.139156,-0.28358064
SDSS13727,0.21971,40.207089,0.115514,40.158588,0.048501154,40.140907,0.066182322
SDSS15433,0.21976,40.191425,0.114935,40.159146,0.032279273,40.141454,0.049971047
SDSS16793,0.22058,40.047012,0.138465,40.168275,-0.12126265,40.15041,-0.10339804
SDSS15354,0.22068,39.987392,0.119891,40.169386,-0.18199372,40.1515,-0.16410817
SDSS15229,0.22256,40.271888,0.11527,40.19019,0.08169777,40.171917,0.099971116
SDSS14846,0.22328,40.220412,0.115872,40.198115,0.022296685,40.179696,0.040715605
SDSS13025,0.22351,40.301727,0.1168,40.200642,0.10108541,40.182177,0.11955052
SDSS19992,0.22452,40.485442,0.122907,40.211709,0.2737335,40.193043,0.2923994
SDSS19341,0.22667,40.166936,0.118938,40.235115,-0.068179554,40.216032,-0.04909673
SDSS13578,0.22668,40.208463,0.115846,40.235224,-0.026760303,40.216139,-0.0076755749
SDSS21033,0.22786,40.210809,0.11565,40.247983,-0.037174132,40.228676,-0.017866665
SDSS3452,0.22893,40.265744,0.115979,40.259501,0.0062429906,40.239995,0.025748654
SDSS13072,0.22916,40.240237,0.122097,40.26197,-0.021733422,40.242422,-0.0021855768
SDSS12881,0.2316,40.149821,0.118789,40.288027,-0.13820636,40.268042,-0.11822138
SDSS12971,0.2338,40.293871,0.115605,40.311306,-0.01743515,40.290942,0.0029283819
SDSS17223,0.23381,40.273987,0.118911,40.311411,-0.037424337,40.291046,-0.017059118
SDSS16350,0.23472,40.269667,0.116813,40.320981,-0.051314287,40.300464,-0.030796806
SDSS13511,0.23646,40.587645,0.117789,40.339185,0.24845921,40.318384,0.26926085
SDSS17884,0.23782,40.387909,0.116252,40.353328,0.034580826,40.332311,0.055598249
SDSS15868,0.24102,40.539081,0.116005,40.386316,0.15276535,40.364812,0.17426877
SDSS13506,0.24179,40.39325,0.122422,40.394193,-0.00094354661,40.372578,0.020672256
SDSS19023,0.24185,40.444511,0.114848,40.394806,0.049704324,40.373182,0.071328828
SDSS20111,0.24348,40.430191,0.118064,40.411403,0.018788625,40.389546,0.040645067
SDSS20088,0.24352,40.453641,0.113403,40.411809,0.041832463,40.389947,0.063694505
SDSS3377,0.24448,40.242662,0.115275,40.421534,-0.17887271,40.399539,-0.15687777
SDSS19990,0.24495,40.511808,0.119541,40.426283,0.085524699,40.404224,0.10758374
SDSS18486,0.2454,40.297824,0.114389,40.430822,-0.13299815,40.408702,-0.11087835
SDSS17464,0.24555,39.990067,0.116206,40.432333,-0.44226652,40.410193,-0.42012662
SDSS20039,0.24558,40.343133,0.118174,40.432635,-0.089501868,40.410491,-0.067357953
SDSS12977,0.24562,40.361734,0.115338,40.433038,-0.071304598,40.410889,-0.049155334
SDSS15466,0.24568,40.140192,0.120181,40.433642,-0.29345072,40.411485,-0.27129344
SDSS13835,0.24625,40.456468,0.114566,40.439375,0.017093192,40.417142,0.039326175
SDSS16352,0.24647,40.374093,0.115433,40.441584,-0.067490403,40.419322,-0.045228487
05D3mq,0.246492,40.460694,0.086206,40.441804,0.018889426,40.41954,0.041154228
SDSS15301,0.2466,40.097657,0.114128,40.442888,-0.34523078,40.420609,-0.32295181
SDSS15219,0.24695,40.564021,0.114812,40.446397,0.11762359,40.424073,0.1399482
SDSS15161,0.2485,40.380443,0.117491,40.461884,-0.081440854,40.439361,-0.058918198
SDSS3451,0.24851,40.265104,0.116195,40.461983,-0.19687951,40.439459,-0.1743556
SDSS16213,0.24857,40.517738,0.115731,40.462581,0.055157404,40.44005,0.077688818
SDSS17552,0.24862,40.526949,0.11712,40.463079,0.063869999,40.440541,0.086407665
SDSS15504,0.24947,40.594727,0.131353,40.47153,0.12319718,40.448887,0.14584026
SDSS3199,0.24961,40.809913,0.118164,40.472919,0.33699368,40.450259,0.35965391
SDSS16106,0.24973,40.447835,0.120462,40.47411,-0.02627509,40.451435,-0.0036001659
SDSS13689,0.25012,40.639639,0.116581,40.477975,0.16166402,40.455253,0.18438634
SDSS5717,0.25037,40.680298,0.115791,40.48045,0.19984826,40.457697,0.22260074
06D3gn,0.250498,40.482986,0.086012,40.481716,0.0012700235,40.458948,0.024037871
SDSS13655,0.25104,40.541741,0.119872,40.487071,0.054670286,40.464238,0.07750275
SDSS5736,0.25174,40.452095,0.115824,40.493971,-0.041875351,40.471056,-0.018960675
SDSS15440,0.25205,40.344868,0.11822,40.497021,-0.15215299,40.47407,-0.12920231
SDSS9032,0.25249,40.47259,0.126796,40.501344,-0.02875457,40.478343,-0.0057532676
SDSS14481,0.25351,40.821218,0.123692,40.51134,0.30987819,40.488224,0.33299476
SDSS18325,0.25356,40.55491,0.120869,40.511829,0.04308075,40.488707,0.066202899
SDSS9457,0.25539,40.496854,0.130119,40.529668,-0.032813948,40.506346,-0.0094922831
SDSS1112,0.25611,40.583198,0.12482,40.536654,0.046543733,40.513257,0.069941414
SDSS17340,0.25617,40.378298,0.119755,40.537236,-0.15893786,40.513832,-0.13553391
SDSS12972,0.25655,40.62415,0.12587,40.540915,0.083235318,40.517472,0.10667877
SDSS19207,0.25721,40.552203,0.121726,40.547293,0.0049097738,40.523782,0.02842094
SDSS6108,0.258,40.529043,0.117106,40.554908,-0.025865502,40.531318,-0.002274846
SDSS8046,0.25833,40.578072,0.119891,40.558083,0.019988926,40.53446,0.043612304
SDSS2017,0.26014,40.875812,0.122802,40.57543,0.3003828,40.551632,0.3241806
SDSS1253,0.26059,40.501317,0.120435,40.579725,-0.078408601,40.555885,-0.054568758
SDSS14298,0.2607,40.745154,0.117389,40.580774,0.16438022,40.556924,0.18823027
05D1hk,0.261984,40.466483,0.08739,40.592989,-0.12650533,40.569022,-0.10253855
04D3ez,0.263487,40.479682,0.08555,40.607217,-0.12753549,40.583119,-0.10343737
SDSS2422,0.26349,40.870308,0.115945,40.607246,0.26306223,40.583147,0.2871606
SDSS20345,0.26357,40.422532,0.11624,40.608001,-0.18546841,40.583896,-0.16136322
SDSS2943,0.26405,40.585497,0.117962,40.612528,-0.027031291,40.588382,-0.0028854694
SDSS13099,0.26451,40.702204,0.119638,40.616859,0.085345106,40.592675,0.10952933
SDSS6315,0.26576,40.564483,0.114629,40.628595,-0.064111289,40.604309,-0.039825352
SDSS18463,0.26665,40.640702,0.120817,40.636919,0.0037827086,40.612563,0.028138712
SDSS19002,0.2671,40.604091,0.116111,40.641119,-0.037028069,40.616728,-0.012637376
SDSS19702,0.26821,40.71525,0.121714,40.65145,0.063800204,40.626976,0.088274398
06D3fp,0.268489,40.601963,0.08555,40.65404,-0.052076864,40.629546,-0.027582186
SDSS18945,0.26856,40.816638,0.118128,40.654699,0.16193909,40.630199,0.18643897
03D4cj,0.268624,40.51915,0.086242,40.655293,-0.13614321,40.630788,-0.11163865
SDSS6192,0.27044,40.645286,0.118685,40.672087,-0.02680148,40.647454,-0.0021684918
SDSS15287,0.27258,40.638106,0.11421,40.691745,-0.053639355,40.666971,-0.028864999
SDSS15356,0.27447,40.540653,0.118156,40.70899,-0.16833702,40.684099,-0.14344656
SDSS4046,0.27544,40.676202,0.119548,40.717798,-0.04159583,40.692851,-0.016648919
SDSS16072,0.27549,40.672605,0.127184,40.718251,-0.045646845,40.693302,-0.020697083
SDSS12869,0.27653,40.572846,0.126014,40.727662,-0.15481656,40.702654,-0.12980868
SDSS4000,0.27745,40.839397,0.128283,40.73596,0.10343721,40.710903,0.12849451
SDSS17791,0.27749,41.403843,0.136665,40.73632,0.66752277,40.711261,0.69258218
SDSS18485,0.27822,40.787053,0.117336,40.742886,0.044166647,40.717789,0.069263858
SDSS5957,0.27852,40.849748,0.118155,40.745579,0.10416834,40.720467,0.12928076
SDSS6196,0.27916,40.440035,0.11948,40.751317,-0.31128172,40.726173,-0.28613747
SDSS14261,0.27952,40.591051,0.121901,40.754539,-0.16348785,40.729377,-0.13832611
SDSS17809,0.28051,40.649922,0.122739,40.76338,-0.11345744,40.738171,-0.088248938
SDSS15584,0.28111,40.673262,0.11753,40.768724,-0.09546205,40.743488,-0.070226252
SDSS20227,0.28243,40.843344,0.11747,40.780445,0.062899228,40.755152,0.088192501
06D3dt,0.28251,40.937694,0.085709,40.781154,0.15653995,40.755857,0.18183659
SDSS20040,0.28351,40.737908,0.118366,40.789997,-0.052089877,40.76466,-0.026752233
03D4ag,0.28361,40.703312,0.086683,40.79088,-0.087568108,40.765539,-0.062226446
SDSS19128,0.28543,41.0361,0.119195,40.806898,0.22920286,40.781487,0.25461359
SDSS2165,0.28662,41.098935,0.11978,40.81732,0.28161489,40.791868,0.30706725
SDSS13757,0.28742,40.98442,0.118845,40.824304,0.16011591,40.798826,0.1855947
SDSS16402,0.28845,40.365663,0.116661,40.833271,-0.46760811,40.80776,-0.44209705
SDSS2789,0.28872,40.849092,0.124095,40.835616,0.013475838,40.810097,0.038994973
SDSS21006,0.29021,40.763225,0.116557,40.848524,-0.085299105,40.822963,-0.059737607
SDSS19596,0.29135,40.819653,0.12122,40.858359,-0.038705956,40.832768,-0.013114882
03D3ba,0.291718,40.758243,0.093479,40.861526,-0.10328336,40.835926,-0.077683238
SDSS19818,0.29192,40.740149,0.124168,40.863264,-0.12311457,40.837658,-0.097509559
SDSS6249,0.29287,40.817174,0.119196,40.871418,-0.054244353,40.845791,-0.028617444
SDSS19027,0.2935,40.492773,0.120303,40.876812,-0.38403915,40.851172,-0.35839864
SDSS19604,0.29448,41.079777,0.140875,40.885182,0.19459479,40.859522,0.22025513
SDSS19794,0.29542,40.808155,0.134209,40.893187,-0.085031631,40.867509,-0.059353841
SDSS13610,0.29678,40.739246,0.117785,40.904727,-0.16548082,40.879026,-0.13978046
SDSS15057,0.29762,40.728258,0.131068,40.91183,-0.18357182,40.886117,-0.15785911
SDSS6137,0.29888,41.091218,0.124118,40.922451,0.16876745,40.896722,0.19449653
SDSS14735,0.30001,40.642617,0.119386,40.931941,-0.2893236,40.906199,-0.26358204
SDSS5391,0.30021,40.885371,0.128841,40.933617,-0.048246025,40.907873,-0.022502459
SDSS20245,0.30041,40.492716,0.125866,40.935292,-0.44257574,40.909547,-0.41683025
06D4dh,0.30159,41.067761,0.086081,40.945155,0.12260585,40.9194,0.14836148
SDSS7143,0.3024,41.002212,0.118973,40.951905,0.050306477,40.926144,0.076067782
SDSS12883,0.30569,40.541317,0.1459,40.979153,-0.43783656,40.953379,-0.41206237
SDSS15213,0.30632,41.040319,0.127264,40.98434,0.055978311,40.958566,0.081753135
SDSS19632,0.30702,41.04173,0.126631,40.990092,0.051637577,40.964317,0.077412445
SDSS6699,0.30915,41.183872,0.122358,41.007521,0.17635042,40.98175,0.20212119
SDSS5844,0.30929,41.122357,0.120483,41.008663,0.11369445,40.982893,0.13946471
SDSS16211,0.30933,40.890216,0.137464,41.008989,-0.11877308,40.983219,-0.093002967
SDSS21042,0.31065,40.901058,0.124489,41.019729,-0.11867073,40.993965,-0.092906614
SDSS15383,0.31088,41.04566,0.12279,41.021596,0.024064082,40.995833,0.049826932
SDSS6649,0.31288,41.020099,0.118305,41.037779,-0.017679687,41.01203,0.0080690441
SDSS20142,0.31468,40.743123,0.118861,41.052262,-0.30913958,41.026531,-0.28340792
SDSS15776,0.31646,41.028737,0.121555,41.066511,-0.037773731,41.0408,-0.012062886
SDSS18617,0.32038,41.090022,0.12816,41.097632,-0.0076097254,41.07198,0.018042095
SDSS7475,0.32045,41.20966,0.117246,41.098185,0.11147539,41.072534,0.13712601
05D2ab,0.324532,41.145546,0.086121,41.130217,0.015328669,41.104646,0.040899494
SDSS6924,0.3264,41.049397,0.11903,41.144753,-0.09535651,41.119225,-0.069827925
SDSS13830,0.32837,40.91823,0.134054,41.160001,-0.24177012,41.13452,-0.21628972
SDSS14456,0.32837,40.95845,0.124052,41.160001,-0.20155051,41.13452,-0.17607011
SDSS13934,0.32838,41.451418,0.136536,41.160078,0.29133986,41.134598,0.31682
SDSS4241,0.33051,41.221878,0.12568,41.176469,0.045409154,41.151045,0.07083309
03D1fc,0.330932,41.057624,0.086437,41.179705,-0.12208116,41.154293,-0.09666884
SDSS4679,0.33103,40.994302,0.136212,41.180456,-0.1861537,41.155046,-0.16074409
SDSS20106,0.33136,41.312067,0.135299,41.182983,0.12908403,41.157583,0.1544844
SDSS16093,0.33436,41.254482,0.132618,41.205852,0.048629066,41.18054,0.073941353
04D3kr,0.337534,41.247685,0.086047,41.229845,0.017840082,41.204633,0.043051282
SDSS2533,0.3388,41.30944,0.129777,41.239357,0.070083738,41.214188,0.095252477
04D3nh,0.34052,41.285303,0.0859,41.252228,0.033075794,41.227118,0.058185001
03D1bp,0.345928,41.411108,0.087263,41.292312,0.11879598,41.267403,0.14370515
05D2ie,0.349557,41.497971,0.086821,41.31889,0.17908144,41.294125,0.20384643
04D2mc,0.34956,41.044308,0.089792,41.318912,-0.27460351,41.294147,-0.24983865
05D2hc,0.35156,41.523688,0.086351,41.333451,0.19023721,41.308769,0.21491955
SDSS19067,0.35346,41.102633,0.125157,41.347194,-0.24456089,41.322592,-0.2199588
05D2mp,0.355261,41.574652,0.088265,41.360158,0.21449425,41.335633,0.23901868
03D3bl,0.35582,41.349554,0.087008,41.364169,-0.014614856,41.339669,0.0098851558
04D3fk,0.358336,41.265612,0.086303,41.382153,-0.1165411,41.357765,-0.09215257
04D2fs,0.35857,41.300602,0.086485,41.38382,-0.083217899,41.359442,-0.058839879
SDSS4577,0.36193,41.385403,0.13291,41.407644,-0.022240218,41.383419,0.0019846753
SDSS15704,0.36397,41.634053,0.127982,41.422009,0.21204417,41.397879,0.23617412
SDSS13136,0.36441,41.757434,0.131873,41.425098,0.33233579,41.400988,0.35644509
SDSS16232,0.36554,41.511378,0.137024,41.433014,0.078363052,41.408959,0.10241899
04D1hd,0.367904,41.603385,0.086082,41.449504,0.1538804,41.425561,0.1778235
SDSS14397,0.36941,41.776703,0.131466,41.459959,0.31674382,41.436088,0.34061419
SDSS18091,0.37013,41.457867,0.138604,41.464943,-0.0070765116,41.441108,0.01675889
05D4bm,0.370511,41.502519,0.086476,41.467577,0.034941619,41.44376,0.058758457
05D3jr,0.370531,41.401449,0.086626,41.467715,-0.066266276,41.443899,-0.042450412
04D2cf,0.370586,41.434925,0.095747,41.468095,-0.033170232,41.444282,-0.009357053
03D3ay,0.371443,41.572252,0.091326,41.47401,0.098242723,41.450238,0.122014
05D4fo,0.371508,41.548853,0.086225,41.474458,0.074395149,41.45069,0.098163239
05D4cw,0.373513,41.478103,0.086768,41.488244,-0.010140831,41.464575,0.013528524
SDSS15756,0.37835,42.112175,0.135103,41.521225,0.59094969,41.497797,0.61437742
SDSS7779,0.37986,41.476242,0.118539,41.531442,-0.055199985,41.508091,-0.031848562
SDSS11206,0.38026,41.674685,0.138121,41.534142,0.14054299,41.510811,0.16387414
SDSS15456,0.38047,41.140725,0.12548,41.535559,-0.39483369,41.512238,-0.3715132
SDSS18721,0.39135,41.584881,0.148848,41.607985,-0.023103893,41.585223,-0.00034263695
05D4ff,0.400485,41.549539,0.087548,41.66738,-0.11784151,41.645095,-0.095556454
SDSS19757,0.40128,41.390726,0.134806,41.67249,-0.28176374,41.650247,-0.25952024
06D3ed,0.404549,41.81249,0.086483,41.693405,0.11908579,41.671332,0.14115834
05D4dt,0.405478,41.859724,0.086962,41.69932,0.16040419,41.677296,0.18242816
06D4cq,0.40947,41.784188,0.086547,41.724597,0.059591056,41.702782,0.081406373
04D2fp,0.416632,41.805162,0.087194,41.769384,0.035778365,41.747942,0.057220327
05D2dw,0.418633,41.721512,0.087692,41.78177,-0.06025797,41.760432,-0.038919982
05D3cf,0.419569,41.926438,0.087595,41.787546,0.13889216,41.766256,0.16018158
04D4gg,0.422452,41.692885,0.08807,41.80526,-0.11237481,41.78412,-0.091234723
05D2cb,0.428646,42.081888,0.089103,41.842945,0.23894368,41.822124,0.25976448
04D1rh,0.434861,41.900171,0.087188,41.880256,0.019915053,41.859753,0.040417824
06D4co,0.435446,41.663732,0.086944,41.883743,-0.22001031,41.86327,-0.19953735
06D3df,0.442548,41.957619,0.08709,41.92573,0.031888777,41.905617,0.052001655
06D2gb,0.443668,41.858169,0.091594,41.932295,-0.074125663,41.912238,-0.054069276
03D3aw,0.449562,42.09792,0.091912,41.966591,0.13132864,41.946831,0.15108908
04D3gt,0.451556,41.668287,0.087828,41.9781,-0.30981326,41.95844,-0.29015246
04D2gb,0.451681,41.642176,0.088233,41.97882,-0.33664449,41.959166,-0.31698994
03D3cd,0.461274,42.021038,0.095948,42.033527,-0.012488936,42.014349,0.0066894691
05D3lc,0.461564,42.062843,0.087413,42.035165,0.027677695,42.016001,0.04684178
03D4au,0.466414,42.51309,0.09035,42.062409,0.45068175,42.043483,0.46960692
04D4jr,0.468406,42.095314,0.087451,42.073523,0.021791222,42.054695,0.040618559
04D4ju,0.470398,42.396229,0.088446,42.084593,0.31163652,42.065863,0.33036617
05D3mx,0.470573,42.080709,0.088704,42.085563,-0.0048543455,42.066842,0.013866728
04D3df,0.470586,41.962434,0.087988,42.085635,-0.12320148,42.066915,-0.10448104
05D2bv,0.475707,42.086819,0.087947,42.113886,-0.027066382,42.095416,-0.0085964417
05D3dd,0.480568,42.060041,0.088055,42.140443,-0.080402401,42.12221,-0.062169595
05D2ac,0.480704,42.047102,0.087736,42.141182,-0.094079974,42.122956,-0.075853793
05D1ix,0.4888,42.207458,0.08839,42.184854,0.022603889,42.167022,0.040435991
03D1ax,0.494795,42.21649,0.08811,42.216763,-0.00027303181,42.199222,0.017267489
05D4af,0.497379,42.25339,0.088758,42.230406,0.022983761,42.212991,0.040398553
06D2bk,0.500728,42.376417,0.089131,42.24799,0.1284264,42.230739,0.14567813
03D1au,0.503084,42.269525,0.088031,42.260296,0.0092290237,42.243159,0.026365947
05D4av,0.507371,42.213205,0.089015,42.28255,-0.069345029,42.265622,-0.052417317
05D2dy,0.511746,42.495409,0.088554,42.305081,0.19032835,42.288367,0.20704206
04D1pg,0.513793,42.442246,0.090087,42.315562,0.12668462,42.298948,0.143298
04D4in,0.514353,42.363951,0.088897,42.318422,0.04552836,42.301836,0.062114258
04D2mj,0.514746,42.560964,0.090306,42.320428,0.24053659,42.303861,0.2571032
05D3ci,0.515587,42.452603,0.106833,42.324715,0.12788791,42.30819,0.14441322
06D3el,0.519611,42.471136,0.088502,42.345139,0.12599652,42.328812,0.14232386
04D2gc,0.522762,42.482671,0.089115,42.36103,0.1216403,42.344858,0.13781213
06D2ca,0.532765,42.392305,0.08987,42.410892,-0.018586905,42.395217,-0.0029120359
06D2cc,0.533766,42.173706,0.09473,42.415833,-0.24212778,42.400209,-0.22650294
05D4ek,0.534335,42.165507,0.090128,42.418638,-0.25313146,42.403042,-0.23753509
05D4be,0.535327,42.500563,0.08873,42.423522,0.077040723,42.407975,0.092587418
05D2eb,0.535771,42.338122,0.091256,42.425705,-0.08758355,42.410181,-0.072059108
04D4bq,0.548325,42.164539,0.09145,42.486745,-0.32220611,42.471855,-0.30731606
06D4bo,0.550315,42.509848,0.089299,42.496301,0.013547447,42.481512,0.028335951
04D3hn,0.552605,42.229237,0.089654,42.507257,-0.27802011,42.492586,-0.26334879
06D2ck,0.553797,42.561602,0.091857,42.512943,0.048658302,42.498333,0.06326847
05D1ee,0.557743,42.486901,0.090291,42.531686,-0.04478561,42.517279,-0.030378597
05D1kl,0.558743,42.87907,0.092898,42.536416,0.3426536,42.522061,0.35700895
04D1hx,0.558746,42.443857,0.089573,42.53643,-0.092573088,42.522075,-0.078217895
05D1cc,0.562751,42.563852,0.090329,42.555295,0.0085562683,42.541148,0.022703805
05D1dn,0.564741,42.574373,0.089709,42.564622,0.0097507551,42.550579,0.023794666
05D2dt,0.575823,42.622597,0.091807,42.616007,0.0065899464,42.602546,0.02005135
06D3et,0.576612,42.548631,0.090075,42.61963,-0.070999012,42.60621,-0.057579432
03D4gf,0.578292,42.558,0.090072,42.627329,-0.069329353,42.613999,-0.055998983
05D1dx,0.578745,42.561135,0.089343,42.629401,-0.06826587,42.616095,-0.054959591
05D3jq,0.5796,42.549007,0.08931,42.633309,-0.084301433,42.620048,-0.071040665
05D3gp,0.580604,42.693325,0.09835,42.63789,0.055435238,42.624683,0.068642492
03D1aw,0.580724,42.83908,0.090132,42.638437,0.20064348,42.625236,0.21384434
04D1jg,0.582932,42.685053,0.09012,42.648484,0.036569212,42.635401,0.049652099
05D4ej,0.58329,42.873994,0.090793,42.65011,0.22388386,42.637046,0.23694758
04D1sa,0.583743,42.757778,0.091595,42.652166,0.10561232,42.639126,0.11865178
04D1kj,0.583743,42.611188,0.089495,42.652166,-0.040977976,42.639126,-0.02793851
05D1hm,0.585743,42.833794,0.092677,42.661224,0.17256978,42.648292,0.18550196
05D4bf,0.587285,42.693483,0.091452,42.668188,0.025294887,42.655339,0.038144157
04D1oh,0.588721,42.650725,0.091211,42.674658,-0.023932966,42.661886,-0.011161061
03D4gg,0.59028,42.586162,0.092935,42.681665,-0.095503167,42.668977,-0.082815431
04D2mh,0.591835,42.589256,0.090444,42.688637,-0.099381088,42.676034,-0.086777469
05D3lr,0.600603,42.592308,0.094433,42.727631,-0.13532263,42.715505,-0.1231965
05D4ef,0.603272,42.864607,0.092267,42.739395,0.12521216,42.727415,0.13719192
03D4dy,0.608261,42.760878,0.090819,42.761253,-0.00037477968,42.749548,0.011330111
05D2he,0.60986,42.798854,0.091831,42.768223,0.03063045,42.756607,0.042246917
04D3do,0.610643,42.861051,0.090588,42.77163,0.089420773,42.760057,0.10099388
03D1dt,0.610712,42.465879,0.092877,42.77193,-0.30605118,42.760361,-0.29448189
04D4an,0.611252,42.951574,0.095195,42.774277,0.17729726,42.762738,0.18883662
05D1ck,0.615698,42.769514,0.092238,42.793526,-0.024011456,42.782234,-0.012719158
04D3co,0.620632,42.825478,0.093091,42.814735,0.010743204,42.803718,0.021759992
04D2an,0.621874,42.72454,0.092366,42.820049,-0.095509167,42.809101,-0.084561943
03D4dh,0.625233,42.729026,0.091453,42.83437,-0.10534382,42.823611,-0.094585135
04D4fx,0.627239,42.802545,0.092195,42.842888,-0.040342597,42.832242,-0.029696796
05D1cb,0.630699,42.711701,0.091576,42.85752,-0.14581897,42.847069,-0.13536833
05D2ci,0.631882,42.281286,0.097524,42.862505,-0.58121943,42.852122,-0.57083564
03D4at,0.632234,42.975281,0.093125,42.863987,0.11129389,42.853623,0.12165777
04D1pu,0.637701,42.503968,0.100758,42.8869,-0.38293221,42.876846,-0.37287821
05D4ag,0.638234,42.708074,0.097915,42.889124,-0.18105014,42.879101,-0.17102642
05D2ec,0.641893,43.018975,0.093291,42.904345,0.11463048,42.894529,0.12444602
05D3ax,0.643642,42.943933,0.098759,42.911591,0.032341577,42.901875,0.042057425
04D3cy,0.643646,42.892942,0.094148,42.911608,-0.018665506,42.901892,-0.008949886
05D3lb,0.647639,42.890834,0.09193,42.928082,-0.037247261,42.918594,-0.027759672
05D3kt,0.64864,42.786103,0.092708,42.932196,-0.14609305,42.922766,-0.13666271
04D1sk,0.662058,42.92459,0.093186,42.986781,-0.062190981,42.978121,-0.053531024
05D3hs,0.664638,43.18447,0.094448,42.997156,0.18731394,42.988645,0.19582523
05D3mh,0.670654,43.026774,0.095777,43.021201,0.0055733747,43.013037,0.013737458
03D1co,0.677662,43.337486,0.098356,43.048955,0.28853147,43.041196,0.29629031
05D2bt,0.681942,43.093016,0.094158,43.065771,0.027245422,43.05826,0.034756455
06D3cc,0.683659,43.203449,0.115261,43.072489,0.13096006,43.065077,0.13837163
04D4ic,0.685179,43.080358,0.0983,43.078423,0.001935301,43.071099,0.0092587871
05D1ke,0.688656,43.020028,0.092298,43.091949,-0.071921084,43.084827,-0.064799141
06D3em,0.690652,42.857798,0.095502,43.099685,-0.24188699,43.092679,-0.23488078
03D4cz,0.693165,43.071513,0.100242,43.109395,-0.037881134,43.102534,-0.031020654
04D4ib,0.697164,43.20406,0.093324,43.124776,0.079283319,43.118148,0.085911852
06D4ba,0.698167,43.179661,0.101565,43.128621,0.051040063,43.122051,0.057610415
05D4bj,0.699166,42.995502,0.094894,43.132446,-0.13694372,43.125933,-0.13043132
05D4cq,0.699169,43.258556,0.094016,43.132457,0.12609884,43.125945,0.13261107
05D2ck,0.69996,43.115842,0.097048,43.135481,-0.01963962,43.129015,-0.013173273
04D1si,0.700631,42.962963,0.094362,43.138044,-0.17508173,43.131617,-0.1686543
04D4hu,0.701158,43.307463,0.094504,43.140056,0.16740782,43.133659,0.17380468
04D2iu,0.701965,42.881871,0.100028,43.143133,-0.2612615,43.136783,-0.25491145
05D2le,0.701969,43.120664,0.095463,43.143148,-0.022483967,43.136798,-0.01613415
05D3gv,0.715652,43.128067,0.096706,43.194815,-0.066748102,43.189258,-0.061191603
05D3jh,0.71868,43.114277,0.094949,43.206121,-0.091844736,43.20074,-0.086463638
04D1aj,0.719626,43.107985,0.095665,43.209644,-0.10165951,43.204318,-0.096333199
05D4ev,0.72014,43.215209,0.098164,43.211557,0.0036524515,43.20626,0.0089490038
06D3gh,0.72068,43.216773,0.098773,43.213564,0.003208992,43.208299,0.0084742791
06D3do,0.726679,43.257374,0.094974,43.235772,0.021602219,43.230853,0.026520386
06D3bz,0.727675,43.215658,0.099419,43.239442,-0.023783535,43.234581,-0.018922961
06D4bw,0.730128,43.012407,0.096543,43.24846,-0.23605305,43.243741,-0.23133426
04D1pp,0.733609,43.208172,0.094433,43.261209,-0.053036573,43.256691,-0.048518858
04D2gp,0.733996,43.50824,0.1029,43.262622,0.24561728,43.258127,0.25011265
05D2fq,0.734996,43.403144,0.095665,43.266272,0.13687192,43.261834,0.14130956
05D1eo,0.735608,43.304036,0.096764,43.268503,0.035532464,43.264101,0.039934785
05D2ct,0.736007,43.172548,0.104933,43.269957,-0.09740875,43.265578,-0.093029454
05D3jk,0.73669,43.259919,0.093659,43.272444,-0.012524766,43.268104,-0.0081848759
04D2ja,0.742008,43.820507,0.103483,43.291731,0.52877526,43.287698,0.53280856
04D3fq,0.742697,43.211895,0.097111,43.294221,-0.082325442,43.290227,-0.07833184
05D3jb,0.745665,43.297634,0.094967,43.304918,-0.0072840019,43.301095,-0.0034612779
04D2kr,0.746118,43.093092,0.095641,43.306547,-0.21345565,43.302751,-0.20965899
04D4im,0.7491,42.910163,0.096075,43.317248,-0.40708497,43.313623,-0.40345982
04D3ks,0.750681,43.04048,0.099406,43.322905,-0.2824251,43.31937,-0.27889081
04D3oe,0.756687,43.727246,0.095935,43.344291,0.38295594,43.341101,0.38614547
05D2nt,0.75903,43.411082,0.09556,43.352589,0.058493066,43.349534,0.061548293
06D3gx,0.760691,43.435126,0.101218,43.358458,0.076668574,43.355497,0.079628656
05D3mn,0.760698,43.193176,0.094664,43.358482,-0.16530628,43.355523,-0.1623466
05D4cn,0.761089,43.332429,0.09585,43.359862,-0.027432476,43.356925,-0.024495184
05D1if,0.76158,43.291607,0.096723,43.361593,-0.069986146,43.358684,-0.067076964
04D1qd,0.765588,43.282321,0.09633,43.375687,-0.093366426,43.373007,-0.090686523
04D1de,0.76659,43.678049,0.096641,43.3792,0.29884979,43.376577,0.30147243
05D3hh,0.766684,43.427868,0.103932,43.379529,0.048338841,43.376912,0.050956105
04D4id,0.767075,43.882533,0.101187,43.380898,0.5016346,43.378303,0.50422953
04D1pc,0.768587,43.284981,0.097274,43.386187,-0.10120596,43.383678,-0.098697392
05D4bi,0.773081,43.681452,0.098805,43.401847,0.27960509,43.399595,0.28185727
04D1jd,0.776594,43.159032,0.098366,43.414028,-0.254996,43.411976,-0.25294395
05D4cs,0.78806,43.561544,0.096033,43.453419,0.1081248,43.452019,0.10952563
03D4fd,0.789054,43.514773,0.099608,43.456808,0.057964738,43.455464,0.059309256
04D1ks,0.796552,42.985147,0.098413,43.48224,-0.49709291,43.481319,-0.49617243
03D1fq,0.798566,43.584978,0.101777,43.489031,0.09594609,43.488225,0.096752887
05D3dh,0.800697,42.89614,0.098997,43.4962,-0.60005997,43.495513,-0.59937335
05D3ha,0.805695,43.141352,0.106396,43.51294,-0.37158862,43.512535,-0.37118343
05D3cx,0.805696,43.54754,0.09721,43.512944,0.034596655,43.512539,0.035001789
05D4gw,0.806041,43.404381,0.105158,43.514096,-0.10971493,43.51371,-0.1093292
05D4dy,0.808048,43.991993,0.101592,43.520787,0.47120604,43.520514,0.47147894
04D4dm,0.809032,43.398908,0.101626,43.524062,-0.12515426,43.523844,-0.12493664
04D3ny,0.81072,43.319459,0.105587,43.529671,-0.21021128,43.529548,-0.21008844
04D3mk,0.813696,43.764969,0.099177,43.539532,0.22543694,43.539576,0.22539285
04D3nc,0.817732,43.747459,0.101608,43.55285,0.19460918,43.55312,0.19433904
06D2ce,0.822103,43.537252,0.104677,43.567202,-0.0299495,43.567716,-0.030464011
04D3lu,0.822697,43.731099,0.100111,43.569147,0.16195249,43.569694,0.16140481
05D1cl,0.828528,43.943345,0.100853,43.588165,0.35517986,43.589038,0.35430698
05D4fg,0.837004,43.768646,0.100539,43.615581,0.15306565,43.616925,0.15172156
04D2al,0.838126,43.483006,0.113632,43.619189,-0.13618369,43.620596,-0.13759003
Elvis,0.839734,43.46181,0.112754,43.624353,-0.16254358,43.625849,-0.16403908
05D4hn,0.840005,43.197607,0.103903,43.625223,-0.42761606,43.626733,-0.42912657
05D1az,0.840522,43.607144,0.101288,43.626881,-0.019736162,43.62842,-0.021275326
06D2ga,0.842123,43.6951,0.112024,43.632008,0.063092255,43.633636,0.061464419
06D4ce,0.847985,43.832645,0.110575,43.650701,0.1819436,43.652653,0.17999162
04D1hy,0.848509,43.675838,0.10052,43.652366,0.023471665,43.654347,0.02149075
05D3kp,0.850729,43.818657,0.098855,43.659409,0.15924782,43.661512,0.1571444
05D4dw,0.852994,43.554866,0.101921,43.666576,-0.11170952,43.668804,-0.11393781
05D1er,0.858507,43.497432,0.106173,43.683943,-0.18651085,43.686475,-0.18904255
04D1ff,0.858513,43.252618,0.101579,43.683962,-0.43134366,43.686494,-0.43387568
05D1iz,0.858516,44.064145,0.11645,43.683971,0.38017417,43.686503,0.37764197
04D4ii,0.863978,43.657487,0.1039,43.701071,-0.043584593,43.703903,-0.046416648
05D1em,0.864497,43.79925,0.102986,43.702691,0.096559338,43.705551,0.093698828
03D1ew,0.866494,43.652949,0.106037,43.708913,-0.055964159,43.711883,-0.058934098
05D2nn,0.872152,43.980618,0.119167,43.726467,0.25415125,43.729746,0.25087181
04D4bk,0.877971,43.973804,0.103099,43.744405,0.22939921,43.748002,0.22580228
05D3cq,0.890729,43.813231,0.103551,43.783332,0.029898756,43.787623,0.025608676
05D2by,0.893183,43.89875,0.106138,43.790758,0.10799249,43.795181,0.10356954
03D4di,0.896944,43.849449,0.109618,43.802099,0.0473497,43.806726,0.042723426
05D3ht,0.901736,44.064275,0.111342,43.816483,0.24779225,43.821368,0.24290742
04D3gx,0.910752,44.093128,0.112202,43.843345,0.24978367,43.848714,0.24441395
04D1ow,0.913473,43.886202,0.104751,43.8514,0.034801231,43.856916,0.029285577
05D2bw,0.92221,43.815627,0.117626,43.877109,-0.06148249,43.883092,-0.067465433
05D2ay,0.922221,43.56967,0.117413,43.877142,-0.3074721,43.883125,-0.31345563
03D4cy,0.924917,44.05598,0.125384,43.885027,0.1709533,43.891154,0.16482597
05D2ob,0.92622,43.84699,0.111056,43.888829,-0.041839702,43.895026,-0.048036452
04D4jy,0.927909,44.175982,0.121275,43.893751,0.28223077,43.900038,0.27594409
04D4ih,0.931901,44.156423,0.111047,43.905349,0.25107465,43.911848,0.24457571
06D2cd,0.932229,43.790117,0.130385,43.906299,-0.11618246,43.912816,-0.12269881
04D4hf,0.9339,43.862922,0.126556,43.911138,-0.048215702,43.917743,-0.054820762
Vilas,0.935774,43.618621,0.119916,43.916554,-0.29793323,43.923258,-0.30463768
05D3la,0.936755,43.836807,0.108686,43.919385,-0.082578164,43.926142,-0.089334614
03D4cx,0.94689,43.32103,0.115036,43.948465,-0.62743511,43.955757,-0.63472722
04D1pd,0.948455,43.625089,0.112213,43.952928,-0.32783867,43.960302,-0.33521325
04D3ml,0.950763,44.237097,0.112327,43.959497,0.27760038,43.966993,0.2701043
04D4jw,0.958871,44.34431,0.125337,43.98245,0.3618606,43.990372,0.35393886
05D3km,0.96074,44.315234,0.112338,43.987714,0.32751992,43.995733,0.31950031
04D3nr,0.960751,43.581363,0.116274,43.987745,-0.40638172,43.995765,-0.41440191
Patuxent,0.970782,44.732088,0.118744,44.015826,0.71626276,44.024369,0.70771898
Ombo,0.97423,44.192459,0.118033,44.025412,0.16704688,44.034135,0.15832379
05D2my,0.98328,43.992852,0.114718,44.050417,-0.057564122,44.059609,-0.066756281
04D1rx,0.983407,44.202384,0.114131,44.050766,0.15161844,44.059965,0.14241971
04D3lp,0.983777,43.807878,0.14188,44.051783,-0.24390538,44.061001,-0.25312323
04D1iv,0.99639,44.253642,0.112483,44.086239,0.16740273,44.096107,0.15753526
06D4cl,0.997826,44.013808,0.115855,44.090135,-0.07632695,44.100076,-0.086268079
04D3dd,1.002795,44.235108,0.13731,44.103572,0.13153584,44.113768,0.12134028
Eagle,1.020807,44.380255,0.118836,44.151737,0.22851744,44.162849,0.21740573
04D4dw,1.0288,44.23321,0.1248,44.172843,0.060367819,44.184358,0.048852693
06D3en,1.060801,44.114142,0.132013,44.255747,-0.14160454,44.268857,-0.15471517
Gabi,1.12085,44.518694,0.121686,44.404827,0.11386761,44.420845,0.09784957
Lancaster,1.230892,44.816045,0.128558,44.658426,0.1576192,44.679477,0.13656814
Torngasek,1.265901,44.760726,0.128614,44.734354,0.026371831,44.756927,0.003798389
Aphrodite,1.299106,44.804213,0.128055,44.804439,-0.00022606003,44.828422,-0.024209011
