Name,zcmb,mu_obs,e_mu_obs,mu_model_lcdm,residual_lcdm,mu_model_QRSFv3,residual_QRSFv3
sn1999ac,0.01006,33.076313,0.174566,33.256951,-0.18063781,32.746945,0.3293681
sn2004s,0.010291,33.121922,0.173593,33.30663,-0.18470749,32.796689,0.32523328
sn1997do,0.01055,33.243687,0.17309,33.361035,-0.11734784,32.851165,0.39252199
sn2002dp,0.010888,33.394833,0.169021,33.430071,-0.035237917,32.920296,0.47453729
sn2006bh,0.011184,33.418357,0.166533,33.488805,-0.070448043,32.979112,0.43924448
sn2005al,0.012317,34.043068,0.16145,33.700216,0.34285199,33.190838,0.85223087
sn2001ep,0.013324,33.655632,0.158624,33.872524,-0.21689242,33.363425,0.29220661
sn1999dq,0.013533,33.4709,0.158393,33.906666,-0.43576601,33.397625,0.073275469
sn2002ha,0.013652,33.839835,0.157774,33.925874,-0.086038348,33.416865,0.42297041
sn2001bt,0.014151,33.705787,0.157186,34.004649,-0.29886179,33.495778,0.21000852
sn1997e,0.014256,33.855479,0.1564,34.020874,-0.1653951,33.512033,0.3434459
sn1992al,0.014411,33.837916,0.156643,34.044612,-0.20669531,33.535813,0.3021032
sn1999dk,0.01444,33.737233,0.157099,34.049025,-0.31179184,33.540234,0.19699883
sn2005bo,0.014467,33.887535,0.154784,34.053126,-0.16559131,33.544343,0.34319208
sn2001fe,0.014575,34.021211,0.155333,34.069454,-0.048242947,33.5607,0.46051017
sn2006n,0.0147,34.085762,0.155008,34.088202,-0.0024401791,33.579484,0.50627806
sn2005kc,0.01496,33.980505,0.153548,34.126702,-0.14619718,33.618055,0.36244984
sn2005el,0.015154,34.106559,0.153758,34.154998,-0.048439633,33.646406,0.46015316
sn2004eo,0.015469,33.821144,0.153515,34.200191,-0.37904756,33.691685,0.12945848
sn2001en,0.015482,33.99586,0.154168,34.202037,-0.2061762,33.693534,0.30232619
sn2001cn,0.015487,33.856674,0.153742,34.202746,-0.34607141,33.694245,0.16242959
sn2001bf,0.015504,33.940834,0.153374,34.205156,-0.26432203,33.69666,0.24417422
sn2001cz,0.015554,33.994274,0.153417,34.21223,-0.21795528,33.703747,0.29052707
sn1999aa,0.015573,34.202002,0.153276,34.214912,-0.012909451,33.706435,0.49556764
sn1994s,0.015664,34.062095,0.154751,34.227713,-0.1656183,33.719261,0.34283377
sn2004ey,0.015678,34.159785,0.151905,34.229676,-0.069891463,33.721228,0.43855679
sn2001v,0.015791,33.855547,0.152742,34.245458,-0.38991112,33.73704,0.11850652
sn2006td,0.015999,34.303185,0.153171,34.274214,0.028971505,33.765854,0.53733104
sn1996bv,0.016966,34.007209,0.153258,34.403233,-0.39602396,33.89514,0.11206903
sn2006ax,0.017387,34.395547,0.148936,34.457149,-0.061601636,33.949172,0.44637538
sn1998v,0.01745,34.146628,0.150702,34.465106,-0.31847771,33.957146,0.18948211
sn2000dk,0.017483,34.199729,0.150122,34.469263,-0.26953364,33.961312,0.23841722
sn1998ef,0.017672,33.973923,0.150611,34.492921,-0.51899842,33.985022,-0.011099705
sn2007ci,0.018599,34.476068,0.149282,34.605457,-0.12938876,34.097813,0.37825487
sn1992bo,0.018902,34.68293,0.149087,34.641044,0.041886577,34.133483,0.54944745
sn2002kf,0.019581,34.742169,0.147459,34.718787,0.023382059,34.211414,0.53075597
sn2006ej,0.02039,34.748902,0.147727,34.808019,-0.059117479,34.300867,0.44803452
sn2005ki,0.020396,34.69654,0.145393,34.808668,-0.1121276,34.301517,0.39502274
sn1992bc,0.020792,34.611741,0.14683,34.85107,-0.23932858,34.344028,0.2677133
sn2003w,0.020997,34.619272,0.145587,34.872709,-0.25343711,34.365723,0.25354883
sn2002jy,0.021541,35.043998,0.145405,34.929138,0.1148592,34.422301,0.6216964
sn2007bc,0.021706,34.823241,0.146331,34.945976,-0.12273453,34.439184,0.38405707
sn2006bq,0.021956,34.890393,0.145024,34.971251,-0.080857788,34.464527,0.42586599
sn2008bf,0.022068,34.948236,0.144685,34.982481,-0.034244771,34.475788,0.47244795
sn1995ak,0.022399,34.68654,0.149213,35.015348,-0.32880845,34.508746,0.17779418
sn2006et,0.022466,34.775523,0.145994,35.021942,-0.2464189,34.515358,0.26016514
sn2006mp,0.022629,35.162767,0.145184,35.037905,0.12486264,34.531366,0.63140189
sn2006ar,0.02298,35.101878,0.145076,35.071899,0.029979718,34.565455,0.53642315
sn2006cp,0.023321,34.824838,0.144025,35.104439,-0.27960072,34.598088,0.22674988
sn2000ca,0.02336,34.999952,0.144317,35.10813,-0.10817801,34.60179,0.39816181
sn2006ac,0.023471,35.012156,0.143695,35.118604,-0.10644747,34.612294,0.39986188
sn2000cn,0.023552,34.97956,0.144309,35.126216,-0.14665638,34.619929,0.35963091
sn2007f,0.02381,35.204577,0.144315,35.150293,0.054283519,34.644076,0.56050054
sn2007qe,0.023867,35.063685,0.14435,35.155577,-0.09189293,34.649376,0.41430843
sn1993h,0.023909,35.098082,0.145547,35.159463,-0.061381811,34.653274,0.44480806
sn2006sr,0.024159,35.023661,0.14338,35.182457,-0.1587963,34.676335,0.34732588
sn2005bg,0.024586,35.073339,0.142334,35.221194,-0.14785575,34.715189,0.35815011
sn2002he,0.024725,35.193717,0.145176,35.233661,-0.039943931,34.727693,0.46602362
sn2002bf,0.024746,34.819134,0.147523,35.235538,-0.41640416,34.729577,0.089557638
sn1994m,0.024951,34.970533,0.145319,35.253786,-0.28325249,34.747879,0.22265367
sn1992ag,0.025198,34.99283,0.148276,35.275576,-0.28274546,34.769737,0.22309326
sn2007cq,0.025468,34.943635,0.143429,35.299158,-0.35552296,34.793392,0.15024275
sn2005ms,0.026567,35.377692,0.142099,35.392672,-0.01498046,34.887206,0.490486
sn1999gp,0.026677,35.353986,0.142999,35.401823,-0.047836577,34.896386,0.45760014
sn2005na,0.026881,35.274075,0.141195,35.418694,-0.14461907,34.913313,0.36076226
sn2007co,0.027064,35.208077,0.141685,35.433723,-0.2256453,34.928391,0.27968626
sn2004gs,0.027499,35.554208,0.140928,35.469049,0.085158393,34.963836,0.59037191
sn1992p,0.027637,35.512376,0.144083,35.480143,0.032233643,34.974966,0.53741007
sn1998ab,0.027688,34.989967,0.143171,35.484228,-0.4942614,34.979066,0.010901181
sn2002de,0.027748,35.482228,0.141846,35.489025,-0.0067970004,34.983879,0.49834912
sn2003u,0.028561,35.339311,0.14269,35.553045,-0.21373383,35.048119,0.29119217
sn2005eq,0.029086,35.610269,0.141059,35.593443,0.016825744,35.088659,0.52160938
sn2006qo,0.029526,35.436744,0.142005,35.626754,-0.19001046,35.122089,0.31465414
sn1990o,0.030325,35.497775,0.143169,35.68602,-0.18824563,35.181571,0.31620322
sn2001ba,0.030381,35.669209,0.142175,35.690116,-0.020907091,35.185683,0.48352649
sn2003ch,0.030416,35.690108,0.140939,35.692672,-0.0025642527,35.188248,0.5018598
sn1997dg,0.030482,35.947597,0.1417,35.697485,0.25011219,35.193079,0.75451835
sn1996c,0.030721,35.590467,0.142617,35.714829,-0.12436261,35.210487,0.37997938
sn2006bt,0.031484,35.80412,0.140272,35.769326,0.034793788,35.26519,0.53892963
sn2006az,0.031485,35.68697,0.140346,35.769397,-0.082427119,35.265261,0.42170846
sn2007bd,0.031638,35.584368,0.14121,35.780169,-0.19580083,35.276075,0.30829372
sn1999cc,0.031764,35.633256,0.140686,35.789002,-0.15574559,35.284941,0.34831473
sn2004as,0.032538,35.8802,0.14043,35.842521,0.037679281,35.338669,0.54153131
sn2004l,0.033173,35.745515,0.143111,35.885507,-0.13999118,35.381826,0.36368975
sn2006s,0.033255,35.96312,0.139885,35.890999,0.072120776,35.38734,0.57577974
sn2006gr,0.033614,35.91306,0.139809,35.914889,-0.0018290295,35.411327,0.50173333
sn2005iq,0.034074,36.012203,0.138969,35.945139,0.067063583,35.441701,0.57050236
sn2005eu,0.034781,35.901769,0.141596,35.990864,-0.089094781,35.487615,0.41415429
sn1996bl,0.034854,35.742786,0.141007,35.995533,-0.25274701,35.492303,0.25048238
sn2003iv,0.034971,36.008294,0.140126,36.002997,0.0052971114,35.499799,0.50849513
sn1992bg,0.035218,35.883836,0.14465,36.018674,-0.13483863,35.515542,0.36829323
sn2002hd,0.035755,35.691602,0.142258,36.052391,-0.36078873,35.549403,0.14219908
SDSS17784,0.03652,36.08076,0.115396,36.09958,-0.018820405,35.596797,0.48396271
sn2000cf,0.036934,36.125246,0.140956,36.124717,0.00052895295,35.622045,0.50320136
sn2006nz,0.03695,36.067055,0.114021,36.125683,-0.058628236,35.623015,0.44403986
sn2006mo,0.036969,36.135765,0.141722,36.12683,0.0089353106,35.624167,0.51159829
sn2001eh,0.037075,36.029637,0.139296,36.133215,-0.10357844,35.630581,0.39905608
sn2002hu,0.038086,36.047263,0.138952,36.193244,-0.14598111,35.69088,0.35638335
sn1999aw,0.039083,36.261874,0.139901,36.25094,0.010934239,35.748842,0.51303294
sn2003fa,0.039219,36.157637,0.138984,36.258699,-0.10106184,35.756636,0.40100035
sn2001az,0.040259,36.35703,0.142119,36.317179,0.039850253,35.815394,0.54163549
sn2005lz,0.040689,36.276362,0.139014,36.34093,-0.06456816,35.83926,0.43710268
sn1992bh,0.041657,36.527303,0.141016,36.393517,0.13378581,35.892103,0.63519954
sn1992bl,0.0424,36.296029,0.142756,36.43308,-0.13705088,35.931863,0.3641655
SDSS10805,0.04413,36.27164,0.11486,36.522648,-0.25100823,36.02189,0.24974986
SDSS14279,0.04428,36.292702,0.113705,36.530253,-0.23755101,36.029534,0.26316754
sn2005hc,0.04492,36.564561,0.111373,36.562421,0.0021398493,36.061871,0.5026891
sn2004gu,0.046856,36.447889,0.137271,36.657089,-0.20920047,36.157051,0.29083797
sn1995ac,0.048984,36.350468,0.139079,36.756868,-0.4063995,36.257389,0.09307916
sn1993ag,0.049325,36.589362,0.140167,36.772465,-0.18310309,36.273076,0.31628606
sn1990af,0.049519,36.643828,0.139446,36.781292,-0.13746481,36.281954,0.36187348
sn1993o,0.053126,36.846507,0.139575,36.939591,-0.093083575,36.441196,0.40531098
sn1998dx,0.05386,36.749621,0.140685,36.970527,-0.2209064,36.472324,0.27729652
sn1999ao,0.054931,37.041519,0.143919,37.014945,0.0265739,36.517021,0.52449797
SDSS19968,0.05499,36.903421,0.112893,37.017367,-0.11394675,36.519459,0.3839619
SDSS6558,0.05634,37.006419,0.112867,37.072124,-0.065705512,36.574566,0.43185218
SDSS14318,0.05654,36.864026,0.122398,37.080128,-0.21610208,36.582623,0.28140372
SDSS17745,0.05874,37.218674,0.114585,37.166417,0.052257055,36.669481,0.5491927
sn2006ob,0.059289,37.049891,0.111086,37.187464,-0.13757371,36.69067,0.35922005
sn2006oa,0.060959,37.14167,0.11093,37.250353,-0.10868269,36.75399,0.38767984
SDSS3901,0.062818,37.129647,0.112357,37.318438,-0.18879096,36.822554,0.30709296
sn2007ae,0.062961,37.139126,0.140212,37.323594,-0.18446825,36.827747,0.31137878
sn1992bs,0.063345,37.416847,0.141293,37.337386,0.079461227,36.841638,0.57520961
SDSS10028,0.064229,37.197295,0.112975,37.368834,-0.17153832,36.873312,0.32398311
sn2006an,0.065193,37.374426,0.139912,37.402656,-0.028230506,36.907382,0.46704377
SDSS6057,0.06651,37.294806,0.112612,37.448096,-0.15329074,36.953159,0.3416465
sn2006al,0.069122,37.617081,0.145157,37.535719,0.081362777,37.041448,0.57563361
sn2006on,0.069751,37.294725,0.111409,37.556345,-0.26161968,37.062234,0.23249117
sn1993b,0.070153,37.383197,0.146379,37.569434,-0.1862367,37.075425,0.30777189
SDSS17240,0.07153,37.392019,0.157968,37.61373,-0.22171107,37.120071,0.2719479
SDSS17880,0.07195,37.342194,0.112772,37.627079,-0.28488429,37.133526,0.20866815
sn1992ae,0.074579,37.484462,0.141947,37.708978,-0.2245157,37.21609,0.26837164
sn2005ir,0.07487,37.600639,0.110074,37.717872,-0.11723354,37.225059,0.37558026
SDSS19155,0.07592,37.770136,0.112389,37.749695,0.020440574,37.257146,0.51298973
sn1999bp,0.078317,37.726108,0.138307,37.820794,-0.094686151,37.328848,0.39726013
SDSS17186,0.07849,38.035737,0.113854,37.825845,0.20989174,37.333942,0.70179464
sn1992bp,0.07884,37.541851,0.138584,37.836031,-0.2941796,37.344216,0.19763545
SDSS12779,0.07891,37.822083,0.117766,37.838063,-0.015979753,37.346265,0.47581777
SDSS12898,0.07997,37.842822,0.112109,37.868625,-0.025802986,37.377093,0.46572898
sn2005ag,0.080103,37.667141,0.136253,37.872432,-0.20529124,37.380933,0.28620737
SDSS12950,0.08133,37.935407,0.111814,37.907275,0.028131403,37.416084,0.51932322
SDSS12781,0.08304,38.065672,0.115125,37.955008,0.11066465,37.464243,0.60142987
SDSS722,0.08522,37.970228,0.128423,38.01452,-0.04429222,37.524297,0.44593079
SDSS3592,0.08528,37.928381,0.111932,38.016137,-0.087756564,37.525929,0.4024515
SDSS21502,0.08784,37.989534,0.112907,38.084156,-0.094622486,37.594583,0.39495132
SDSS1241,0.08889,37.936103,0.11251,38.111511,-0.17540823,37.622197,0.31390605
SDSS19899,0.09007,38.021375,0.111899,38.141888,-0.12051303,37.652865,0.36851027
SDSS17258,0.0901,37.828996,0.124187,38.142656,-0.31365936,37.65364,0.17535653
SDSS774,0.09243,38.160297,0.122156,38.201526,-0.041229006,37.713083,0.44721378
SDSS18241,0.09391,38.333255,0.11374,38.238193,0.095062149,37.750113,0.5831421
SDSS2102,0.09401,38.212454,0.112725,38.240651,-0.02819681,37.752595,0.45985864
SDSS16185,0.09582,38.280928,0.112716,38.284711,-0.0037829565,37.797098,0.48382984
SDSS13038,0.10264,38.528458,0.113322,38.443939,0.084518939,37.957982,0.57047538
SDSS10434,0.10289,38.47728,0.114221,38.449583,0.027696936,37.963687,0.51359298
SDSS13135,0.10337,38.400372,0.111598,38.460385,-0.060013087,37.974605,0.42576709
SDSS20064,0.10391,38.25769,0.112416,38.47248,-0.21478944,37.98683,0.27086052
SDSS14816,0.10589,38.259627,0.112285,38.516326,-0.25669983,38.031153,0.2284736
SDSS18697,0.10602,38.388928,0.111682,38.519178,-0.13025039,38.034036,0.35489176
SDSS20625,0.10667,38.529439,0.112607,38.533387,-0.0039483978,38.048401,0.48103776
SDSS18375,0.10725,38.205555,0.111743,38.545997,-0.3404418,38.06115,0.14440515
SDSS21034,0.10751,38.544067,0.112402,38.551629,-0.0075614172,38.066844,0.47722324
SDSS7147,0.10924,38.548224,0.112096,38.588778,-0.040553984,38.104408,0.44381658
SDSS18650,0.11271,38.715163,0.112009,38.661649,0.053514041,38.178105,0.53705748
SDSS11067,0.11304,38.632945,0.112246,38.668468,-0.035523246,38.185003,0.44794176
SDSS18612,0.11368,38.434426,0.111953,38.681641,-0.24721463,38.198328,0.23609848
SDSS16641,0.11389,38.794576,0.113093,38.685948,0.10862808,38.202685,0.59189129
SDSS16619,0.11402,38.462485,0.11346,38.68861,-0.22612483,38.205378,0.25710755
SDSS5395,0.11635,38.729957,0.111949,38.735852,-0.0058956906,38.253172,0.47678513
SDSS8719,0.11651,38.672468,0.113022,38.739064,-0.06659584,38.256421,0.4160471
SDSS2561,0.11741,38.700061,0.112518,38.75705,-0.056989379,38.27462,0.42544109
SDSS19953,0.11767,38.741727,0.111671,38.762223,-0.0204952,38.279853,0.46187403
SDSS16259,0.11771,38.640093,0.113079,38.763017,-0.12292479,38.280658,0.35943498
SDSS1371,0.11771,38.527971,0.11196,38.763017,-0.23504587,38.280658,0.2473139
SDSS14871,0.11845,38.812895,0.111824,38.777674,0.035220823,38.295489,0.51740619
SDSS18298,0.11863,38.416553,0.127194,38.781227,-0.36467365,38.299084,0.11746933
SDSS13894,0.11966,38.95985,0.113363,38.801456,0.15839316,38.319556,0.64029381
SDSS5549,0.11967,38.717946,0.111976,38.801652,-0.083705796,38.319754,0.3981925
SDSS13044,0.11967,38.837411,0.112171,38.801652,0.035759067,38.319754,0.51765737
SDSS12860,0.12044,38.780122,0.113463,38.816667,-0.036545161,38.33495,0.44517227
SDSS19543,0.12164,38.946145,0.112462,38.839889,0.10625578,38.358453,0.58769184
SDSS18835,0.12262,38.707357,0.11183,38.858695,-0.15133807,38.377488,0.3298685
SDSS16021,0.12276,38.737216,0.112478,38.86137,-0.12415313,38.380196,0.3570207
SDSS21669,0.12281,38.662602,0.129766,38.862324,-0.19972204,38.381162,0.2814401
SDSS2916,0.12303,38.721556,0.119632,38.86652,-0.1449643,38.38541,0.33614641
SDSS6406,0.12376,38.686488,0.111795,38.880394,-0.19390542,38.399453,0.28703476
SDSS20470,0.1244,38.959303,0.113068,38.892493,0.066809449,38.411702,0.54760023
06D2fb,0.125298,38.812432,0.085713,38.909373,-0.096940067,38.428791,0.3836414
SDSS13005,0.12593,38.931494,0.157613,38.921184,0.010309496,38.44075,0.49074387
SDSS2992,0.12608,38.626104,0.113495,38.923979,-0.29787551,38.44358,0.18252396
SDSS744,0.12649,38.834716,0.118731,38.931604,-0.096887599,38.4513,0.38341655
SDSS18855,0.12715,38.872201,0.111895,38.943828,-0.071627468,38.463678,0.40852329
SDSS16069,0.12739,38.792596,0.113191,38.948259,-0.15566323,38.468164,0.32443184
SDSS18809,0.12837,38.870821,0.112485,38.96627,-0.095448527,38.486402,0.38441921
SDSS22075,0.12893,38.840284,0.113756,38.976504,-0.13621996,38.496766,0.34351805
SDSS1032,0.12903,38.873791,0.115931,38.978327,-0.10453624,38.498612,0.37517867
SDSS5751,0.12953,38.807645,0.112137,38.987423,-0.17977826,38.507824,0.29982095
SDSS18415,0.12961,38.956012,0.113841,38.988875,-0.032863047,38.509295,0.44671762
SDSS20084,0.12961,39.141727,0.113865,38.988875,0.15285133,38.509295,0.63243199
SDSS17280,0.13045,39.199031,0.147057,39.004074,0.19495685,38.524687,0.67434339
SDSS14108,0.13243,39.234972,0.112393,39.039539,0.19543298,38.560609,0.67436289
SDSS18602,0.13362,39.077669,0.113865,39.060616,0.017053136,38.58196,0.49570934
SDSS15508,0.13392,38.966034,0.111798,39.065902,-0.099867789,38.587314,0.37871955
SDSS15234,0.13508,39.242322,0.113196,39.086236,0.15608555,38.607915,0.63440667
SDSS17629,0.13588,38.873391,0.113673,39.100165,-0.22677392,38.622027,0.25136393
SDSS19775,0.13668,38.995995,0.113428,39.114017,-0.11802216,38.636062,0.35993266
SDSS17366,0.13811,38.981395,0.112284,39.13859,-0.15719509,38.660962,0.32043316
SDSS15171,0.13818,39.048423,0.11186,39.139787,-0.091364043,38.662175,0.38624825
SDSS17208,0.13864,39.36218,0.119461,39.147638,0.21454181,38.67013,0.69204924
SDSS12928,0.13868,39.066861,0.116765,39.148319,-0.081458487,38.670821,0.39603984
SDSS1794,0.14139,39.200636,0.113002,39.194068,0.0065677055,38.717186,0.48344984
SDSS14437,0.14265,39.13653,0.112226,39.21506,-0.078529995,38.738464,0.39806656
SDSS2635,0.1431,39.139085,0.112072,39.222515,-0.08343039,38.746021,0.39306432
SDSS13796,0.1436,39.058163,0.111766,39.230773,-0.17261019,38.754392,0.30377143
SDSS17497,0.14382,39.107025,0.111949,39.234398,-0.1273734,38.758066,0.34895846
SDSS8921,0.14401,39.137892,0.114616,39.237525,-0.099633261,38.761236,0.37665573
SDSS16073,0.14468,39.430541,0.112388,39.248519,0.18202204,38.772382,0.6581597
SDSS14024,0.14478,39.128046,0.114439,39.250156,-0.12211051,38.774041,0.3540046
SDSS17605,0.14533,39.165471,0.119235,39.25914,-0.093669768,38.783149,0.38232135
SDSS11300,0.14547,38.873755,0.113737,39.261422,-0.3876669,38.785463,0.088292617
SDSS21062,0.14564,39.482628,0.114307,39.26419,0.21843743,38.788269,0.69435864
SDSS19940,0.14582,39.01236,0.112189,39.267118,-0.25475746,38.791237,0.22112322
SDSS12930,0.14607,39.310932,0.117074,39.271178,0.039753922,38.795354,0.51557829
SDSS2308,0.148,39.305036,0.111944,39.302308,0.0027272468,38.826918,0.47811781
SDSS21510,0.14839,39.153355,0.11378,39.308553,-0.15519741,38.83325,0.32010568
SDSS16116,0.1486,39.394763,0.112448,39.311909,0.082854148,38.836653,0.55811008
SDSS13736,0.14901,39.262975,0.112283,39.318448,-0.055473431,38.843284,0.41969061
SDSS16206,0.15065,39.118932,0.113842,39.344441,-0.22550832,38.869643,0.24928881
SDSS2031,0.15186,39.204258,0.112035,39.363449,-0.15919143,38.888922,0.3153356
SDSS15132,0.15295,39.375366,0.111718,39.380452,-0.0050853952,38.906168,0.46919875
SDSS19353,0.15322,39.272281,0.113617,39.384646,-0.11236481,38.910422,0.3618593
SDSS18323,0.15363,39.448143,0.115274,39.391002,0.05714052,38.916869,0.53127343
SDSS17253,0.15463,39.371679,0.1715,39.406438,-0.03475891,38.932528,0.43915181
SDSS5550,0.15473,39.335028,0.111655,39.407977,-0.072948867,38.934088,0.40093964
SDSS18030,0.15506,39.511723,0.118308,39.413047,0.098675669,38.939232,0.57249098
SDSS18740,0.15575,39.142044,0.111931,39.423617,-0.28157346,38.949955,0.19208887
SDSS16165,0.15596,39.343842,0.112725,39.426825,-0.082983192,38.953209,0.39063262
SDSS13354,0.15653,39.221901,0.113012,39.435513,-0.21361217,38.962023,0.25987743
SDSS17171,0.15895,39.372873,0.145393,39.472073,-0.099199638,38.999118,0.37375558
SDSS15425,0.15935,39.113679,0.111983,39.478066,-0.3643872,39.005199,0.10847989
SDSS17825,0.15999,39.420751,0.113136,39.487626,-0.06687488,39.014899,0.40585129
SDSS3317,0.15999,39.263229,0.113095,39.487626,-0.22439707,39.014899,0.24832909
SDSS2689,0.16035,39.250122,0.114045,39.492987,-0.24286496,39.02034,0.22978204
SDSS5103,0.1605,39.327255,0.113217,39.495218,-0.16796295,39.022604,0.30465105
SDSS13411,0.1618,39.568869,0.120879,39.514471,0.054398298,39.042142,0.52672684
SDSS20430,0.16284,39.558532,0.114429,39.529769,0.02876302,39.057669,0.50086367
SDSS19174,0.16357,39.286594,0.114386,39.540454,-0.25385996,39.068513,0.2180809
SDSS20764,0.16387,39.453797,0.113522,39.544832,-0.091034495,39.072956,0.38084078
SDSS3087,0.1644,39.365084,0.11306,39.552548,-0.1874637,39.080789,0.28429576
SDSS19616,0.16455,39.387664,0.113442,39.554728,-0.16706408,39.083001,0.30466264
SDSS12843,0.16565,39.202247,0.118455,39.570656,-0.36840844,39.099169,0.10307831
SDSS12853,0.16817,39.333731,0.116716,39.606778,-0.27304717,39.135839,0.19789154
SDSS15897,0.16869,39.544445,0.116161,39.614169,-0.069724297,39.143343,0.40110158
05D3ne,0.169455,39.580732,0.088415,39.625004,-0.044272827,39.154344,0.4263873
SDSS12856,0.17028,39.584277,0.112043,39.636639,-0.052361268,39.166157,0.4181203
SDSS12855,0.17063,39.435724,0.114853,39.641558,-0.20583414,39.171153,0.26457174
SDSS17220,0.17066,39.397723,0.115012,39.64198,-0.24425646,39.17158,0.22614293
SDSS17389,0.1707,39.808694,0.115438,39.642541,0.16615261,39.172151,0.63654336
SDSS15453,0.17373,39.836681,0.114314,39.684731,0.15195006,39.214993,0.62168764
SDSS3080,0.17374,39.463768,0.112831,39.684869,-0.22110119,39.215134,0.24863424
SDSS15648,0.17383,39.525192,0.122163,39.686112,-0.16091957,39.216396,0.30879654
SDSS14421,0.17386,39.700435,0.112491,39.686526,0.013909513,39.216816,0.48361919
SDSS12927,0.17415,39.359493,0.118918,39.690525,-0.331032,39.220878,0.13861531
SDSS19969,0.1742,39.514497,0.113041,39.691214,-0.17671671,39.221577,0.29291986
SDSS19282,0.17558,39.635173,0.113152,39.710156,-0.074982634,39.240815,0.39435781
SDSS18807,0.17625,39.745679,0.113139,39.719302,0.026376799,39.250106,0.49557367
SDSS14979,0.17653,39.625476,0.11256,39.723116,-0.097639599,39.253979,0.37149737
SDSS15365,0.17656,39.786039,0.113446,39.723524,0.062515451,39.254393,0.53164599
SDSS18604,0.17656,39.813561,0.113509,39.723524,0.090037733,39.254393,0.55916827
SDSS17274,0.17658,40.146933,0.1635,39.723796,0.42313747,39.25467,0.89226372
SDSS15583,0.17706,39.666107,0.113873,39.730318,-0.064211008,39.261294,0.40481256
SDSS17218,0.17757,39.634082,0.114576,39.737229,-0.10314675,39.268314,0.36576781
SDSS14451,0.17789,39.574974,0.112906,39.741556,-0.16658227,39.27271,0.30226397
SDSS5635,0.1781,40.052473,0.117139,39.744392,0.30808149,39.275591,0.77688288
SDSS15461,0.17865,39.697223,0.113319,39.751804,-0.054581809,39.28312,0.41410227
SDSS2372,0.17962,39.562818,0.113572,39.764826,-0.20200741,39.296348,0.26646998
SDSS6936,0.17969,39.686965,0.113497,39.765763,-0.078797991,39.2973,0.38966448
SDSS13254,0.17981,39.981137,0.120493,39.767369,0.21376846,39.298932,0.68220537
SDSS14284,0.18037,39.447761,0.112763,39.774849,-0.32708842,39.306532,0.14122939
SDSS13045,0.18055,39.543292,0.118342,39.777249,-0.23395733,39.30897,0.2343222
SDSS20048,0.18056,39.793426,0.117002,39.777382,0.016043821,39.309105,0.48432123
SDSS17215,0.18079,39.621278,0.117616,39.780446,-0.15916762,39.312217,0.30906092
SDSS15443,0.18122,39.590054,0.112167,39.786163,-0.19610841,39.318026,0.27202879
SDSS17332,0.18204,39.584028,0.115898,39.79703,-0.213002,39.329067,0.2549612
SDSS6422,0.18255,39.764285,0.112208,39.803767,-0.039482019,39.335912,0.42837311
SDSS16281,0.18255,39.62761,0.114391,39.803767,-0.17615701,39.335912,0.29169811
SDSS17168,0.18257,39.842601,0.115147,39.804031,0.038570506,39.33618,0.5064214
SDSS14984,0.1828,39.834222,0.115225,39.807062,0.027159857,39.33926,0.49496202
SDSS1580,0.18322,39.566101,0.114206,39.81259,-0.24648899,39.344877,0.22122427
SDSS8213,0.18327,39.569065,0.117564,39.813247,-0.24418189,39.345544,0.22352078
SDSS15421,0.18435,39.851818,0.112927,39.827403,0.024414661,39.359929,0.49188905
05D2ah,0.185371,39.794575,0.085522,39.840716,-0.046141031,39.373457,0.42111789
SDSS19101,0.18563,39.658661,0.11449,39.844082,-0.18542042,39.376878,0.2817839
SDSS5994,0.18581,39.82584,0.114889,39.846419,-0.020579151,39.379252,0.44658724
SDSS21861,0.18655,39.624409,0.121972,39.856004,-0.23159472,39.388993,0.23541588
SDSS18749,0.18667,39.720546,0.114334,39.857555,-0.1370087,39.39057,0.32997664
SDSS20687,0.18772,39.620767,0.118492,39.871087,-0.25032012,39.404323,0.21644451
SDSS6304,0.18965,39.711922,0.113593,39.89578,-0.1838578,39.42942,0.28250222
SDSS762,0.1901,39.961754,0.114249,39.901503,0.060250676,39.435238,0.52651654
SDSS18804,0.19084,39.750769,0.112617,39.910889,-0.16011922,39.444777,0.30599193
SDSS16276,0.19176,39.870269,0.114367,39.92251,-0.052240505,39.456591,0.41367862
SDSS18787,0.19191,40.161918,0.114568,39.9244,0.23751771,39.458512,0.70340556
SDSS16618,0.19198,39.705824,0.114573,39.925281,-0.21945771,39.459408,0.24641553
SDSS2440,0.19215,40.019265,0.114217,39.927421,0.091844574,39.461583,0.55768237
SDSS16100,0.19392,39.899804,0.117691,39.949593,-0.049789117,39.484124,0.41568031
SDSS2246,0.19422,39.859825,0.11684,39.953333,-0.093507687,39.487926,0.37189941
SDSS20575,0.19465,39.588541,0.114454,39.958684,-0.3701423,39.493366,0.095175522
SDSS19149,0.19494,39.551078,0.11376,39.962286,-0.4112081,39.497028,0.05404959
SDSS16099,0.1958,39.968351,0.113084,39.97294,-0.0045895674,39.507861,0.46048985
SDSS15674,0.19654,40.006128,0.117701,39.982073,0.024055424,39.517147,0.48898162
SDSS18768,0.19671,40.079696,0.118689,39.984166,0.095529359,39.519275,0.56042042
SDSS15129,0.19699,39.844063,0.114008,39.987611,-0.14354783,39.522778,0.3212853
SDSS13070,0.19709,39.980877,0.116183,39.98884,-0.0079630655,39.524028,0.45684942
SDSS15901,0.19794,39.955027,0.114551,39.999265,-0.044237429,39.534628,0.42039949
SDSS15222,0.19801,39.775762,0.115064,40.000121,-0.22435905,39.535499,0.24026344
SDSS19658,0.19863,40.022234,0.116081,40.007696,0.014537733,39.543202,0.47903231
SDSS17811,0.19867,39.987938,0.114249,40.008184,-0.020246383,39.543698,0.44423995
SDSS16737,0.1988,39.742162,0.124264,40.00977,-0.2676071,39.54531,0.19685245
SDSS13305,0.19959,40.002195,0.115206,40.019382,-0.017187183,39.555086,0.44710966
SDSS6780,0.20061,39.850487,0.120729,40.031742,-0.18125583,39.567655,0.2828313
SDSS15872,0.20203,39.91546,0.117009,40.048853,-0.13339244,39.585057,0.3304033
SDSS7243,0.20231,39.997872,0.117808,40.052214,-0.054341855,39.588475,0.40939651
SDSS16032,0.20318,40.030084,0.114994,40.062629,-0.032545143,39.599068,0.43101513
SDSS14212,0.20399,40.015354,0.114245,40.072289,-0.056935008,39.608894,0.40645969
SDSS18965,0.20466,40.025888,0.115117,40.080252,-0.05436387,39.616994,0.40889406
SDSS17801,0.20515,40.189933,0.131465,40.086061,0.10387167,39.622903,0.56702966
SDSS20581,0.20554,39.977925,0.114345,40.090675,-0.11275056,39.627597,0.35032796
SDSS19913,0.20557,40.064992,0.114899,40.09103,-0.026037879,39.627957,0.43703453
SDSS13152,0.2056,39.725076,0.113718,40.091384,-0.36630819,39.628318,0.096758099
SDSS15201,0.20704,40.382853,0.117479,40.108347,0.27450552,39.645574,0.73727883
SDSS13641,0.20852,40.053077,0.114386,40.125668,-0.072591268,39.663195,0.38988173
SDSS15467,0.2091,39.965702,0.115699,40.132425,-0.16672304,39.67007,0.29563243
SDSS13425,0.20953,39.97229,0.131221,40.137423,-0.16513357,39.675155,0.29713487
SDSS16473,0.2096,40.098031,0.115465,40.138236,-0.040205065,39.675982,0.42204921
04D1dc,0.210032,39.940759,0.085765,40.143247,-0.20248781,39.68108,0.2596791
SDSS19425,0.21025,40.06196,0.128931,40.145772,-0.083812037,39.683649,0.37831083
SDSS15259,0.21054,39.946447,0.11424,40.149127,-0.20267928,39.687062,0.25938498
SDSS17875,0.21075,40.325716,0.116152,40.151554,0.17416275,39.689532,0.63618463
SDSS14157,0.21082,39.870705,0.11447,40.152362,-0.28165651,39.690354,0.18035122
SDSS7847,0.21134,39.893376,0.115658,40.15836,-0.26498352,39.696457,0.19691926
SDSS6933,0.21163,39.953113,0.114069,40.161699,-0.20858627,39.699855,0.25325806
SDSS2330,0.21179,40.41951,0.124547,40.163539,0.25597077,39.701727,0.71778282
SDSS18466,0.21226,40.021027,0.115112,40.168938,-0.14791107,39.707221,0.3138063
SDSS14331,0.2126,40.27207,0.116607,40.172837,0.099232808,39.711188,0.56088173
SDSS8495,0.21295,40.048138,0.121443,40.176844,-0.1287065,39.715266,0.33287201
SDSS18927,0.21323,39.856819,0.117876,40.180046,-0.32322711,39.718523,0.13829508
SDSS20364,0.21382,40.133128,0.11761,40.186779,-0.053651303,39.725375,0.40775235
SDSS7473,0.21457,40.213491,0.114262,40.195314,0.018177196,39.734061,0.47943029
SDSS15203,0.21468,40.01396,0.114437,40.196563,-0.18260307,39.735332,0.27862799
SDSS14019,0.21513,40.506169,0.120494,40.201668,0.30450065,39.740527,0.7656415
SDSS17435,0.21674,40.224268,0.115124,40.219853,0.0044145951,39.759034,0.46523323
SDSS9467,0.21698,40.362519,0.124622,40.222553,0.13996536,39.761783,0.60073605
SDSS19008,0.21757,40.022694,0.11934,40.229179,-0.20648569,39.768526,0.2541672
SDSS5533,0.21829,40.130614,0.114544,40.237243,-0.10662949,39.776734,0.35387983
SDSS7512,0.21835,40.22788,0.116348,40.237914,-0.010034332,39.777417,0.45046302
SDSS18940,0.21861,40.034787,0.114762,40.240819,-0.2060325,39.780373,0.25441307
SDSS20144,0.21865,40.151814,0.11463,40.241266,-0.089451956,39.780828,0.37098565
05D3kx,0.219462,40.124424,0.085341,40.250317,-0.1258922,39.790041,0.33438378
SDSS19230,0.21955,39.855575,0.119543,40.251296,-0.39572069,39.791037,0.06453779
SDSS13727,0.21971,40.207089,0.115514,40.253075,-0.04598553,39.792848,0.41424111
SDSS15433,0.21976,40.191425,0.114935,40.25363,-0.062205485,39.793414,0.39801122
SDSS16793,0.22058,40.047012,0.138465,40.262728,-0.21571582,39.802674,0.24433798
SDSS15354,0.22068,39.987392,0.119891,40.263835,-0.27644304,39.803801,0.18359092
SDSS15229,0.22256,40.271888,0.11527,40.284567,-0.012679186,39.824906,0.44698226
SDSS14846,0.22328,40.220412,0.115872,40.292464,-0.072052562,39.832945,0.38746651
SDSS13025,0.22351,40.301727,0.1168,40.294982,0.0067450046,39.835508,0.46621866
SDSS19992,0.22452,40.485442,0.122907,40.30601,0.17943195,39.846736,0.63870627
SDSS19341,0.22667,40.166936,0.118938,40.329334,-0.16239847,39.870483,0.29645274
SDSS13578,0.22668,40.208463,0.115846,40.329442,-0.12097884,39.870593,0.33787041
SDSS21033,0.22786,40.210809,0.11565,40.342156,-0.13134735,39.883539,0.32727038
SDSS3452,0.22893,40.265744,0.115979,40.353633,-0.087889135,39.895225,0.37051901
SDSS13072,0.22916,40.240237,0.122097,40.356094,-0.11585673,39.89773,0.34250646
SDSS12881,0.2316,40.149821,0.118789,40.382057,-0.23223604,39.92417,0.2256509
SDSS12971,0.2338,40.293871,0.115605,40.405251,-0.11138052,39.947792,0.34607879
SDSS17223,0.23381,40.273987,0.118911,40.405356,-0.13136932,39.947899,0.32608805
SDSS16350,0.23472,40.269667,0.116813,40.414891,-0.14522442,39.95761,0.31205655
SDSS13511,0.23646,40.587645,0.117789,40.433029,0.15461569,39.976084,0.61156013
SDSS17884,0.23782,40.387909,0.116252,40.44712,-0.059210657,39.990438,0.39747147
SDSS15868,0.24102,40.539081,0.116005,40.479985,0.059096175,40.023918,0.51516355
SDSS13506,0.24179,40.39325,0.122422,40.487833,-0.094583308,40.031913,0.36133664
SDSS19023,0.24185,40.444511,0.114848,40.488444,-0.043933149,40.032535,0.41197533
SDSS20111,0.24348,40.430191,0.118064,40.504978,-0.074786624,40.049381,0.38081046
SDSS20088,0.24352,40.453641,0.113403,40.505383,-0.05174126,40.049793,0.4038482
SDSS3377,0.24448,40.242662,0.115275,40.515072,-0.27240981,40.059665,0.1829967
SDSS19990,0.24495,40.511808,0.119541,40.519802,-0.0079944789,40.064485,0.44732258
SDSS18486,0.2454,40.297824,0.114389,40.524324,-0.22650017,40.069093,0.22873131
SDSS17464,0.24555,39.990067,0.116206,40.525829,-0.53576282,40.070627,-0.080559871
SDSS20039,0.24558,40.343133,0.118174,40.52613,-0.18299702,40.070933,0.27220022
SDSS12977,0.24562,40.361734,0.115338,40.526532,-0.16479822,40.071342,0.29039142
SDSS15466,0.24568,40.140192,0.120181,40.527134,-0.38694206,40.071955,0.068236175
SDSS13835,0.24625,40.456468,0.114566,40.532844,-0.076376423,40.077774,0.37869357
SDSS16352,0.24647,40.374093,0.115433,40.535045,-0.16095163,40.080017,0.2940766
05D3mq,0.246492,40.460694,0.086206,40.535265,-0.074570962,40.080241,0.38045309
SDSS15301,0.2466,40.097657,0.114128,40.536345,-0.43868705,40.081341,0.016316515
SDSS15219,0.24695,40.564021,0.114812,40.53984,0.024180652,40.084903,0.47911783
SDSS15161,0.2485,40.380443,0.117491,40.555268,-0.17482475,40.100624,0.27981898
SDSS3451,0.24851,40.265104,0.116195,40.555367,-0.29026303,40.100725,0.16437881
SDSS16213,0.24857,40.517738,0.115731,40.555962,-0.038223827,40.101332,0.41640666
SDSS17552,0.24862,40.526949,0.11712,40.556458,-0.029509327,40.101837,0.4251117
SDSS15504,0.24947,40.594727,0.131353,40.564877,0.029850207,40.110417,0.48431067
SDSS3199,0.24961,40.809913,0.118164,40.566261,0.24365204,40.111827,0.69808607
SDSS16106,0.24973,40.447835,0.120462,40.567447,-0.11961216,40.113035,0.33479924
SDSS13689,0.25012,40.639639,0.116581,40.571297,0.068341789,40.116959,0.52267963
SDSS5717,0.25037,40.680298,0.115791,40.573762,0.10653554,40.119472,0.56082625
06D3gn,0.250498,40.482986,0.086012,40.575024,-0.092037823,40.120757,0.36222876
SDSS13655,0.25104,40.541741,0.119872,40.580358,-0.038616944,40.126193,0.41554758
SDSS5736,0.25174,40.452095,0.115824,40.587231,-0.13513596,40.133199,0.31889687
SDSS15440,0.25205,40.344868,0.11822,40.59027,-0.24540182,40.136295,0.20857276
SDSS9032,0.25249,40.47259,0.126796,40.594577,-0.12198667,40.140685,0.33190527
SDSS14481,0.25351,40.821218,0.123692,40.604534,0.21668486,40.150833,0.67038543
SDSS18325,0.25356,40.55491,0.120869,40.605021,-0.050110678,40.15133,0.40358053
SDSS9457,0.25539,40.496854,0.130119,40.62279,-0.12593587,40.169441,0.32741294
SDSS1112,0.25611,40.583198,0.12482,40.629749,-0.046550861,40.176535,0.40666354
SDSS17340,0.25617,40.378298,0.119755,40.630328,-0.25203018,40.177125,0.20117303
SDSS12972,0.25655,40.62415,0.12587,40.633993,-0.0098425779,40.180861,0.44328976
SDSS19207,0.25721,40.552203,0.121726,40.640346,-0.088143084,40.187337,0.3648663
SDSS6108,0.258,40.529043,0.117106,40.647931,-0.11888839,40.195069,0.33397399
SDSS8046,0.25833,40.578072,0.119891,40.651093,-0.073021452,40.198292,0.37977958
SDSS2017,0.26014,40.875812,0.122802,40.668371,0.20744103,40.215906,0.65990624
SDSS1253,0.26059,40.501317,0.120435,40.67265,-0.17133333,40.220268,0.28104856
SDSS14298,0.2607,40.745154,0.117389,40.673695,0.07145965,40.221333,0.52382119
05D1hk,0.261984,40.466483,0.08739,40.685861,-0.21937728,40.233737,0.23274691
04D3ez,0.263487,40.479682,0.08555,40.700032,-0.22035056,40.248185,0.2314965
SDSS2422,0.26349,40.870308,0.115945,40.700061,0.17024727,40.248214,0.62209378
SDSS20345,0.26357,40.422532,0.11624,40.700813,-0.27828033,40.248981,0.17355143
SDSS2943,0.26405,40.585497,0.117962,40.705322,-0.11982506,40.253578,0.33191836
SDSS13099,0.26451,40.702204,0.119638,40.709636,-0.0074312693,40.257977,0.44422757
SDSS6315,0.26576,40.564483,0.114629,40.721324,-0.15684041,40.269894,0.29458892
SDSS18463,0.26665,40.640702,0.120817,40.729615,-0.088912787,40.278349,0.36235344
SDSS19002,0.2671,40.604091,0.116111,40.733797,-0.12970657,40.282613,0.32147729
SDSS19702,0.26821,40.71525,0.121714,40.744086,-0.028836385,40.293105,0.42214459
06D3fp,0.268489,40.601963,0.08555,40.746666,-0.14470292,40.295736,0.3062271
SDSS18945,0.26856,40.816638,0.118128,40.747322,0.069315719,40.296405,0.52023279
03D4cj,0.268624,40.51915,0.086242,40.747914,-0.22876417,40.297008,0.22214122
SDSS6192,0.27044,40.645286,0.118685,40.764639,-0.11935393,40.314065,0.33122063
SDSS15287,0.27258,40.638106,0.11421,40.784217,-0.14611114,40.334031,0.30407491
SDSS15356,0.27447,40.540653,0.118156,40.801391,-0.26073764,40.351546,0.18910653
SDSS4046,0.27544,40.676202,0.119548,40.810162,-0.13395994,40.360493,0.3157092
SDSS16072,0.27549,40.672605,0.127184,40.810614,-0.13800907,40.360953,0.31165105
SDSS12869,0.27653,40.572846,0.126014,40.819985,-0.24713967,40.370512,0.20233317
SDSS4000,0.27745,40.839397,0.128283,40.828249,0.011148687,40.378941,0.46045614
SDSS17791,0.27749,41.403843,0.136665,40.828607,0.57523575,40.379307,1.024536
SDSS18485,0.27822,40.787053,0.117336,40.835145,-0.048092934,40.385976,0.40107628
SDSS5957,0.27852,40.849748,0.118155,40.837828,0.011920032,40.388712,0.46103545
SDSS6196,0.27916,40.440035,0.11948,40.843541,-0.40350599,40.39454,0.045494754
SDSS14261,0.27952,40.591051,0.121901,40.84675,-0.2556986,40.397813,0.19323769
SDSS17809,0.28051,40.649922,0.122739,40.855554,-0.20563102,40.406794,0.24312826
SDSS15584,0.28111,40.673262,0.11753,40.860875,-0.18761311,40.412223,0.26103902
SDSS20227,0.28243,40.843344,0.11747,40.872546,-0.029202315,40.42413,0.41921453
06D3dt,0.28251,40.937694,0.085709,40.873252,0.06444141,40.42485,0.51284401
SDSS20040,0.28351,40.737908,0.118366,40.882058,-0.14415093,40.433834,0.30407382
03D4ag,0.28361,40.703312,0.086683,40.882938,-0.17962542,40.434731,0.26858158
SDSS19128,0.28543,41.0361,0.119195,40.898887,0.13721374,40.451003,0.5850979
SDSS2165,0.28662,41.098935,0.11978,40.909265,0.18967032,40.461591,0.63734398
SDSS13757,0.28742,40.98442,0.118845,40.916219,0.068201278,40.468687,0.51573366
SDSS16402,0.28845,40.365663,0.116661,40.925147,-0.55948422,40.477796,-0.1121334
SDSS2789,0.28872,40.849092,0.124095,40.927482,-0.078390173,40.480179,0.36891308
SDSS21006,0.29021,40.763225,0.116557,40.940335,-0.17710943,40.493293,0.26993188
SDSS19596,0.29135,40.819653,0.12122,40.950127,-0.1304737,40.503286,0.31636765
03D3ba,0.291718,40.758243,0.093479,40.95328,-0.19503736,40.506504,0.25173953
SDSS19818,0.29192,40.740149,0.124168,40.95501,-0.21486104,40.508268,0.2318805
SDSS6249,0.29287,40.817174,0.119196,40.963129,-0.14595536,40.516553,0.30062004
SDSS19027,0.2935,40.492773,0.120303,40.9685,-0.47572665,40.522034,-0.029261288
SDSS19604,0.29448,41.079777,0.140875,40.976833,0.10294384,40.530539,0.54923831
SDSS19794,0.29542,40.808155,0.134209,40.984803,-0.17664755,40.538672,0.26948329
SDSS13610,0.29678,40.739246,0.117785,40.996292,-0.25704606,40.550397,0.18884851
SDSS15057,0.29762,40.728258,0.131068,41.003364,-0.2751058,40.557615,0.17064313
SDSS6137,0.29888,41.091218,0.124118,41.013938,0.077280371,40.568407,0.52281125
SDSS14735,0.30001,40.642617,0.119386,41.023386,-0.38076865,40.57805,0.064567092
SDSS5391,0.30021,40.885371,0.128841,41.025055,-0.13968364,40.579753,0.30561761
SDSS20245,0.30041,40.492716,0.125866,41.026722,-0.53400592,40.581456,-0.088739152
06D4dh,0.30159,41.067761,0.086081,41.036542,0.031219524,40.591478,0.47628311
SDSS7143,0.3024,41.002212,0.118973,41.043262,-0.041049757,40.598337,0.40387459
SDSS12883,0.30569,40.541317,0.1459,41.070387,-0.5290707,40.626027,-0.084709782
SDSS15213,0.30632,41.040319,0.127264,41.075551,-0.03523248,40.631298,0.40902093
SDSS19632,0.30702,41.04173,0.126631,41.081277,-0.039547273,40.637143,0.40458683
SDSS6699,0.30915,41.183872,0.122358,41.098627,0.085244448,40.654855,0.52901644
SDSS5844,0.30929,41.122357,0.120483,41.099764,0.02259366,40.656015,0.46634189
SDSS16211,0.30933,40.890216,0.137464,41.100088,-0.20987239,40.656347,0.23386906
SDSS21042,0.31065,40.901058,0.124489,41.110779,-0.2097212,40.667262,0.23379662
SDSS15383,0.31088,41.04566,0.12279,41.112638,-0.066977886,40.669159,0.37650103
SDSS6649,0.31288,41.020099,0.118305,41.128747,-0.10864773,40.685606,0.33449349
SDSS20142,0.31468,40.743123,0.118861,41.143164,-0.40004116,40.700326,0.042797195
SDSS15776,0.31646,41.028737,0.121555,41.157347,-0.12860964,40.714807,0.31393018
SDSS18617,0.32038,41.090022,0.12816,41.188324,-0.098301234,40.746438,0.34358455
SDSS7475,0.32045,41.20966,0.117246,41.188874,0.020786459,40.746999,0.46266061
05D2ab,0.324532,41.145546,0.086121,41.220756,-0.075210214,40.779558,0.36598789
SDSS6924,0.3264,41.049397,0.11903,41.235224,-0.18582683,40.794333,0.25506356
SDSS14456,0.32837,40.95845,0.124052,41.250399,-0.29194861,40.809832,0.14861844
SDSS13830,0.32837,40.91823,0.134054,41.250399,-0.33216821,40.809832,0.10839883
SDSS13934,0.32838,41.451418,0.136536,41.250476,0.20094213,40.80991,0.64150753
SDSS4241,0.33051,41.221878,0.12568,41.266789,-0.044910567,40.826572,0.39530652
03D1fc,0.330932,41.057624,0.086437,41.270009,-0.21238543,40.829861,0.22776281
SDSS4679,0.33103,40.994302,0.136212,41.270757,-0.27645439,40.830624,0.16367788
SDSS20106,0.33136,41.312067,0.135299,41.273272,0.038795416,40.833193,0.47887388
SDSS16093,0.33436,41.254482,0.132618,41.296031,-0.041549877,40.85644,0.39804106
04D3kr,0.337534,41.247685,0.086047,41.319908,-0.072223023,40.88083,0.36685502
SDSS2533,0.3388,41.30944,0.129777,41.329374,-0.019933217,40.890499,0.41894107
04D3nh,0.34052,41.285303,0.0859,41.342182,-0.056878514,40.903584,0.38171972
03D1bp,0.345928,41.411108,0.087263,41.38207,0.029038265,40.944334,0.4667742
05D2ie,0.349557,41.497971,0.086821,41.408516,0.089455318,40.971354,0.52661739
04D2mc,0.34956,41.044308,0.089792,41.408538,-0.36422953,40.971376,0.07293207
05D2hc,0.35156,41.523688,0.086351,41.423005,0.10068361,40.986158,0.53753058
SDSS19067,0.35346,41.102633,0.125157,41.436679,-0.33404578,41.000129,0.10250338
05D2mp,0.355261,41.574652,0.088265,41.449577,0.12507443,41.01331,0.56134224
03D3bl,0.35582,41.349554,0.087008,41.453569,-0.1040145,41.017388,0.33216618
04D3fk,0.358336,41.265612,0.086303,41.471462,-0.20584998,41.035673,0.22993964
04D2fs,0.35857,41.300602,0.086485,41.473121,-0.17251835,41.037367,0.26323499
SDSS4577,0.36193,41.385403,0.13291,41.496823,-0.11141968,41.061589,0.32381446
SDSS15704,0.36397,41.634053,0.127982,41.511115,0.12293804,41.076195,0.55785854
SDSS13136,0.36441,41.757434,0.131873,41.514188,0.24324548,41.079335,0.67809847
SDSS16232,0.36554,41.511378,0.137024,41.522064,-0.010686684,41.087384,0.42399321
04D1hd,0.367904,41.603385,0.086082,41.538469,0.064915473,41.10415,0.49923444
SDSS14397,0.36941,41.776703,0.131466,41.54887,0.22783286,41.11478,0.6619227
SDSS18091,0.37013,41.457867,0.138604,41.553828,-0.095961691,41.119848,0.33801885
05D4bm,0.370511,41.502519,0.086476,41.556449,-0.05392992,41.122526,0.37999284
05D3jr,0.370531,41.401449,0.086626,41.556586,-0.1551371,41.122666,0.27878263
04D2cf,0.370586,41.434925,0.095747,41.556964,-0.12203909,41.123053,0.3118723
03D3ay,0.371443,41.572252,0.091326,41.562848,0.009404536,41.129066,0.44318611
05D4fo,0.371508,41.548853,0.086225,41.563294,-0.014440711,41.129522,0.41933102
05D4cw,0.373513,41.478103,0.086768,41.577008,-0.098905003,41.143539,0.33456388
SDSS15756,0.37835,42.112175,0.135103,41.609817,0.50235812,41.177074,0.935101
SDSS7779,0.37986,41.476242,0.118539,41.61998,-0.14373778,41.187462,0.2887798
SDSS11206,0.38026,41.674685,0.138121,41.622666,0.052019439,41.190208,0.48447744
SDSS15456,0.38047,41.140725,0.12548,41.624075,-0.48334977,41.191648,-0.050923034
SDSS18721,0.39135,41.584881,0.148848,41.696115,-0.11123402,41.265291,0.31958978
05D4ff,0.400485,41.549539,0.087548,41.755188,-0.20564954,41.325685,0.22385336
SDSS19757,0.40128,41.390726,0.134806,41.76027,-0.36954382,41.330881,0.0598452
06D3ed,0.404549,41.81249,0.086483,41.78107,0.031420488,41.352147,0.46034297
05D4dt,0.405478,41.859724,0.086962,41.786953,0.072771466,41.358162,0.50156189
06D4cq,0.40947,41.784188,0.086547,41.81209,-0.0279019,41.383865,0.40032368
04D2fp,0.416632,41.805162,0.087194,41.856627,-0.051464705,41.429404,0.37575807
05D2dw,0.418633,41.721512,0.087692,41.868944,-0.14743142,41.441999,0.27951358
05D3cf,0.419569,41.926438,0.087595,41.874687,0.051751247,41.447871,0.47856668
04D4gg,0.422452,41.692885,0.08807,41.892301,-0.19941564,41.465883,0.22700213
05D2cb,0.428646,42.081888,0.089103,41.929771,0.15211728,41.5042,0.57768798
04D1rh,0.434861,41.900171,0.087188,41.966868,-0.066697056,41.542137,0.35803362
06D4co,0.435446,41.663732,0.086944,41.970335,-0.3066023,41.545682,0.11804982
06D3df,0.442548,41.957619,0.08709,42.012078,-0.054459467,41.588373,0.36924583
06D2gb,0.443668,41.858169,0.091594,42.018605,-0.16043557,41.595048,0.26312156
03D3aw,0.449562,42.09792,0.091912,42.0527,0.045220015,41.629917,0.46800266
04D3gt,0.451556,41.668287,0.087828,42.064141,-0.39585396,41.641619,0.026668616
04D2gb,0.451681,41.642176,0.088233,42.064857,-0.42268095,41.64235,-0.00017463531
03D3cd,0.461274,42.021038,0.095948,42.119238,-0.098199906,41.697969,0.32306927
05D3lc,0.461564,42.062843,0.087413,42.120866,-0.058023468,41.699634,0.36320866
03D4au,0.466414,42.51309,0.09035,42.147946,0.36514432,41.727331,0.78575989
04D4jr,0.468406,42.095314,0.087451,42.158993,-0.063679114,41.738629,0.35668487
04D4ju,0.470398,42.396229,0.088446,42.169996,0.22623319,41.749883,0.64634654
05D3mx,0.470573,42.080709,0.088704,42.170961,-0.090251794,41.750869,0.32983959
04D3df,0.470586,41.962434,0.087988,42.171032,-0.20859849,41.750942,0.21149126
05D2bv,0.475707,42.086819,0.087947,42.199111,-0.11229157,41.779661,0.30715845
05D3dd,0.480568,42.060041,0.088055,42.225506,-0.16546505,41.806657,0.2533835
05D2ac,0.480704,42.047102,0.087736,42.226241,-0.17913808,41.807409,0.23969372
05D1ix,0.4888,42.207458,0.08839,42.269643,-0.062184723,41.8518,0.35565794
03D1ax,0.494795,42.21649,0.08811,42.301353,-0.084863055,41.884233,0.332257
05D4af,0.497379,42.25339,0.088758,42.314911,-0.061520917,41.898099,0.35529023
06D2bk,0.500728,42.376417,0.089131,42.332385,0.0440321,41.915972,0.46044517
03D1au,0.503084,42.269525,0.088031,42.344612,-0.075087775,41.928478,0.34104678
05D4av,0.507371,42.213205,0.089015,42.366726,-0.15352114,41.951095,0.26210985
05D2dy,0.511746,42.495409,0.088554,42.389114,0.10629538,41.973993,0.52141675
04D1pg,0.513793,42.442246,0.090087,42.399528,0.042718474,41.984643,0.45760286
04D4in,0.514353,42.363951,0.088897,42.40237,-0.038419526,41.98755,0.3764002
04D2mj,0.514746,42.560964,0.090306,42.404363,0.15660152,41.989589,0.5713759
05D3ci,0.515587,42.452603,0.106833,42.408623,0.043980241,41.993945,0.45865771
06D3el,0.519611,42.471136,0.088502,42.428916,0.042219764,42.0147,0.4564357
04D2gc,0.522762,42.482671,0.089115,42.444705,0.037965784,42.030848,0.45182282
06D2ca,0.532765,42.392305,0.08987,42.494243,-0.10193836,42.081511,0.31079367
06D2cc,0.533766,42.173706,0.09473,42.499153,-0.32544704,42.086532,0.087173613
05D4ek,0.534335,42.165507,0.090128,42.501939,-0.33643243,42.089382,0.076125008
05D4be,0.535327,42.500563,0.08873,42.506791,-0.0062283657,42.094344,0.40621902
05D2eb,0.535771,42.338122,0.091256,42.50896,-0.17083838,42.096562,0.24155981
04D4bq,0.548325,42.164539,0.09145,42.569599,-0.40505966,42.158574,0.0059651204
06D4bo,0.550315,42.509848,0.089299,42.579091,-0.069242835,42.168281,0.34156729
04D3hn,0.552605,42.229237,0.089654,42.589975,-0.36073769,42.179411,0.049826437
06D2ck,0.553797,42.561602,0.091857,42.595623,-0.034021494,42.185187,0.37641502
05D1ee,0.557743,42.486901,0.090291,42.614241,-0.12734054,42.204225,0.28267563
05D1kl,0.558743,42.87907,0.092898,42.61894,0.26013026,42.209029,0.67004041
04D1hx,0.558746,42.443857,0.089573,42.618954,-0.17509633,42.209044,0.2348135
05D1cc,0.562751,42.563852,0.090329,42.637692,-0.073840708,42.228205,0.3356466
05D1dn,0.564741,42.574373,0.089709,42.646957,-0.07258362,42.237678,0.33669496
05D2dt,0.575823,42.622597,0.091807,42.697994,-0.075397502,42.289864,0.33273336
06D3et,0.576612,42.548631,0.090075,42.701593,-0.15296187,42.293543,0.25508822
03D4gf,0.578292,42.558,0.090072,42.709239,-0.1512399,42.301361,0.25663861
05D1dx,0.578745,42.561135,0.089343,42.711298,-0.15016232,42.303465,0.25767002
05D3jq,0.5796,42.549007,0.08931,42.715178,-0.1661713,42.307433,0.24157402
05D3gp,0.580604,42.693325,0.09835,42.719729,-0.026403425,42.312085,0.38123988
03D1aw,0.580724,42.83908,0.090132,42.720272,0.11880855,42.312641,0.52643967
04D1jg,0.582932,42.685053,0.09012,42.730251,-0.045197197,42.322843,0.36221034
05D4ej,0.58329,42.873994,0.090793,42.731865,0.14212855,42.324494,0.54949992
04D1kj,0.583743,42.611188,0.089495,42.733907,-0.12271924,42.326581,0.28460641
04D1sa,0.583743,42.757778,0.091595,42.733907,0.023871049,42.326581,0.4311967
05D1hm,0.585743,42.833794,0.092677,42.742903,0.090890443,42.335779,0.49801471
05D4bf,0.587285,42.693483,0.091452,42.749819,-0.056336758,42.34285,0.35063278
04D1oh,0.588721,42.650725,0.091211,42.756245,-0.10552025,42.349419,0.30130562
03D4gg,0.59028,42.586162,0.092935,42.763204,-0.17704235,42.356534,0.22962799
04D2mh,0.591835,42.589256,0.090444,42.770129,-0.18087234,42.363613,0.22564334
05D3lr,0.600603,42.592308,0.094433,42.808853,-0.21654472,42.403201,0.18910763
05D4ef,0.603272,42.864607,0.092267,42.820535,0.044071656,42.415143,0.44946412
03D4dy,0.608261,42.760878,0.090819,42.842242,-0.081363238,42.437331,0.32354706
05D2he,0.60986,42.798854,0.091831,42.849163,-0.050309401,42.444406,0.35444735
04D3do,0.610643,42.861051,0.090588,42.852546,0.0085047026,42.447864,0.41318644
03D1dt,0.610712,42.465879,0.092877,42.852844,-0.38696516,42.448169,0.017709979
04D4an,0.611252,42.951574,0.095195,42.855174,0.096399681,42.450551,0.50102316
05D1ck,0.615698,42.769514,0.092238,42.874289,-0.10477434,42.470089,0.29942586
04D3co,0.620632,42.825478,0.093091,42.895349,-0.069870741,42.491614,0.33386402
04D2an,0.621874,42.72454,0.092366,42.900625,-0.17608571,42.497007,0.22753259
03D4dh,0.625233,42.729026,0.091453,42.914845,-0.18581938,42.511541,0.21748537
04D4fx,0.627239,42.802545,0.092195,42.923303,-0.12075799,42.520185,0.28236049
05D1cb,0.630699,42.711701,0.091576,42.937832,-0.22613079,42.535033,0.17666811
05D2ci,0.631882,42.281286,0.097524,42.942782,-0.66149589,42.540092,-0.25880576
03D4at,0.632234,42.975281,0.093125,42.944253,0.031027933,42.541595,0.43368575
04D1pu,0.637701,42.503968,0.100758,42.967004,-0.46303527,42.564845,-0.060876514
05D4ag,0.638234,42.708074,0.097915,42.969212,-0.26113736,42.567101,0.14097303
05D2ec,0.641893,43.018975,0.093291,42.984323,0.03465184,42.582544,0.43643153
05D3ax,0.643642,42.943933,0.098759,42.991518,-0.047585267,42.589895,0.35403718
04D3cy,0.643646,42.892942,0.094148,42.991534,-0.098592231,42.589912,0.30302986
05D3lb,0.647639,42.890834,0.09193,43.00789,-0.11705601,42.606625,0.28420911
05D3kt,0.64864,42.786103,0.092708,43.011976,-0.22587227,42.610799,0.17530379
04D1sk,0.662058,42.92459,0.093186,43.066166,-0.14157677,42.666167,0.25842229
05D3hs,0.664638,43.18447,0.094448,43.076466,0.10800332,42.67669,0.5077796
05D3mh,0.670654,43.026774,0.095777,43.100337,-0.073562559,42.701076,0.32569857
03D1co,0.677662,43.337486,0.098356,43.127888,0.20959797,42.729219,0.60826661
05D2bt,0.681942,43.093016,0.094158,43.144581,-0.051565001,42.74627,0.34674578
06D3cc,0.683659,43.203449,0.115261,43.15125,0.052198895,42.753082,0.45036695
04D4ic,0.685179,43.080358,0.0983,43.15714,-0.076782318,42.759098,0.32125979
05D1ke,0.688656,43.020028,0.092298,43.170567,-0.15053929,42.772812,0.24721612
06D3em,0.690652,42.857798,0.095502,43.178246,-0.32044825,42.780655,0.07714346
03D4cz,0.693165,43.071513,0.100242,43.187884,-0.11637083,42.790498,0.28101569
04D4ib,0.697164,43.20406,0.093324,43.203153,0.00090720825,42.806091,0.39796928
06D4ba,0.698167,43.179661,0.101565,43.206969,-0.027307616,42.809988,0.36967347
05D4bj,0.699166,42.995502,0.094894,43.210765,-0.21526311,42.813864,0.18163749
05D4cq,0.699169,43.258556,0.094016,43.210776,0.047779545,42.813876,0.4446799
05D2ck,0.69996,43.115842,0.097048,43.213778,-0.097936533,42.816942,0.29890019
04D1si,0.700631,42.962963,0.094362,43.216322,-0.25335966,42.819539,0.14342317
04D4hu,0.701158,43.307463,0.094504,43.218319,0.089144789,42.821578,0.48588534
04D2iu,0.701965,42.881871,0.100028,43.221373,-0.33950173,42.824697,0.057174164
05D2le,0.701969,43.120664,0.095463,43.221388,-0.10072409,42.824713,0.29595149
05D3gv,0.715652,43.128067,0.096706,43.272671,-0.14460385,42.877076,0.25099085
05D3jh,0.71868,43.114277,0.094949,43.283893,-0.169616,42.888533,0.2257434
04D1aj,0.719626,43.107985,0.095665,43.287389,-0.17940443,42.892103,0.21588175
05D4ev,0.72014,43.215209,0.098164,43.289287,-0.074078155,42.894041,0.3211683
06D3gh,0.72068,43.216773,0.098773,43.29128,-0.074506588,42.896075,0.32069817
06D3do,0.726679,43.257374,0.094974,43.313321,-0.055946874,42.918576,0.33879763
06D3bz,0.727675,43.215658,0.099419,43.316963,-0.10130507,42.922295,0.29336354
06D4bw,0.730128,43.012407,0.096543,43.325914,-0.31350679,42.931432,0.080975537
04D1pp,0.733609,43.208172,0.094433,43.338566,-0.13039436,42.944347,0.26382516
04D2gp,0.733996,43.50824,0.1029,43.339969,0.16827015,42.945779,0.56246055
05D2fq,0.734996,43.403144,0.095665,43.343592,0.059552295,42.949476,0.45366759
05D1eo,0.735608,43.304036,0.096764,43.345806,-0.041770336,42.951737,0.35229906
05D2ct,0.736007,43.172548,0.104933,43.347249,-0.17470059,42.953209,0.21933892
05D3jk,0.73669,43.259919,0.093659,43.349717,-0.089797844,42.955729,0.30419054
04D2ja,0.742008,43.820507,0.103483,43.368859,0.45164789,42.975266,0.84524061
04D3fq,0.742697,43.211895,0.097111,43.371329,-0.15943399,42.977787,0.23410778
05D3jb,0.745665,43.297634,0.094967,43.381946,-0.08431155,42.988623,0.30901147
04D2kr,0.746118,43.093092,0.095641,43.383562,-0.29047085,42.990273,0.1028189
04D4im,0.7491,42.910163,0.096075,43.394182,-0.48401903,43.001111,-0.090947575
04D3ks,0.750681,43.04048,0.099406,43.399796,-0.35931621,43.00684,0.033640017
04D3oe,0.756687,43.727246,0.095935,43.421019,0.30622745,43.028497,0.6987492
05D2nt,0.75903,43.411082,0.09556,43.429255,-0.018172209,43.036901,0.37418144
06D3gx,0.760691,43.435126,0.101218,43.435078,4.8043545e-05,43.042843,0.39228298
05D3mn,0.760698,43.193176,0.094664,43.435103,-0.24192662,43.042868,0.15030782
05D4cn,0.761089,43.332429,0.09585,43.436472,-0.10404229,43.044265,0.28816425
05D1if,0.76158,43.291607,0.096723,43.43819,-0.14658275,43.046018,0.2455888
04D1qd,0.765588,43.282321,0.09633,43.452176,-0.1698554,43.060289,0.22203179
04D1de,0.76659,43.678049,0.096641,43.455662,0.22238767,43.063845,0.61420412
05D3hh,0.766684,43.427868,0.103932,43.455989,-0.028120762,43.064179,0.36368906
04D4id,0.767075,43.882533,0.101187,43.457347,0.42518547,43.065565,0.81696773
04D1pc,0.768587,43.284981,0.097274,43.462595,-0.17761463,43.07092,0.21406124
05D4bi,0.773081,43.681452,0.098805,43.478136,0.20331638,43.086774,0.5946779
04D1jd,0.776594,43.159032,0.098366,43.490223,-0.33119125,43.099105,0.059926454
05D4cs,0.78806,43.561544,0.096033,43.529311,0.032232702,43.138978,0.4225662
03D4fd,0.789054,43.514773,0.099608,43.532674,-0.017901211,43.142408,0.37236513
04D1ks,0.796552,42.985147,0.098413,43.557909,-0.57276234,43.168145,-0.18299841
03D1fq,0.798566,43.584978,0.101777,43.564648,0.020329227,43.175018,0.40995947
05D3dh,0.800697,42.89614,0.098997,43.571761,-0.6756213,43.182272,-0.28613196
05D3ha,0.805695,43.141352,0.106396,43.588372,-0.4470201,43.199211,-0.057858898
05D3cx,0.805696,43.54754,0.09721,43.588375,-0.040834797,43.199214,0.34832634
05D4gw,0.806041,43.404381,0.105158,43.589518,-0.18513744,43.200379,0.20400116
05D4dy,0.808048,43.991993,0.101592,43.596157,0.39583551,43.20715,0.78484333
04D4dm,0.809032,43.398908,0.101626,43.599407,-0.20049934,43.210463,0.18844454
04D3ny,0.81072,43.319459,0.105587,43.604972,-0.28551275,43.216138,0.10332174
04D3mk,0.813696,43.764969,0.099177,43.614757,0.15021221,43.226114,0.53885472
04D3nc,0.817732,43.747459,0.101608,43.627971,0.11948821,43.239587,0.50787214
06D2ce,0.822103,43.537252,0.104677,43.642211,-0.1049585,43.254105,0.28314768
04D3lu,0.822697,43.731099,0.100111,43.64414,0.086958678,43.256072,0.47502729
05D1cl,0.828528,43.943345,0.100853,43.66301,0.2803347,43.275308,0.66803688
05D4fg,0.837004,43.768646,0.100539,43.690211,0.078435292,43.303034,0.46561221
04D2al,0.838126,43.483006,0.113632,43.693792,-0.21078574,43.306683,0.1763223
Elvis,0.839734,43.46181,0.112754,43.698915,-0.23710509,43.311905,0.14990449
05D4hn,0.840005,43.197607,0.103903,43.699778,-0.50217074,43.312785,-0.11517772
05D1az,0.840522,43.607144,0.101288,43.701422,-0.094277822,43.314461,0.29268362
06D2ga,0.842123,43.6951,0.112024,43.706509,-0.011409127,43.319646,0.37545474
06D4ce,0.847985,43.832645,0.110575,43.725056,0.10758923,43.338547,0.49409844
04D1hy,0.848509,43.675838,0.10052,43.726708,-0.050869599,43.34023,0.3356081
05D3kp,0.850729,43.818657,0.098855,43.733695,0.084962017,43.34735,0.47130659
05D4dw,0.852994,43.554866,0.101921,43.740805,-0.18593885,43.354596,0.2002705
05D1er,0.858507,43.497432,0.106173,43.758035,-0.26060317,43.372153,0.12527951
04D1ff,0.858513,43.252618,0.101579,43.758054,-0.50543583,43.372172,-0.1195535
05D1iz,0.858516,44.064145,0.11645,43.758063,0.30608207,43.372181,0.69196422
04D4ii,0.863978,43.657487,0.1039,43.775028,-0.11754158,43.389466,0.26802037
05D1em,0.864497,43.79925,0.102986,43.776635,0.022615154,43.391103,0.40814685
03D1ew,0.866494,43.652949,0.106037,43.782808,-0.12985912,43.397392,0.25555647
05D2nn,0.872152,43.980618,0.119167,43.800223,0.18039528,43.415134,0.56548436
04D4bk,0.877971,43.973804,0.103099,43.818019,0.15578549,43.433262,0.5405425
05D3cq,0.890729,43.813231,0.103551,43.856637,-0.043405536,43.472595,0.34063641
05D2by,0.893183,43.89875,0.106138,43.864003,0.034747327,43.480097,0.41865376
03D4di,0.896944,43.849449,0.109618,43.875254,-0.025805076,43.491554,0.35789491
05D3ht,0.901736,44.064275,0.111342,43.889523,0.17475221,43.506084,0.55819133
04D3gx,0.910752,44.093128,0.112202,43.91617,0.17695824,43.533215,0.55991307
04D1ow,0.913473,43.886202,0.104751,43.924161,-0.037959758,43.541351,0.34485056
05D2bw,0.92221,43.815627,0.117626,43.949665,-0.13403757,43.567313,0.24831387
05D2ay,0.922221,43.56967,0.117413,43.949696,-0.38002693,43.567346,0.0023239463
03D4cy,0.924917,44.05598,0.125384,43.957518,0.098461695,43.575307,0.48067254
05D2ob,0.92622,43.84699,0.111056,43.961291,-0.1143008,43.579147,0.26784262
04D4jy,0.927909,44.175982,0.121275,43.966173,0.20980917,43.584116,0.59186545
04D4ih,0.931901,44.156423,0.111047,43.977677,0.17874615,43.595826,0.56059761
06D2cd,0.932229,43.790117,0.130385,43.97862,-0.18850332,43.596785,0.19333138
04D4hf,0.9339,43.862922,0.126556,43.98342,-0.1204977,43.60167,0.26125179
Vilas,0.935774,43.618621,0.119916,43.988792,-0.3701717,43.607138,0.011482554
05D3la,0.936755,43.836807,0.108686,43.991601,-0.15479388,43.609996,0.22681066
03D4cx,0.94689,43.32103,0.115036,44.020446,-0.69941685,43.63935,-0.3183205
04D1pd,0.948455,43.625089,0.112213,44.024874,-0.39978446,43.643855,-0.018765697
04D3ml,0.950763,44.237097,0.112327,44.031389,0.20570752,43.650485,0.58661228
04D4jw,0.958871,44.34431,0.125337,44.054158,0.29015284,43.673649,0.67066113
05D3km,0.96074,44.315234,0.112338,44.059379,0.25585464,43.678961,0.63627242
04D3nr,0.960751,43.581363,0.116274,44.05941,-0.47804675,43.678992,-0.097629503
Patuxent,0.970782,44.732088,0.118744,44.087264,0.64482457,43.707327,1.0247615
Ombo,0.97423,44.192459,0.118033,44.096773,0.095686215,43.716999,0.47546024
05D2my,0.98328,43.992852,0.114718,44.121575,-0.12872241,43.742223,0.250629
04D1rx,0.983407,44.202384,0.114131,44.121921,0.080462971,43.742576,0.45980851
04D3lp,0.983777,43.807878,0.14188,44.12293,-0.31505261,43.743602,0.064275813
04D1iv,0.99639,44.253642,0.112483,44.157107,0.096534809,43.778355,0.47528691
06D4cl,0.997826,44.013808,0.115855,44.160971,-0.14716326,43.782284,0.2315241
04D3dd,1.002795,44.235108,0.13731,44.1743,0.060808599,43.795835,0.43927333
Eagle,1.020807,44.380255,0.118836,44.222073,0.15818164,43.844398,0.53585687
04D4dw,1.0288,44.23321,0.1248,44.243007,-0.0097962182,43.865673,0.36753729
06D3en,1.060801,44.114142,0.132013,44.325235,-0.21109268,43.949219,0.16492361
Gabi,1.12085,44.518694,0.121686,44.473096,0.045598355,44.099346,0.41934856
Lancaster,1.230892,44.816045,0.128558,44.724619,0.091426077,44.354414,0.46163076
Torngasek,1.265901,44.760726,0.128614,44.799927,-0.039200859,44.430707,0.33001891
Aphrodite,1.299106,44.804213,0.128055,44.86944,-0.065227162,44.501098,0.30311487
