Name,zcmb,mu_obs,e_mu_obs,mu_model_lcdm,residual_lcdm,mu_model_QRSF,residual_QRSF
sn1999ac,0.01006,33.076313,0.174566,33.382007,-0.30569386,33.114891,-0.038577566
sn2004s,0.010291,33.121922,0.173593,33.431667,-0.30974508,33.164672,-0.042749341
sn1997do,0.01055,33.243687,0.17309,33.486052,-0.24236534,33.219188,0.024499116
sn2002dp,0.010888,33.394833,0.169021,33.555062,-0.16022859,33.288372,0.10646059
sn2006bh,0.011184,33.418357,0.166533,33.613772,-0.19541528,33.347236,0.071120671
sn2005al,0.012317,34.043068,0.16145,33.825095,0.21797376,33.559141,0.4839277
sn2001ep,0.013324,33.655632,0.158624,33.997323,-0.34169111,33.731889,-0.076257547
sn1999dq,0.013533,33.4709,0.158393,34.031449,-0.56054833,33.766122,-0.2952219
sn2002ha,0.013652,33.839835,0.157774,34.050647,-0.21081137,33.785381,0.054454142
sn2001bt,0.014151,33.705787,0.157186,34.129382,-0.4235954,33.864375,-0.15858786
sn1997e,0.014256,33.855479,0.1564,34.145599,-0.29012037,33.880646,-0.025167473
sn1992al,0.014411,33.837916,0.156643,34.169325,-0.33140848,33.904451,-0.066534795
sn1999dk,0.01444,33.737233,0.157099,34.173736,-0.43650277,33.908877,-0.17164372
sn2005bo,0.014467,33.887535,0.154784,34.177835,-0.29030017,33.91299,-0.025454684
sn2001fe,0.014575,34.021211,0.155333,34.194154,-0.17294319,33.929365,0.09184582
sn2006n,0.0147,34.085762,0.155008,34.212893,-0.12713048,33.948169,0.13759344
sn2005kc,0.01496,33.980505,0.153548,34.251372,-0.27086719,33.986781,-0.0062761772
sn2005el,0.015154,34.106559,0.153758,34.279653,-0.17309419,34.015163,0.091395553
sn2004eo,0.015469,33.821144,0.153515,34.324821,-0.50367738,34.060493,-0.23934969
sn2001en,0.015482,33.99586,0.154168,34.326665,-0.33080499,34.062344,-0.066484103
sn2001cn,0.015487,33.856674,0.153742,34.327374,-0.4706998,34.063056,-0.20638153
sn2001bf,0.015504,33.940834,0.153374,34.329783,-0.38894906,34.065474,-0.12463966
sn2001cz,0.015554,33.994274,0.153417,34.336853,-0.34257834,34.072569,-0.07829493
sn1999aa,0.015573,34.202002,0.153276,34.339533,-0.13753102,34.07526,0.12674256
sn1994s,0.015664,34.062095,0.154751,34.352328,-0.29023273,34.088101,-0.026005908
sn2004ey,0.015678,34.159785,0.151905,34.35429,-0.1945048,34.09007,0.069714876
sn2001v,0.015791,33.855547,0.152742,34.370062,-0.51451573,34.1059,-0.25035326
sn2006td,0.015999,34.303185,0.153171,34.398802,-0.095616522,34.134748,0.16843726
sn1996bv,0.016966,34.007209,0.153258,34.527745,-0.52053588,34.26419,-0.25698111
sn2006ax,0.017387,34.395547,0.148936,34.581627,-0.1860804,34.31829,0.077256944
sn1998v,0.01745,34.146628,0.150702,34.58958,-0.44295156,34.326275,-0.17964646
sn2000dk,0.017483,34.199729,0.150122,34.593734,-0.39400492,34.330446,-0.13071662
sn1998ef,0.017672,33.973923,0.150611,34.617377,-0.64345479,34.354187,-0.38026432
sn2007ci,0.018599,34.476068,0.149282,34.72984,-0.25377214,34.467129,0.0089392898
sn1992bo,0.018902,34.68293,0.149087,34.765403,-0.082473098,34.502848,0.18008274
sn2002kf,0.019581,34.742169,0.147459,34.843094,-0.10092403,34.58089,0.16127995
sn2006ej,0.02039,34.748902,0.147727,34.932262,-0.18335991,34.670476,0.07842588
sn2005ki,0.020396,34.69654,0.145393,34.93291,-0.23636956,34.671127,0.025413119
sn1992bc,0.020792,34.611741,0.14683,34.975281,-0.3635394,34.713703,-0.10196136
sn2003w,0.020997,34.619272,0.145587,34.996904,-0.37763186,34.735431,-0.11615942
sn2002jy,0.021541,35.043998,0.145405,35.05329,-0.0092928139,34.792099,0.25189868
sn2007bc,0.021706,34.823241,0.146331,35.070115,-0.24687344,34.809009,0.014231852
sn2006bq,0.021956,34.890393,0.145024,35.09537,-0.20497719,34.834393,0.055999862
sn2008bf,0.022068,34.948236,0.144685,35.106591,-0.15835524,34.845673,0.10256304
sn1995ak,0.022399,34.68654,0.149213,35.139433,-0.452893,34.878685,-0.19214519
sn2006et,0.022466,34.775523,0.145994,35.146021,-0.37049809,34.885309,-0.10978549
sn2006mp,0.022629,35.162767,0.145184,35.161971,0.00079633031,34.901343,0.26142412
sn2006ar,0.02298,35.101878,0.145076,35.195937,-0.094059,34.935491,0.16638726
sn2006cp,0.023321,34.824838,0.144025,35.22845,-0.4036127,34.96818,-0.1433424
sn2000ca,0.02336,34.999952,0.144317,35.232139,-0.23218689,34.971889,0.028062973
sn2006ac,0.023471,35.012156,0.143695,35.242604,-0.23044756,34.982412,0.029744491
sn2000cn,0.023552,34.97956,0.144309,35.25021,-0.27065012,34.99006,-0.01049991
sn2007f,0.02381,35.204577,0.144315,35.274266,-0.069689959,35.01425,0.19032691
sn2007qe,0.023867,35.063685,0.14435,35.279546,-0.21586189,35.019559,0.04412525
sn1993h,0.023909,35.098082,0.145547,35.283429,-0.18534746,35.023464,0.074617867
sn2006sr,0.024159,35.023661,0.14338,35.306404,-0.28274243,35.046567,-0.022905612
sn2005bg,0.024586,35.073339,0.142334,35.345107,-0.27176833,35.085491,-0.012152502
sn2002he,0.024725,35.193717,0.145176,35.357562,-0.16384544,35.098019,0.095697523
sn2002bf,0.024746,34.819134,0.147523,35.359438,-0.54030401,35.099906,-0.28077198
sn1994m,0.024951,34.970533,0.145319,35.377669,-0.40713628,35.118243,-0.14771005
sn1992ag,0.025198,34.99283,0.148276,35.39944,-0.40660977,35.140142,-0.14731185
sn2007cq,0.025468,34.943635,0.143429,35.423001,-0.47936619,35.163842,-0.22020722
sn2005ms,0.026567,35.377692,0.142099,35.516429,-0.13873716,35.25784,0.11985147
sn1999gp,0.026677,35.353986,0.142999,35.525571,-0.17158467,35.267039,0.086947217
sn2005na,0.026881,35.274075,0.141195,35.542426,-0.26835114,35.284,-0.0099249531
sn2007co,0.027064,35.208077,0.141685,35.55744,-0.34936295,35.299109,-0.091031812
sn2004gs,0.027499,35.554208,0.140928,35.592733,-0.038525078,35.334627,0.21958057
sn1992p,0.027637,35.512376,0.144083,35.603815,-0.091439083,35.345781,0.16659569
sn1998ab,0.027688,34.989967,0.143171,35.607897,-0.61793011,35.349889,-0.35992182
sn2002de,0.027748,35.482228,0.141846,35.612689,-0.13046094,35.354712,0.12751587
sn2003u,0.028561,35.339311,0.14269,35.676645,-0.33733396,35.419089,-0.079778314
sn2005eq,0.029086,35.610269,0.141059,35.717002,-0.10673306,35.459719,0.15054981
sn2006qo,0.029526,35.436744,0.142005,35.750278,-0.31353471,35.493224,-0.056480086
sn1990o,0.030325,35.497775,0.143169,35.809482,-0.31170718,35.552841,-0.055066736
sn2001ba,0.030381,35.669209,0.142175,35.813573,-0.1443642,35.556962,0.11224688
sn2003ch,0.030416,35.690108,0.140939,35.816127,-0.12601859,35.559534,0.13057419
sn1997dg,0.030482,35.947597,0.1417,35.820934,0.12666306,35.564376,0.38322144
sn1996c,0.030721,35.590467,0.142617,35.83826,-0.24779308,35.581825,0.0086419813
sn2006bt,0.031484,35.80412,0.140272,35.892697,-0.088576681,35.636658,0.16746173
sn2006az,0.031485,35.68697,0.140346,35.892767,-0.20579751,35.636729,0.050240384
sn2007bd,0.031638,35.584368,0.14121,35.903528,-0.31915928,35.647569,-0.063200361
sn1999cc,0.031764,35.633256,0.140686,35.91235,-0.27909407,35.656457,-0.023201101
sn2004as,0.032538,35.8802,0.14043,35.965809,-0.085608487,35.710317,0.16988294
sn2004l,0.033173,35.745515,0.143111,36.008744,-0.26322903,35.753583,-0.0080678863
sn2006s,0.033255,35.96312,0.139885,36.01423,-0.05111067,35.759112,0.20400805
sn2006gr,0.033614,35.91306,0.139809,36.038093,-0.12503227,35.783161,0.12989976
sn2005iq,0.034074,36.012203,0.138969,36.068307,-0.056103564,35.813614,0.19858948
sn2005eu,0.034781,35.901769,0.141596,36.113975,-0.21220648,35.85965,0.042119311
sn1996bl,0.034854,35.742786,0.141007,36.118639,-0.37585295,35.864351,-0.12156529
sn2003iv,0.034971,36.008294,0.140126,36.126094,-0.11779965,35.871867,0.13642722
sn1992bg,0.035218,35.883836,0.14465,36.141752,-0.25791604,35.887653,-0.0038174097
sn2002hd,0.035755,35.691602,0.142258,36.175426,-0.48382398,35.921607,-0.23000477
SDSS17784,0.03652,36.08076,0.115396,36.222556,-0.14179568,35.969134,0.11162596
sn2000cf,0.036934,36.125246,0.140956,36.24766,-0.12241387,35.994454,0.13079254
sn2006nz,0.03695,36.067055,0.114021,36.248625,-0.18156979,35.995427,0.071628223
sn2006mo,0.036969,36.135765,0.141722,36.24977,-0.11400474,35.996582,0.13918331
sn2001eh,0.037075,36.029637,0.139296,36.256147,-0.22651015,36.003014,0.026622538
sn2002hu,0.038086,36.047263,0.138952,36.316097,-0.26883356,36.06349,-0.016226756
sn1999aw,0.039083,36.261874,0.139901,36.373715,-0.11184011,36.121626,0.14024819
sn2003fa,0.039219,36.157637,0.138984,36.381462,-0.22382545,36.129445,0.02819153
sn2001az,0.040259,36.35703,0.142119,36.439862,-0.082831841,36.188386,0.16864362
sn2005lz,0.040689,36.276362,0.139014,36.463579,-0.18721655,36.212327,0.06403493
sn1992bh,0.041657,36.527303,0.141016,36.516089,0.011213226,36.265342,0.26196068
sn1992bl,0.0424,36.296029,0.142756,36.555594,-0.2595652,36.305234,-0.0092052852
SDSS10805,0.04413,36.27164,0.11486,36.645027,-0.37338705,36.395569,-0.1239291
SDSS14279,0.04428,36.292702,0.113705,36.65262,-0.35991813,36.40324,-0.11053811
sn2005hc,0.04492,36.564561,0.111373,36.684738,-0.12017713,36.435692,0.12886885
sn2004gu,0.046856,36.447889,0.137271,36.779255,-0.33136592,36.531219,-0.083330165
sn1995ac,0.048984,36.350468,0.139079,36.878867,-0.52839844,36.631942,-0.281474
sn1993ag,0.049325,36.589362,0.140167,36.894437,-0.30507537,36.647691,-0.058329032
sn1990af,0.049519,36.643828,0.139446,36.90325,-0.25942193,36.656604,-0.012776829
sn1993o,0.053126,36.846507,0.139575,37.061266,-0.21475877,36.816506,0.030000931
sn1998dx,0.05386,36.749621,0.140685,37.092145,-0.34252419,36.84777,-0.098148894
sn1999ao,0.054931,37.041519,0.143919,37.136479,-0.094960259,36.892664,0.14885477
SDSS19968,0.05499,36.903421,0.112893,37.138897,-0.23547628,36.895113,0.0083077157
SDSS6558,0.05634,37.006419,0.112867,37.193548,-0.18712961,36.950471,0.055947548
SDSS14318,0.05654,36.864026,0.122398,37.201537,-0.33751058,36.958564,-0.094538065
SDSS17745,0.05874,37.218674,0.114585,37.287654,-0.068979732,37.045834,0.17284027
sn2006ob,0.059289,37.049891,0.111086,37.308658,-0.25876769,37.067126,-0.017235216
sn2006oa,0.060959,37.14167,0.11093,37.371416,-0.22974639,37.13076,0.010910366
SDSS3901,0.062818,37.129647,0.112357,37.439356,-0.30970974,37.199675,-0.070028106
sn2007ae,0.062961,37.139126,0.140212,37.444502,-0.30537584,37.204895,-0.065769515
sn1992bs,0.063345,37.416847,0.141293,37.458264,-0.041416445,37.218859,0.19798842
SDSS10028,0.064229,37.197295,0.112975,37.489642,-0.29234711,37.250702,-0.053406257
sn2006an,0.065193,37.374426,0.139912,37.52339,-0.14896418,37.284955,0.089470454
SDSS6057,0.06651,37.294806,0.112612,37.568727,-0.27392185,37.330985,-0.036178947
sn2006al,0.069122,37.617081,0.145157,37.656146,-0.039065016,37.419776,0.19730515
sn2006on,0.069751,37.294725,0.111409,37.676723,-0.38199856,37.440684,-0.14595893
sn1993b,0.070153,37.383197,0.146379,37.689781,-0.30658429,37.453953,-0.070756155
SDSS17240,0.07153,37.392019,0.157968,37.733971,-0.3419516,37.498867,-0.10684767
SDSS17880,0.07195,37.342194,0.112772,37.747287,-0.40509215,37.512404,-0.17020927
sn1992ae,0.074579,37.484462,0.141947,37.828981,-0.34451923,37.595482,-0.11102032
sn2005ir,0.07487,37.600639,0.110074,37.837853,-0.23721444,37.604508,-0.0038689631
SDSS19155,0.07592,37.770136,0.112389,37.869595,-0.099458807,37.636802,0.13333383
sn1999bp,0.078317,37.726108,0.138307,37.940507,-0.21439942,37.708978,0.017129746
SDSS17186,0.07849,38.035737,0.113854,37.945545,0.090191891,37.714107,0.32162993
sn1992bp,0.07884,37.541851,0.138584,37.955703,-0.41385228,37.72445,-0.18259887
SDSS12779,0.07891,37.822083,0.117766,37.95773,-0.13564701,37.726514,0.095569552
SDSS12898,0.07997,37.842822,0.112109,37.98821,-0.14538802,37.757552,0.085269617
sn2005ag,0.080103,37.667141,0.136253,37.992007,-0.32486594,37.761419,-0.094278602
SDSS12950,0.08133,37.935407,0.111814,38.026755,-0.091348155,37.796815,0.13859194
SDSS12781,0.08304,38.065672,0.115125,38.074355,-0.0086823733,37.845317,0.2203553
SDSS722,0.08522,37.970228,0.128423,38.133698,-0.16347037,37.905812,0.06441615
SDSS3592,0.08528,37.928381,0.111932,38.135311,-0.20693005,37.907456,0.020924668
SDSS21502,0.08784,37.989534,0.112907,38.203132,-0.21359782,37.97663,0.012904264
SDSS1241,0.08889,37.936103,0.11251,38.230405,-0.29430231,38.004458,-0.068355549
SDSS19899,0.09007,38.021375,0.111899,38.260691,-0.23931587,38.035368,-0.013993009
SDSS17258,0.0901,37.828996,0.124187,38.261456,-0.43245987,38.036149,-0.20715293
SDSS774,0.09243,38.160297,0.122156,38.320146,-0.15984941,38.096072,0.064224643
SDSS18241,0.09391,38.333255,0.11374,38.356699,-0.023443958,38.133408,0.1998468
SDSS2102,0.09401,38.212454,0.112725,38.359149,-0.14669519,38.135911,0.0765426
SDSS16185,0.09582,38.280928,0.112716,38.40307,-0.12214159,38.180791,0.10013752
SDSS13038,0.10264,38.528458,0.113322,38.561772,-0.033313952,38.343108,0.1853492
SDSS10434,0.10289,38.47728,0.114221,38.567397,-0.090116698,38.348866,0.12841372
SDSS13135,0.10337,38.400372,0.111598,38.578161,-0.17778976,38.359886,0.040485891
SDSS20064,0.10391,38.25769,0.112416,38.590215,-0.33252455,38.372226,-0.1145355
SDSS14816,0.10589,38.259627,0.112285,38.633909,-0.37428262,38.416971,-0.1573448
SDSS18697,0.10602,38.388928,0.111682,38.636751,-0.24782317,38.419882,-0.030954483
SDSS20625,0.10667,38.529439,0.112607,38.65091,-0.12147122,38.434386,0.095052431
SDSS18375,0.10725,38.205555,0.111743,38.663475,-0.45792001,38.44726,-0.24170463
SDSS21034,0.10751,38.544067,0.112402,38.669087,-0.12501965,38.45301,0.091057686
SDSS7147,0.10924,38.548224,0.112096,38.706103,-0.15787927,38.490945,0.05727869
SDSS18650,0.11271,38.715163,0.112009,38.778707,-0.06354483,38.565395,0.14976794
SDSS11067,0.11304,38.632945,0.112246,38.785502,-0.15255679,38.572364,0.060580383
SDSS18612,0.11368,38.434426,0.111953,38.798625,-0.36419911,38.585828,-0.15140227
SDSS16641,0.11389,38.794576,0.113093,38.802916,-0.0083402699,38.590231,0.20434467
SDSS16619,0.11402,38.462485,0.11346,38.805569,-0.34308322,38.592953,-0.13046742
SDSS5395,0.11635,38.729957,0.111949,38.852632,-0.12267549,38.641256,0.088700305
SDSS8719,0.11651,38.672468,0.113022,38.855831,-0.18336335,38.644541,0.02792706
SDSS2561,0.11741,38.700061,0.112518,38.873749,-0.17368795,38.662938,0.037123228
SDSS19953,0.11767,38.741727,0.111671,38.878901,-0.13717388,38.668228,0.073499026
SDSS16259,0.11771,38.640093,0.113079,38.879693,-0.2396004,38.669041,-0.028948865
SDSS1371,0.11771,38.527971,0.11196,38.879693,-0.35172148,38.669041,-0.14106994
SDSS14871,0.11845,38.812895,0.111824,38.894293,-0.081398113,38.684036,0.12885923
SDSS18298,0.11863,38.416553,0.127194,38.897832,-0.48127881,38.68767,-0.27111734
SDSS13894,0.11966,38.95985,0.113363,38.917983,0.04186685,38.70837,0.25147952
SDSS5549,0.11967,38.717946,0.111976,38.918178,-0.20023134,38.70857,0.0093760035
SDSS13044,0.11967,38.837411,0.112171,38.918178,-0.080766474,38.70857,0.12884087
SDSS12860,0.12044,38.780122,0.113463,38.933134,-0.15301179,38.723937,0.056185278
SDSS19543,0.12164,38.946145,0.112462,38.956264,-0.010119077,38.747707,0.19843856
SDSS18835,0.12262,38.707357,0.11183,38.974995,-0.26763799,38.766959,-0.059602908
SDSS16021,0.12276,38.737216,0.112478,38.977659,-0.24044233,38.769698,-0.032481922
SDSS21669,0.12281,38.662602,0.129766,38.97861,-0.31600743,38.770676,-0.10807364
SDSS2916,0.12303,38.721556,0.119632,38.982789,-0.26123288,38.774972,-0.053416377
SDSS6406,0.12376,38.686488,0.111795,38.996606,-0.31011822,38.789179,-0.10269092
SDSS20470,0.1244,38.959303,0.113068,39.008657,-0.049354441,38.801571,0.15773142
06D2fb,0.125298,38.812432,0.085713,39.025468,-0.21303537,38.818861,-0.006428517
SDSS13005,0.12593,38.931494,0.157613,39.037231,-0.10573756,38.830961,0.1005322
SDSS2992,0.12608,38.626104,0.113495,39.040015,-0.41391112,38.833825,-0.20772139
SDSS744,0.12649,38.834716,0.118731,39.047608,-0.21289191,38.841637,-0.0069209157
SDSS18855,0.12715,38.872201,0.111895,39.059782,-0.1875814,38.854164,0.018037287
SDSS16069,0.12739,38.792596,0.113191,39.064195,-0.27159885,38.858704,-0.066108171
SDSS18809,0.12837,38.870821,0.112485,39.082131,-0.21130938,38.877163,-0.0063418658
SDSS22075,0.12893,38.840284,0.113756,39.092322,-0.25203811,38.887653,-0.047369534
SDSS1032,0.12903,38.873791,0.115931,39.094138,-0.22034677,38.889522,-0.015731483
SDSS5751,0.12953,38.807645,0.112137,39.103195,-0.29555068,38.898847,-0.091202301
SDSS18415,0.12961,38.956012,0.113841,39.104642,-0.14862935,38.900336,0.055676203
SDSS20084,0.12961,39.141727,0.113865,39.104642,0.037085021,38.900336,0.24139058
SDSS17280,0.13045,39.199031,0.147057,39.119776,0.079254566,38.915919,0.28311161
SDSS14108,0.13243,39.234972,0.112393,39.15509,0.079881541,38.952291,0.28268086
SDSS18602,0.13362,39.077669,0.113865,39.176077,-0.098407703,38.973913,0.10375577
SDSS15508,0.13392,38.966034,0.111798,39.18134,-0.21530582,38.979336,-0.013302511
SDSS15234,0.13508,39.242322,0.113196,39.201586,0.040735804,39.000203,0.24211896
SDSS17629,0.13588,38.873391,0.113673,39.215454,-0.34206281,39.014498,-0.14110736
SDSS19775,0.13668,38.995995,0.113428,39.229245,-0.23325024,39.028718,-0.032722494
SDSS17366,0.13811,38.981395,0.112284,39.25371,-0.27231449,39.053947,-0.072551524
SDSS15171,0.13818,39.048423,0.11186,39.254901,-0.20647812,39.055176,-0.0067525644
SDSS17208,0.13864,39.36218,0.119461,39.262717,0.099462674,39.063237,0.2989422
SDSS12928,0.13868,39.066861,0.116765,39.263395,-0.19653459,39.063937,0.002923576
SDSS1794,0.14139,39.200636,0.113002,39.308938,-0.10830268,39.11093,0.089705499
SDSS14437,0.14265,39.13653,0.112226,39.329835,-0.1933048,39.132501,0.0040289072
SDSS2635,0.1431,39.139085,0.112072,39.337256,-0.19817107,39.140163,-0.0010782648
SDSS13796,0.1436,39.058163,0.111766,39.345476,-0.28731297,39.148651,-0.090487881
SDSS17497,0.14382,39.107025,0.111949,39.349084,-0.24205948,39.152377,-0.04535231
SDSS8921,0.14401,39.137892,0.114616,39.352197,-0.21430497,39.155591,-0.01769937
SDSS16073,0.14468,39.430541,0.112388,39.36314,0.067401131,39.166894,0.26364777
SDSS14024,0.14478,39.128046,0.114439,39.36477,-0.23672386,39.168576,-0.040530721
SDSS17605,0.14533,39.165471,0.119235,39.373712,-0.20824146,39.177813,-0.012342782
SDSS11300,0.14547,38.873755,0.113737,39.375983,-0.50222796,39.18016,-0.30640441
SDSS21062,0.14564,39.482628,0.114307,39.378738,0.10388923,39.183006,0.29962174
SDSS19940,0.14582,39.01236,0.112189,39.381652,-0.36929203,39.186016,-0.17365588
SDSS12930,0.14607,39.310932,0.117074,39.385694,-0.074761708,39.190192,0.12074046
SDSS2308,0.148,39.305036,0.111944,39.416678,-0.1116423,39.22221,0.082825901
SDSS21510,0.14839,39.153355,0.11378,39.422893,-0.26953746,39.228634,-0.075278192
SDSS16116,0.1486,39.394763,0.112448,39.426233,-0.031469998,39.232086,0.16267656
SDSS13736,0.14901,39.262975,0.112283,39.432742,-0.16976657,39.238815,0.02416026
SDSS16206,0.15065,39.118932,0.113842,39.45861,-0.33967748,39.265562,-0.14662968
SDSS2031,0.15186,39.204258,0.112035,39.477527,-0.27326917,39.285128,-0.080870133
SDSS15132,0.15295,39.375366,0.111718,39.494447,-0.1190808,39.302633,0.07273358
SDSS19353,0.15322,39.272281,0.113617,39.498621,-0.22633986,39.306952,-0.034670137
SDSS18323,0.15363,39.448143,0.115274,39.504946,-0.056803569,39.313496,0.13464619
SDSS17253,0.15463,39.371679,0.1715,39.520307,-0.14862753,39.329394,0.042285721
SDSS5550,0.15473,39.335028,0.111655,39.521838,-0.18680993,39.330978,0.0040496109
SDSS18030,0.15506,39.511723,0.118308,39.526884,-0.015160512,39.336201,0.17552204
SDSS18740,0.15575,39.142044,0.111931,39.537401,-0.3953576,39.347089,-0.20504529
SDSS16165,0.15596,39.343842,0.112725,39.540594,-0.1967515,39.350394,-0.006551877
SDSS13354,0.15653,39.221901,0.113012,39.549238,-0.32733749,39.359345,-0.13744381
SDSS17171,0.15895,39.372873,0.145393,39.585616,-0.21274265,39.397021,-0.024147834
SDSS15425,0.15935,39.113679,0.111983,39.591579,-0.4779001,39.403199,-0.28952004
SDSS17825,0.15999,39.420751,0.113136,39.60109,-0.18033958,39.413054,0.0076967
SDSS3317,0.15999,39.263229,0.113095,39.60109,-0.33786177,39.413054,-0.14982549
SDSS2689,0.16035,39.250122,0.114045,39.606425,-0.35630257,39.418582,-0.16845956
SDSS5103,0.1605,39.327255,0.113217,39.608644,-0.28138927,39.420882,-0.093626862
SDSS13411,0.1618,39.568869,0.120879,39.627799,-0.058930223,39.440735,0.12813398
SDSS20430,0.16284,39.558532,0.114429,39.64302,-0.084487317,39.456514,0.10201832
SDSS19174,0.16357,39.286594,0.114386,39.653649,-0.36705541,39.467536,-0.18094208
SDSS20764,0.16387,39.453797,0.113522,39.658005,-0.20420742,39.472052,-0.01825523
SDSS3087,0.1644,39.365084,0.11306,39.665681,-0.3005968,39.480014,-0.11492944
SDSS19616,0.16455,39.387664,0.113442,39.66785,-0.28018592,39.482263,-0.094599109
SDSS12843,0.16565,39.202247,0.118455,39.683695,-0.48144767,39.498699,-0.29645205
SDSS12853,0.16817,39.333731,0.116716,39.719628,-0.38589733,39.535987,-0.20225628
SDSS15897,0.16869,39.544445,0.116161,39.72698,-0.18253546,39.543619,0.00082590916
05D3ne,0.169455,39.580732,0.088415,39.737758,-0.15702666,39.554808,0.025923425
SDSS12856,0.17028,39.584277,0.112043,39.749331,-0.16505327,39.566824,0.017453056
SDSS12855,0.17063,39.435724,0.114853,39.754224,-0.31849992,39.571906,-0.1361819
SDSS17220,0.17066,39.397723,0.115012,39.754643,-0.35692,39.572341,-0.1746181
SDSS17389,0.1707,39.808694,0.115438,39.755202,0.053492062,39.572922,0.23577247
SDSS15453,0.17373,39.836681,0.114314,39.797165,0.039516312,39.616514,0.22016657
SDSS3080,0.17374,39.463768,0.112831,39.797302,-0.33353419,39.616657,-0.15288931
SDSS15648,0.17383,39.525192,0.122163,39.798538,-0.27334585,39.617941,-0.092749321
SDSS14421,0.17386,39.700435,0.112491,39.79895,-0.098514528,39.618369,0.08206589
SDSS12927,0.17415,39.359493,0.118918,39.802927,-0.44343433,39.622503,-0.2630101
SDSS19969,0.1742,39.514497,0.113041,39.803613,-0.28911531,39.623215,-0.10871796
SDSS19282,0.17558,39.635173,0.113152,39.822451,-0.18727808,39.642797,-0.0076233913
SDSS18807,0.17625,39.745679,0.113139,39.831548,-0.085868574,39.652254,0.093425365
SDSS14979,0.17653,39.625476,0.11256,39.83534,-0.20986407,39.656197,-0.03072076
SDSS15365,0.17656,39.786039,0.113446,39.835746,-0.049706774,39.656619,0.12942035
SDSS18604,0.17656,39.813561,0.113509,39.835746,-0.022184492,39.656619,0.15694264
SDSS17274,0.17658,40.146933,0.1635,39.836017,0.31091674,39.6569,0.49003308
SDSS15583,0.17706,39.666107,0.113873,39.842502,-0.17639588,39.663644,0.0024620253
SDSS17218,0.17757,39.634082,0.114576,39.849376,-0.21529354,39.670792,-0.036710235
SDSS14451,0.17789,39.574974,0.112906,39.853679,-0.27870518,39.675268,-0.1002941
SDSS5635,0.1781,40.052473,0.117139,39.856499,0.19597427,39.678201,0.37427222
SDSS15461,0.17865,39.697223,0.113319,39.863871,-0.166648,39.685869,0.011353882
SDSS2372,0.17962,39.562818,0.113572,39.87682,-0.31400124,39.69934,-0.13652174
SDSS6936,0.17969,39.686965,0.113497,39.877752,-0.19078659,39.70031,-0.01334484
SDSS13254,0.17981,39.981137,0.120493,39.879348,0.10178881,39.701971,0.27916591
SDSS14284,0.18037,39.447761,0.112763,39.886787,-0.43902631,39.709712,-0.26195077
SDSS13045,0.18055,39.543292,0.118342,39.889174,-0.3458818,39.712195,-0.16890324
SDSS20048,0.18056,39.793426,0.117002,39.889306,-0.0958799,39.712333,0.081093274
SDSS17215,0.18079,39.621278,0.117616,39.892352,-0.27107419,39.715503,-0.094224891
SDSS15443,0.18122,39.590054,0.112167,39.898037,-0.30798293,39.72142,-0.13136526
SDSS17332,0.18204,39.584028,0.115898,39.908844,-0.32481542,39.732668,-0.14863951
SDSS6422,0.18255,39.764285,0.112208,39.915542,-0.15125745,39.739641,0.024643731
SDSS16281,0.18255,39.62761,0.114391,39.915542,-0.28793244,39.739641,-0.11203126
SDSS17168,0.18257,39.842601,0.115147,39.915804,-0.07320344,39.739914,0.10268698
SDSS14984,0.1828,39.834222,0.115225,39.918819,-0.084596952,39.743053,0.091169498
SDSS1580,0.18322,39.566101,0.114206,39.924315,-0.35821452,39.748775,-0.18267436
SDSS8213,0.18327,39.569065,0.117564,39.924969,-0.3559037,39.749456,-0.1803905
SDSS15421,0.18435,39.851818,0.112927,39.939045,-0.087226768,39.764113,0.087704556
05D2ah,0.185371,39.794575,0.085522,39.952281,-0.15770649,39.7779,0.016674538
SDSS19101,0.18563,39.658661,0.11449,39.955628,-0.29696662,39.781387,-0.12272518
SDSS5994,0.18581,39.82584,0.114889,39.957952,-0.13211196,39.783807,0.042032454
SDSS21861,0.18655,39.624409,0.121972,39.967482,-0.34307252,39.793736,-0.16932693
SDSS18749,0.18667,39.720546,0.114334,39.969024,-0.24847758,39.795343,-0.074796707
SDSS20687,0.18772,39.620767,0.118492,39.982478,-0.36171096,39.809363,-0.18859618
SDSS6304,0.18965,39.711922,0.113593,40.007027,-0.29510533,39.834953,-0.12303108
SDSS762,0.1901,39.961754,0.114249,40.012718,-0.050963462,39.840886,0.12086813
SDSS18804,0.19084,39.750769,0.112617,40.022048,-0.27127843,39.850615,-0.099846041
SDSS16276,0.19176,39.870269,0.114367,40.033601,-0.1633315,39.862665,0.0076047081
SDSS18787,0.19191,40.161918,0.114568,40.03548,0.12643784,39.864624,0.29729317
SDSS16618,0.19198,39.705824,0.114573,40.036356,-0.33053239,39.865538,-0.15971486
SDSS2440,0.19215,40.019265,0.114217,40.038483,-0.019217501,39.867757,0.15150831
SDSS16100,0.19392,39.899804,0.117691,40.060524,-0.16072004,39.890753,0.0090509177
SDSS2246,0.19422,39.859825,0.11684,40.064242,-0.20441639,39.894633,-0.034807305
SDSS20575,0.19465,39.588541,0.114454,40.06956,-0.48101916,39.900183,-0.31164209
SDSS19149,0.19494,39.551078,0.11376,40.073142,-0.5220635,39.903921,-0.35284279
SDSS16099,0.1958,39.968351,0.113084,40.083732,-0.11538132,39.914975,0.053375313
SDSS15674,0.19654,40.006128,0.117701,40.09281,-0.086681568,39.924453,0.081675608
SDSS18768,0.19671,40.079696,0.118689,40.094891,-0.015195071,39.926625,0.15307045
SDSS15129,0.19699,39.844063,0.114008,40.098315,-0.25425154,39.9302,-0.08613723
SDSS13070,0.19709,39.980877,0.116183,40.099537,-0.11865939,39.931476,0.049401024
SDSS15901,0.19794,39.955027,0.114551,40.109898,-0.15487091,39.942296,0.012730696
SDSS15222,0.19801,39.775762,0.115064,40.11075,-0.33498736,39.943186,-0.16742348
SDSS19658,0.19863,40.022234,0.116081,40.118279,-0.096044745,39.95105,0.071184342
SDSS17811,0.19867,39.987938,0.114249,40.118764,-0.1308259,39.951556,0.036381587
SDSS16737,0.1988,39.742162,0.124264,40.120339,-0.37817702,39.953202,-0.21103966
SDSS13305,0.19959,40.002195,0.115206,40.129894,-0.12769874,39.963183,0.039012099
SDSS6780,0.20061,39.850487,0.120729,40.142179,-0.29169209,39.976018,-0.12553185
SDSS15872,0.20203,39.91546,0.117009,40.159184,-0.24372392,39.993791,-0.078330478
SDSS7243,0.20231,39.997872,0.117808,40.162524,-0.16465268,39.997282,0.00058955103
SDSS16032,0.20318,40.030084,0.114994,40.172875,-0.14279181,40.008103,0.021980565
SDSS14212,0.20399,40.015354,0.114245,40.182476,-0.16712197,40.018141,-0.0027871068
SDSS18965,0.20466,40.025888,0.115117,40.19039,-0.16450148,40.026417,-0.00052845471
SDSS17801,0.20515,40.189933,0.131465,40.196162,-0.0062298498,40.032454,0.15747846
SDSS20581,0.20554,39.977925,0.114345,40.200748,-0.22282336,40.03725,-0.059325695
SDSS19913,0.20557,40.064992,0.114899,40.2011,-0.13610847,40.037619,0.027372971
SDSS13152,0.2056,39.725076,0.113718,40.201453,-0.47637657,40.037988,-0.31291135
SDSS15201,0.20704,40.382853,0.117479,40.21831,0.16454312,40.055622,0.32723037
SDSS13641,0.20852,40.053077,0.114386,40.235522,-0.18244483,40.073634,-0.020557162
SDSS15467,0.2091,39.965702,0.115699,40.242236,-0.27653396,40.080662,-0.11495978
SDSS13425,0.20953,39.97229,0.131221,40.247203,-0.27491289,40.085861,-0.11357109
SDSS16473,0.2096,40.098031,0.115465,40.24801,-0.14997924,40.086706,0.011324712
04D1dc,0.210032,39.940759,0.085765,40.252989,-0.31223025,40.091919,-0.15115976
SDSS19425,0.21025,40.06196,0.128931,40.255498,-0.19353847,40.094545,-0.03258573
SDSS15259,0.21054,39.946447,0.11424,40.258832,-0.31238441,40.098036,-0.15158847
SDSS17875,0.21075,40.325716,0.116152,40.261243,0.064473034,40.100561,0.22515558
SDSS14157,0.21082,39.870705,0.11447,40.262047,-0.39134108,40.101402,-0.23069643
SDSS7847,0.21134,39.893376,0.115658,40.268006,-0.37462991,40.107643,-0.21426636
SDSS6933,0.21163,39.953113,0.114069,40.271324,-0.31821139,40.111117,-0.15800448
SDSS2330,0.21179,40.41951,0.124547,40.273153,0.14635741,40.113032,0.30647773
SDSS18466,0.21226,40.021027,0.115112,40.278517,-0.25748994,40.118651,-0.097623674
SDSS14331,0.2126,40.27207,0.116607,40.282391,-0.010321124,40.122708,0.14936138
SDSS8495,0.21295,40.048138,0.121443,40.286372,-0.23823477,40.126879,-0.078741398
SDSS18927,0.21323,39.856819,0.117876,40.289553,-0.43273483,40.130211,-0.27339291
SDSS20364,0.21382,40.133128,0.11761,40.296244,-0.16311578,40.13722,-0.0040927209
SDSS7473,0.21457,40.213491,0.114262,40.304723,-0.091232297,40.146106,0.067385195
SDSS15203,0.21468,40.01396,0.114437,40.305965,-0.29200452,40.147406,-0.13344641
SDSS14019,0.21513,40.506169,0.120494,40.311037,0.19513218,40.152722,0.35344698
SDSS17435,0.21674,40.224268,0.115124,40.329104,-0.10483597,40.17166,0.052608167
SDSS9467,0.21698,40.362519,0.124622,40.331786,0.030732355,40.174472,0.18804673
SDSS19008,0.21757,40.022694,0.11934,40.338369,-0.31567551,40.181374,-0.15868024
SDSS5533,0.21829,40.130614,0.114544,40.34638,-0.21576665,40.189774,-0.059160718
SDSS7512,0.21835,40.22788,0.116348,40.347047,-0.1191671,40.190473,0.037406348
SDSS18940,0.21861,40.034787,0.114762,40.349933,-0.31514626,40.1935,-0.15871336
SDSS20144,0.21865,40.151814,0.11463,40.350377,-0.1985628,40.193965,-0.042151508
05D3kx,0.219462,40.124424,0.085341,40.359368,-0.23494368,40.203396,-0.078971611
SDSS19230,0.21955,39.855575,0.119543,40.360341,-0.50476574,40.204416,-0.34884125
SDSS13727,0.21971,40.207089,0.115514,40.362108,-0.15501887,40.20627,0.00081898988
SDSS15433,0.21976,40.191425,0.114935,40.36266,-0.17123517,40.206849,-0.015424357
SDSS16793,0.22058,40.047012,0.138465,40.371698,-0.3246856,40.21633,-0.16931833
SDSS15354,0.22068,39.987392,0.119891,40.372798,-0.38540552,40.217485,-0.23009234
SDSS15229,0.22256,40.271888,0.11527,40.393392,-0.12150442,40.239096,0.032791797
SDSS14846,0.22328,40.220412,0.115872,40.401237,-0.18082526,40.24733,-0.026918668
SDSS13025,0.22351,40.301727,0.1168,40.403738,-0.10201093,40.249956,0.051771296
SDSS19992,0.22452,40.485442,0.122907,40.414692,0.070749657,40.261457,0.22398533
SDSS19341,0.22667,40.166936,0.118938,40.43786,-0.27092414,40.285788,-0.11885191
SDSS13578,0.22668,40.208463,0.115846,40.437967,-0.22950378,40.2859,-0.077436961
SDSS21033,0.22786,40.210809,0.11565,40.450596,-0.23978642,40.299167,-0.08835813
SDSS3452,0.22893,40.265744,0.115979,40.461994,-0.19625037,40.311145,-0.045401323
SDSS13072,0.22916,40.240237,0.122097,40.464438,-0.22420125,40.313713,-0.073476602
SDSS12881,0.2316,40.149821,0.118789,40.490224,-0.34040328,40.34082,-0.19099955
SDSS12971,0.2338,40.293871,0.115605,40.513259,-0.21938812,40.365046,-0.071175474
SDSS17223,0.23381,40.273987,0.118911,40.513363,-0.2393762,40.365156,-0.091168967
SDSS16350,0.23472,40.269667,0.116813,40.522832,-0.25316532,40.375118,-0.10545081
SDSS13511,0.23646,40.587645,0.117789,40.540844,0.046800832,40.394071,0.19357314
SDSS17884,0.23782,40.387909,0.116252,40.554836,-0.16692708,40.4088,-0.020891269
SDSS15868,0.24102,40.539081,0.116005,40.58747,-0.04838894,40.443167,0.095913774
SDSS13506,0.24179,40.39325,0.122422,40.595263,-0.20201282,40.451377,-0.058127266
SDSS19023,0.24185,40.444511,0.114848,40.595869,-0.15135833,40.452016,-0.0075052464
SDSS20111,0.24348,40.430191,0.118064,40.612286,-0.18209419,40.469316,-0.039124148
SDSS20088,0.24352,40.453641,0.113403,40.612687,-0.15904594,40.469739,-0.016097561
SDSS3377,0.24448,40.242662,0.115275,40.622307,-0.37964528,40.479879,-0.23721694
SDSS19990,0.24495,40.511808,0.119541,40.627004,-0.11519608,40.48483,0.026977656
SDSS18486,0.2454,40.297824,0.114389,40.631493,-0.33366935,40.489563,-0.19173941
SDSS17464,0.24555,39.990067,0.116206,40.632988,-0.64292119,40.491139,-0.50107257
SDSS20039,0.24558,40.343133,0.118174,40.633287,-0.29015322,40.491454,-0.14832088
SDSS12977,0.24562,40.361734,0.115338,40.633685,-0.27195155,40.491874,-0.13014088
SDSS15466,0.24568,40.140192,0.120181,40.634283,-0.49409106,40.492504,-0.3523129
SDSS13835,0.24625,40.456468,0.114566,40.639952,-0.18348438,40.498483,-0.042014984
SDSS16352,0.24647,40.374093,0.115433,40.642137,-0.26804374,40.500787,-0.1266936
05D3mq,0.246492,40.460694,0.086206,40.642355,-0.18166149,40.501017,-0.04032327
SDSS15301,0.2466,40.097657,0.114128,40.643427,-0.5457698,40.502148,-0.40449009
SDSS15219,0.24695,40.564021,0.114812,40.646898,-0.082876906,40.505808,0.05821316
SDSS15161,0.2485,40.380443,0.117491,40.662214,-0.28177081,40.521963,-0.1415205
SDSS3451,0.24851,40.265104,0.116195,40.662312,-0.39720836,40.522067,-0.25696348
SDSS16213,0.24857,40.517738,0.115731,40.662903,-0.14516484,40.522691,-0.0049525185
SDSS17552,0.24862,40.526949,0.11712,40.663396,-0.13644675,40.52321,0.0037384617
SDSS15504,0.24947,40.594727,0.131353,40.671753,-0.077026107,40.532029,0.062698521
SDSS3199,0.24961,40.809913,0.118164,40.673127,0.13678579,40.533479,0.27643452
SDSS16106,0.24973,40.447835,0.120462,40.674305,-0.22646979,40.534721,-0.086886046
SDSS13689,0.25012,40.639639,0.116581,40.678127,-0.038487816,40.538754,0.10088457
SDSS5717,0.25037,40.680298,0.115791,40.680574,-0.00027610502,40.541337,0.13896081
06D3gn,0.250498,40.482986,0.086012,40.681826,-0.19884027,40.542658,-0.059672741
SDSS13655,0.25104,40.541741,0.119872,40.687121,-0.14538047,40.548247,-0.0065066227
SDSS5736,0.25174,40.452095,0.115824,40.693945,-0.24184923,40.55545,-0.10335476
SDSS15440,0.25205,40.344868,0.11822,40.696961,-0.35209285,40.558634,-0.21376632
SDSS9032,0.25249,40.47259,0.126796,40.701236,-0.22864613,40.563148,-0.090558049
SDSS14481,0.25351,40.821218,0.123692,40.71112,0.11009856,40.573585,0.24763378
SDSS18325,0.25356,40.55491,0.120869,40.711603,-0.15669339,40.574095,-0.019185269
SDSS9457,0.25539,40.496854,0.130119,40.729242,-0.23238744,40.592725,-0.095871147
SDSS1112,0.25611,40.583198,0.12482,40.736149,-0.15295087,40.600023,-0.016824833
SDSS17340,0.25617,40.378298,0.119755,40.736724,-0.35842589,40.60063,-0.22233238
SDSS12972,0.25655,40.62415,0.12587,40.740361,-0.11621109,40.604474,0.019676457
SDSS19207,0.25721,40.552203,0.121726,40.746668,-0.19446438,40.611138,-0.058934526
SDSS6108,0.258,40.529043,0.117106,40.754196,-0.22515317,40.619095,-0.090051577
SDSS8046,0.25833,40.578072,0.119891,40.757335,-0.17926263,40.622412,-0.044339922
SDSS2017,0.26014,40.875812,0.122802,40.774483,0.10132919,40.640542,0.23527075
SDSS1253,0.26059,40.501317,0.120435,40.77873,-0.27741303,40.645032,-0.14371541
SDSS14298,0.2607,40.745154,0.117389,40.779767,-0.034612203,40.646129,0.09902582
05D1hk,0.261984,40.466483,0.08739,40.791841,-0.32535749,40.658899,-0.19241555
04D3ez,0.263487,40.479682,0.08555,40.805905,-0.3262236,40.673778,-0.19409644
SDSS2422,0.26349,40.870308,0.115945,40.805933,0.064374453,40.673808,0.19649999
SDSS20345,0.26357,40.422532,0.11624,40.80668,-0.38414745,40.674598,-0.25206532
SDSS2943,0.26405,40.585497,0.117962,40.811155,-0.22565797,40.679333,-0.093836076
SDSS13099,0.26451,40.702204,0.119638,40.815436,-0.1132314,40.683863,0.018341102
SDSS6315,0.26576,40.564483,0.114629,40.827035,-0.26255154,40.69614,-0.13165671
SDSS18463,0.26665,40.640702,0.120817,40.835263,-0.19456058,40.70485,-0.064148286
SDSS19002,0.2671,40.604091,0.116111,40.839413,-0.23532235,40.709245,-0.10515404
SDSS19702,0.26821,40.71525,0.121714,40.849623,-0.13437325,40.720057,-0.0048067064
06D3fp,0.268489,40.601963,0.08555,40.852183,-0.25021995,40.722768,-0.12080474
SDSS18945,0.26856,40.816638,0.118128,40.852834,-0.036196265,40.723458,0.093180464
03D4cj,0.268624,40.51915,0.086242,40.853421,-0.33427161,40.724079,-0.20492955
SDSS6192,0.27044,40.645286,0.118685,40.870018,-0.22473241,40.74166,-0.096374942
SDSS15287,0.27258,40.638106,0.11421,40.889444,-0.25133781,40.762247,-0.12414074
SDSS15356,0.27447,40.540653,0.118156,40.906483,-0.36583041,40.780311,-0.23965816
SDSS4046,0.27544,40.676202,0.119548,40.915186,-0.23898404,40.78954,-0.1133378
SDSS16072,0.27549,40.672605,0.127184,40.915634,-0.24302964,40.790015,-0.11741051
SDSS12869,0.27653,40.572846,0.126014,40.924932,-0.35208667,40.799877,-0.22703144
SDSS4000,0.27745,40.839397,0.128283,40.933131,-0.093733276,40.808574,0.030823116
SDSS17791,0.27749,41.403843,0.136665,40.933487,0.47035661,40.808952,0.59489131
SDSS18485,0.27822,40.787053,0.117336,40.939973,-0.15292048,40.815834,-0.028781685
SDSS5957,0.27852,40.849748,0.118155,40.942634,-0.092886325,40.818658,0.031089785
SDSS6196,0.27916,40.440035,0.11948,40.948302,-0.50826716,40.824673,-0.38463805
SDSS14261,0.27952,40.591051,0.121901,40.951485,-0.36043435,40.828052,-0.23700049
SDSS17809,0.28051,40.649922,0.122739,40.960219,-0.31029692,40.837322,-0.18739984
SDSS15584,0.28111,40.673262,0.11753,40.965499,-0.29223668,40.842927,-0.16966502
SDSS20227,0.28243,40.843344,0.11747,40.977077,-0.13373285,40.855221,-0.011876966
06D3dt,0.28251,40.937694,0.085709,40.977777,-0.040083482,40.855965,0.081729003
SDSS20040,0.28351,40.737908,0.118366,40.986513,-0.24860539,40.865243,-0.12733515
03D4ag,0.28361,40.703312,0.086683,40.987385,-0.28407284,40.866169,-0.16285677
SDSS19128,0.28543,41.0361,0.119195,41.003206,0.032894379,40.882977,0.1531235
SDSS2165,0.28662,41.098935,0.11978,41.0135,0.085434623,40.893917,0.20501845
SDSS13757,0.28742,40.98442,0.118845,41.020399,-0.035978213,40.901249,0.083171775
SDSS16402,0.28845,40.365663,0.116661,41.029254,-0.6635914,40.910663,-0.54499986
SDSS2789,0.28872,40.849092,0.124095,41.031571,-0.18247839,40.913125,-0.06403334
SDSS21006,0.29021,40.763225,0.116557,41.044318,-0.28109314,40.926681,-0.16345597
SDSS19596,0.29135,40.819653,0.12122,41.054031,-0.23437749,40.937012,-0.11735855
03D3ba,0.291718,40.758243,0.093479,41.057158,-0.29891538,40.940339,-0.18209599
SDSS19818,0.29192,40.740149,0.124168,41.058874,-0.31872491,40.942164,-0.20201499
SDSS6249,0.29287,40.817174,0.119196,41.066926,-0.24975272,40.950731,-0.13355792
SDSS19027,0.2935,40.492773,0.120303,41.072253,-0.57947991,40.9564,-0.46362678
SDSS19604,0.29448,41.079777,0.140875,41.080518,-0.00074087359,40.965196,0.11458089
SDSS19794,0.29542,40.808155,0.134209,41.088422,-0.28026655,40.97361,-0.16545444
SDSS13610,0.29678,40.739246,0.117785,41.099816,-0.36057008,40.985741,-0.24649534
SDSS15057,0.29762,40.728258,0.131068,41.106829,-0.37857117,40.99321,-0.26495191
SDSS6137,0.29888,41.091218,0.124118,41.117315,-0.026097106,41.004379,0.086838966
SDSS14735,0.30001,40.642617,0.119386,41.126684,-0.48406736,41.014361,-0.37174396
SDSS5391,0.30021,40.885371,0.128841,41.128339,-0.24296842,41.016124,-0.13075343
SDSS20245,0.30041,40.492716,0.125866,41.129993,-0.63727676,41.017887,-0.52517022
06D4dh,0.30159,41.067761,0.086081,41.13973,-0.071969159,41.028264,0.039497675
SDSS7143,0.3024,41.002212,0.118973,41.146394,-0.14418207,41.035366,-0.033154412
SDSS12883,0.30569,40.541317,0.1459,41.173291,-0.63197437,41.064047,-0.52273031
SDSS15213,0.30632,41.040319,0.127264,41.178411,-0.13809242,41.069509,-0.029189878
SDSS19632,0.30702,41.04173,0.126631,41.184089,-0.14235865,41.075565,-0.033835568
SDSS6699,0.30915,41.183872,0.122358,41.201291,-0.017419295,41.093922,0.089949219
SDSS5844,0.30929,41.122357,0.120483,41.202418,-0.080060382,41.095125,0.027232209
SDSS16211,0.30933,40.890216,0.137464,41.202739,-0.31252366,41.095469,-0.20525275
SDSS21042,0.31065,40.901058,0.124489,41.213339,-0.31228109,41.106784,-0.20572566
SDSS15383,0.31088,41.04566,0.12279,41.215182,-0.16952187,41.108751,-0.063091054
SDSS6649,0.31288,41.020099,0.118305,41.231153,-0.21105343,41.125806,-0.10570665
SDSS20142,0.31468,40.743123,0.118861,41.245445,-0.50232256,41.141074,-0.3979513
SDSS15776,0.31646,41.028737,0.121555,41.259505,-0.23076827,41.156099,-0.12736163
SDSS18617,0.32038,41.090022,0.12816,41.290212,-0.20019,41.18893,-0.098907467
SDSS7475,0.32045,41.20966,0.117246,41.290758,-0.081097499,41.189513,0.020147138
05D2ab,0.324532,41.145546,0.086121,41.32236,-0.17681392,41.223327,-0.077780786
SDSS6924,0.3264,41.049397,0.11903,41.336699,-0.28730254,41.238678,-0.18928131
SDSS14456,0.32837,40.95845,0.124052,41.35174,-0.39328952,41.254785,-0.29633525
SDSS13830,0.32837,40.91823,0.134054,41.35174,-0.43350912,41.254785,-0.33655486
SDSS13934,0.32838,41.451418,0.136536,41.351816,0.099601902,41.254867,0.19655076
SDSS4241,0.33051,41.221878,0.12568,41.367983,-0.14610523,41.272188,-0.05030997
03D1fc,0.330932,41.057624,0.086437,41.371175,-0.31355129,41.275608,-0.21798456
SDSS4679,0.33103,40.994302,0.136212,41.371916,-0.37761356,41.276402,-0.28209985
SDSS20106,0.33136,41.312067,0.135299,41.374408,-0.062341224,41.279073,0.032993728
SDSS16093,0.33436,41.254482,0.132618,41.396964,-0.14248199,41.303253,-0.048771465
04D3kr,0.337534,41.247685,0.086047,41.420624,-0.1729392,41.328632,-0.080946966
SDSS2533,0.3388,41.30944,0.129777,41.430004,-0.12056339,41.338697,-0.029256458
04D3nh,0.34052,41.285303,0.0859,41.442695,-0.15739197,41.352319,-0.067015982
03D1bp,0.345928,41.411108,0.087263,41.482217,-0.071109115,41.394768,0.016340586
05D2ie,0.349557,41.497971,0.086821,41.508419,-0.010447172,41.422932,0.075039448
04D2mc,0.34956,41.044308,0.089792,41.50844,-0.46413182,41.422955,-0.37864682
05D2hc,0.35156,41.523688,0.086351,41.522772,0.00091601681,41.438369,0.085319367
SDSS19067,0.35346,41.102633,0.125157,41.536318,-0.43368559,41.452942,-0.35030961
05D2mp,0.355261,41.574652,0.088265,41.549096,0.025555594,41.466694,0.10795783
03D3bl,0.35582,41.349554,0.087008,41.55305,-0.20349581,41.47095,-0.1213958
04D3fk,0.358336,41.265612,0.086303,41.570775,-0.30516263,41.490035,-0.22442257
04D2fs,0.35857,41.300602,0.086485,41.572418,-0.27181532,41.491804,-0.19120174
SDSS4577,0.36193,41.385403,0.13291,41.595895,-0.2104919,41.517097,-0.13169402
SDSS15704,0.36397,41.634053,0.127982,41.610051,0.024002009,41.532355,0.10169783
SDSS13136,0.36441,41.757434,0.131873,41.613095,0.14433879,41.535637,0.22179693
SDSS16232,0.36554,41.511378,0.137024,41.620896,-0.10951803,41.544048,-0.032670321
04D1hd,0.367904,41.603385,0.086082,41.637143,-0.033758479,41.561572,0.041812581
SDSS14397,0.36941,41.776703,0.131466,41.647444,0.12925904,41.572686,0.20401686
SDSS18091,0.37013,41.457867,0.138604,41.652354,-0.19448767,41.577985,-0.12011853
05D4bm,0.370511,41.502519,0.086476,41.654949,-0.1524306,41.580786,-0.078267158
05D3jr,0.370531,41.401449,0.086626,41.655085,-0.25363645,41.580933,-0.1794838
04D2cf,0.370586,41.434925,0.095747,41.65546,-0.22053479,41.581337,-0.14641184
03D3ay,0.371443,41.572252,0.091326,41.661287,-0.089034279,41.587626,-0.015373958
05D4fo,0.371508,41.548853,0.086225,41.661728,-0.11287521,41.588103,-0.039250006
05D4cw,0.373513,41.478103,0.086768,41.67531,-0.19720656,41.602767,-0.12466357
SDSS15756,0.37835,42.112175,0.135103,41.707798,0.4043765,41.637865,0.47430962
SDSS7779,0.37986,41.476242,0.118539,41.717862,-0.24161976,41.648743,-0.17250109
SDSS11206,0.38026,41.674685,0.138121,41.720521,-0.045836168,41.651618,0.023066784
SDSS15456,0.38047,41.140725,0.12548,41.721916,-0.58119153,41.653127,-0.51240186
SDSS18721,0.39135,41.584881,0.148848,41.793242,-0.20836137,41.730316,-0.14543565
05D4ff,0.400485,41.549539,0.087548,41.85172,-0.30218148,41.793712,-0.24417323
SDSS19757,0.40128,41.390726,0.134806,41.85675,-0.46602414,41.79917,-0.40844354
06D3ed,0.404549,41.81249,0.086483,41.877338,-0.064847869,41.821516,-0.009025478
05D4dt,0.405478,41.859724,0.086962,41.883161,-0.023436749,41.827838,0.031886142
06D4cq,0.40947,41.784188,0.086547,41.90804,-0.12385216,41.854863,-0.070674938
04D2fp,0.416632,41.805162,0.087194,41.952117,-0.14695412,41.902786,-0.097623353
05D2dw,0.418633,41.721512,0.087692,41.964305,-0.24279252,41.916048,-0.19453577
05D3cf,0.419569,41.926438,0.087595,41.969988,-0.043549902,41.922233,0.0042046068
04D4gg,0.422452,41.692885,0.08807,41.987418,-0.2945324,41.94121,-0.24832444
05D2cb,0.428646,42.081888,0.089103,42.024493,0.057395299,41.981605,0.10028286
04D1rh,0.434861,41.900171,0.087188,42.061196,-0.1610248,42.021637,-0.12146561
06D4co,0.435446,41.663732,0.086944,42.064625,-0.40089304,42.025379,-0.36164693
06D3df,0.442548,41.957619,0.08709,42.105921,-0.14830224,42.070474,-0.11285492
06D2gb,0.443668,41.858169,0.091594,42.112377,-0.25420792,42.077528,-0.21935931
03D3aw,0.449562,42.09792,0.091912,42.146103,-0.048182772,42.114403,-0.016482629
04D3gt,0.451556,41.668287,0.087828,42.157419,-0.4891321,42.126784,-0.45849643
04D2gb,0.451681,41.642176,0.088233,42.158127,-0.51595128,42.127558,-0.48538231
03D3cd,0.461274,42.021038,0.095948,42.211912,-0.19087339,42.186458,-0.16541975
05D3lc,0.461564,42.062843,0.087413,42.213521,-0.15067898,42.188222,-0.12537983
03D4au,0.466414,42.51309,0.09035,42.240302,0.27278876,42.217585,0.2955054
04D4jr,0.468406,42.095314,0.087451,42.251226,-0.15591181,42.229569,-0.13425514
04D4ju,0.470398,42.396229,0.088446,42.262106,0.13412316,42.241509,0.15472024
05D3mx,0.470573,42.080709,0.088704,42.26306,-0.18235106,42.242556,-0.16184703
04D3df,0.470586,41.962434,0.087988,42.263131,-0.30069696,42.242634,-0.28019984
05D2bv,0.475707,42.086819,0.087947,42.290895,-0.20407563,42.27312,-0.18630043
05D3dd,0.480568,42.060041,0.088055,42.316992,-0.25695186,42.301798,-0.24175773
05D2ac,0.480704,42.047102,0.087736,42.317719,-0.2706166,42.302597,-0.25549461
05D1ix,0.4888,42.207458,0.08839,42.360629,-0.15317082,42.3498,-0.14234169
03D1ax,0.494795,42.21649,0.08811,42.391977,-0.17548661,42.384321,-0.16783142
05D4af,0.497379,42.25339,0.088758,42.405378,-0.15198875,42.39909,-0.14570035
06D2bk,0.500728,42.376417,0.089131,42.422651,-0.046234394,42.418133,-0.041716262
03D1au,0.503084,42.269525,0.088031,42.434738,-0.16521297,42.431464,-0.16193936
05D4av,0.507371,42.213205,0.089015,42.456594,-0.24338991,42.455584,-0.24237919
05D2dy,0.511746,42.495409,0.088554,42.478722,0.016687357,42.480018,0.015391076
04D1pg,0.513793,42.442246,0.090087,42.489014,-0.046767878,42.491389,-0.049142747
04D4in,0.514353,42.363951,0.088897,42.491823,-0.12787263,42.494493,-0.13054248
04D2mj,0.514746,42.560964,0.090306,42.493793,0.067171747,42.49667,0.064294898
05D3ci,0.515587,42.452603,0.106833,42.498003,-0.045399643,42.501322,-0.048719372
06D3el,0.519611,42.471136,0.088502,42.518058,-0.046921886,42.523495,-0.052359476
04D2gc,0.522762,42.482671,0.089115,42.53366,-0.050989874,42.540755,-0.058084407
06D2ca,0.532765,42.392305,0.08987,42.582612,-0.19030681,42.594958,-0.20265286
06D2cc,0.533766,42.173706,0.09473,42.587463,-0.413757,42.600333,-0.42662783
05D4ek,0.534335,42.165507,0.090128,42.590216,-0.42470916,42.603385,-0.43787822
05D4be,0.535327,42.500563,0.08873,42.59501,-0.09444721,42.608699,-0.10813616
05D2eb,0.535771,42.338122,0.091256,42.597153,-0.25903133,42.611075,-0.27295292
04D4bq,0.548325,42.164539,0.09145,42.657063,-0.49252446,42.677552,-0.51301272
06D4bo,0.550315,42.509848,0.089299,42.666441,-0.15659291,42.687968,-0.17812013
04D3hn,0.552605,42.229237,0.089654,42.677193,-0.44795601,42.699915,-0.47067807
06D2ck,0.553797,42.561602,0.091857,42.682773,-0.12117132,42.706117,-0.14451504
05D1ee,0.557743,42.486901,0.090291,42.701165,-0.21426414,42.726565,-0.23966436
05D1kl,0.558743,42.87907,0.092898,42.705806,0.17326387,42.731727,0.14734284
04D1hx,0.558746,42.443857,0.089573,42.70582,-0.26196255,42.731742,-0.28788515
05D1cc,0.562751,42.563852,0.090329,42.72433,-0.16047829,42.752337,-0.18848527
05D1dn,0.564741,42.574373,0.089709,42.733481,-0.15910789,42.762523,-0.1881497
05D2dt,0.575823,42.622597,0.091807,42.783891,-0.16129428,42.818685,-0.19608823
06D3et,0.576612,42.548631,0.090075,42.787445,-0.2388142,42.822648,-0.27401698
03D4gf,0.578292,42.558,0.090072,42.794997,-0.23699769,42.83107,-0.27307067
05D1dx,0.578745,42.561135,0.089343,42.79703,-0.23589465,42.833338,-0.2722022
05D3jq,0.5796,42.549007,0.08931,42.800863,-0.25185558,42.837613,-0.28860578
05D3gp,0.580604,42.693325,0.09835,42.805356,-0.11203133,42.842626,-0.14930121
03D1aw,0.580724,42.83908,0.090132,42.805893,0.033187372,42.843225,-0.0041445913
04D1jg,0.582932,42.685053,0.09012,42.815748,-0.13069459,42.854222,-0.16916879
05D4ej,0.58329,42.873994,0.090793,42.817343,0.056651207,42.856002,0.017991863
04D1kj,0.583743,42.611188,0.089495,42.819359,-0.20817123,42.858252,-0.2470648
04D1sa,0.583743,42.757778,0.091595,42.819359,-0.061580936,42.858252,-0.10047451
05D1hm,0.585743,42.833794,0.092677,42.828243,0.0055502977,42.868171,-0.034377009
05D4bf,0.587285,42.693483,0.091452,42.835074,-0.1415908,42.875797,-0.18231472
04D1oh,0.588721,42.650725,0.091211,42.841419,-0.19069422,42.882884,-0.23215963
03D4gg,0.59028,42.586162,0.092935,42.848291,-0.2621295,42.890562,-0.3043996
04D2mh,0.591835,42.589256,0.090444,42.855129,-0.26587302,42.898202,-0.30894531
05D3lr,0.600603,42.592308,0.094433,42.893368,-0.30105994,42.940957,-0.34864855
05D4ef,0.603272,42.864607,0.092267,42.904903,-0.040296529,42.953864,-0.089257509
03D4dy,0.608261,42.760878,0.090819,42.926336,-0.16545749,42.977859,-0.21698071
05D2he,0.60986,42.798854,0.091831,42.93317,-0.13431612,42.985513,-0.18665967
04D3do,0.610643,42.861051,0.090588,42.93651,-0.075459188,42.989255,-0.1282043
03D1dt,0.610712,42.465879,0.092877,42.936804,-0.47092528,42.989585,-0.52370576
04D4an,0.611252,42.951574,0.095195,42.939105,0.012469078,42.992162,-0.040588303
05D1ck,0.615698,42.769514,0.092238,42.957977,-0.18846248,43.013312,-0.24379765
04D3co,0.620632,42.825478,0.093091,42.978769,-0.1532909,43.036628,-0.21115008
04D2an,0.621874,42.72454,0.092366,42.983978,-0.25943859,43.042472,-0.3179325
03D4dh,0.625233,42.729026,0.091453,42.998017,-0.2689907,43.058226,-0.32919989
04D4fx,0.627239,42.802545,0.092195,43.006367,-0.20382112,43.067599,-0.26505382
05D1cb,0.630699,42.711701,0.091576,43.020709,-0.30900779,43.083705,-0.37200424
05D2ci,0.631882,42.281286,0.097524,43.025595,-0.74430938,43.089194,-0.8079084
03D4at,0.632234,42.975281,0.093125,43.027048,-0.051766666,43.090826,-0.11554492
04D1pu,0.637701,42.503968,0.100758,43.049506,-0.54553732,43.116065,-0.61209686
05D4ag,0.638234,42.708074,0.097915,43.051685,-0.34361096,43.118516,-0.41044139
05D2ec,0.641893,43.018975,0.093291,43.066602,-0.047626841,43.135291,-0.11631553
05D3ax,0.643642,42.943933,0.098759,43.073704,-0.129771,43.14328,-0.19934713
04D3cy,0.643646,42.892942,0.094148,43.07372,-0.18077775,43.143298,-0.25035591
05D3lb,0.647639,42.890834,0.09193,43.089864,-0.19902987,43.161466,-0.27063209
05D3kt,0.64864,42.786103,0.092708,43.093896,-0.30779319,43.166006,-0.3799024
04D1sk,0.662058,42.92459,0.093186,43.147382,-0.22279256,43.22627,-0.3016805
05D3hs,0.664638,43.18447,0.094448,43.157548,0.026922155,43.237735,-0.05326555
05D3mh,0.670654,43.026774,0.095777,43.181105,-0.15433104,43.264319,-0.23754485
03D1co,0.677662,43.337486,0.098356,43.208294,0.12919161,43.295025,0.042461008
05D2bt,0.681942,43.093016,0.094158,43.224768,-0.13175132,43.313641,-0.22062531
06D3cc,0.683659,43.203449,0.115261,43.231348,-0.027899386,43.321081,-0.11763229
04D4ic,0.685179,43.080358,0.0983,43.237161,-0.15680278,43.327653,-0.24729561
05D1ke,0.688656,43.020028,0.092298,43.25041,-0.23038213,43.34264,-0.32261165
06D3em,0.690652,42.857798,0.095502,43.257988,-0.40018939,43.351213,-0.49341484
03D4cz,0.693165,43.071513,0.100242,43.267498,-0.19598417,43.361976,-0.29046248
04D4ib,0.697164,43.20406,0.093324,43.282563,-0.07850337,43.379033,-0.17497293
06D4ba,0.698167,43.179661,0.101565,43.286329,-0.10666745,43.383297,-0.20363599
05D4bj,0.699166,42.995502,0.094894,43.290074,-0.29457245,43.38754,-0.39203778
05D4cq,0.699169,43.258556,0.094016,43.290085,-0.031529647,43.387552,-0.12899646
05D2ck,0.69996,43.115842,0.097048,43.293047,-0.17720578,43.390908,-0.27506581
04D1si,0.700631,42.962963,0.094362,43.295558,-0.33259504,43.393751,-0.43078853
04D4hu,0.701158,43.307463,0.094504,43.297527,0.0099359894,43.395983,-0.088519333
04D2iu,0.701965,42.881871,0.100028,43.300541,-0.41866985,43.399397,-0.51752604
05D2le,0.701969,43.120664,0.095463,43.300556,-0.179892,43.399414,-0.27875018
05D3gv,0.715652,43.128067,0.096706,43.351153,-0.22308651,43.456789,-0.32872254
05D3jh,0.71868,43.114277,0.094949,43.362225,-0.24794817,43.469356,-0.35507924
04D1aj,0.719626,43.107985,0.095665,43.365674,-0.25768966,43.473272,-0.36528745
05D4ev,0.72014,43.215209,0.098164,43.367547,-0.1523379,43.475398,-0.26018921
06D3gh,0.72068,43.216773,0.098773,43.369513,-0.15273958,43.47763,-0.26085717
06D3do,0.726679,43.257374,0.094974,43.391257,-0.13388346,43.502329,-0.2449554
06D3bz,0.727675,43.215658,0.099419,43.394851,-0.1791926,43.506413,-0.29075437
06D4bw,0.730128,43.012407,0.096543,43.403681,-0.3912737,43.516448,-0.50404099
04D1pp,0.733609,43.208172,0.094433,43.416163,-0.20799056,43.530639,-0.32246656
04D2gp,0.733996,43.50824,0.1029,43.417547,0.090692886,43.532213,-0.023972933
05D2fq,0.734996,43.403144,0.095665,43.42112,-0.017976043,43.536276,-0.13313221
05D1eo,0.735608,43.304036,0.096764,43.423305,-0.11926876,43.538761,-0.23472493
05D2ct,0.736007,43.172548,0.104933,43.424728,-0.25217951,43.54038,-0.36783123
05D3jk,0.73669,43.259919,0.093659,43.427163,-0.16724341,43.543149,-0.28322977
04D2ja,0.742008,43.820507,0.103483,43.446045,0.37446134,43.564634,0.25587243
04D3fq,0.742697,43.211895,0.097111,43.448482,-0.23658706,43.567408,-0.35551276
05D3jb,0.745665,43.297634,0.094967,43.458955,-0.16132071,43.57933,-0.28169604
04D2kr,0.746118,43.093092,0.095641,43.46055,-0.36745807,43.581146,-0.48805451
04D4im,0.7491,42.910163,0.096075,43.471025,-0.5608621,43.593076,-0.68291295
04D3ks,0.750681,43.04048,0.099406,43.476563,-0.43608302,43.599384,-0.55890425
04D3oe,0.756687,43.727246,0.095935,43.497497,0.22974935,43.62324,0.10400614
05D2nt,0.75903,43.411082,0.09556,43.50562,-0.094538108,43.632502,-0.22141921
06D3gx,0.760691,43.435126,0.101218,43.511365,-0.07623846,43.639052,-0.20392558
05D3mn,0.760698,43.193176,0.094664,43.511389,-0.31821279,43.639079,-0.44590331
05D4cn,0.761089,43.332429,0.09585,43.512739,-0.18030979,43.640619,-0.30818996
05D1if,0.76158,43.291607,0.096723,43.514434,-0.22282681,43.642552,-0.3509451
04D1qd,0.765588,43.282321,0.09633,43.528229,-0.24590853,43.658289,-0.37596867
04D1de,0.76659,43.678049,0.096641,43.531667,0.14638216,43.662212,0.015837081
05D3hh,0.766684,43.427868,0.103932,43.53199,-0.10412181,43.66258,-0.23471238
04D4id,0.767075,43.882533,0.101187,43.53333,0.34920299,43.66411,0.21842325
04D1pc,0.768587,43.284981,0.097274,43.538506,-0.25352536,43.670017,-0.38503635
05D4bi,0.773081,43.681452,0.098805,43.553834,0.1276183,43.687515,-0.0060633118
04D1jd,0.776594,43.159032,0.098366,43.565756,-0.40672371,43.701131,-0.54209922
05D4cs,0.78806,43.561544,0.096033,43.604307,-0.042762899,43.745193,-0.18364925
03D4fd,0.789054,43.514773,0.099608,43.607624,-0.092850538,43.748986,-0.23421335
04D1ks,0.796552,42.985147,0.098413,43.632511,-0.64736398,43.777461,-0.79231408
03D1fq,0.798566,43.584978,0.101777,43.639157,-0.054179427,43.785069,-0.20009105
05D3dh,0.800697,42.89614,0.098997,43.646172,-0.75003176,43.7931,-0.89695986
05D3ha,0.805695,43.141352,0.106396,43.662553,-0.52120101,43.811861,-0.67050932
05D3cx,0.805696,43.54754,0.09721,43.662556,-0.11501566,43.811865,-0.26432445
05D4gw,0.806041,43.404381,0.105158,43.663683,-0.2593025,43.813156,-0.40877539
05D4dy,0.808048,43.991993,0.101592,43.670231,0.3217623,43.820658,0.17133524
04D4dm,0.809032,43.398908,0.101626,43.673435,-0.27452757,43.82433,-0.42542212
04D3ny,0.81072,43.319459,0.105587,43.678923,-0.35946394,43.830619,-0.51115997
04D3mk,0.813696,43.764969,0.099177,43.688572,0.076396566,43.84168,-0.076711016
04D3nc,0.817732,43.747459,0.101608,43.701603,0.045855799,43.856622,-0.10916307
06D2ce,0.822103,43.537252,0.104677,43.715646,-0.17839324,43.872731,-0.33547808
04D3lu,0.822697,43.731099,0.100111,43.717548,0.01355074,43.874914,-0.14381453
05D1cl,0.828528,43.943345,0.100853,43.736156,0.20718907,43.89627,0.047074924
05D4fg,0.837004,43.768646,0.100539,43.762978,0.0056684341,43.927075,-0.15842834
04D2al,0.838126,43.483006,0.113632,43.766508,-0.28350268,43.931131,-0.44812546
Elvis,0.839734,43.46181,0.112754,43.77156,-0.30975058,43.936937,-0.47512677
05D4hn,0.840005,43.197607,0.103903,43.772411,-0.5748042,43.937914,-0.7403073
05D1az,0.840522,43.607144,0.101288,43.774033,-0.16688834,43.939778,-0.33263352
06D2ga,0.842123,43.6951,0.112024,43.779049,-0.083948667,43.945543,-0.25044311
06D4ce,0.847985,43.832645,0.110575,43.797336,0.035308682,43.966569,-0.13392439
04D1hy,0.848509,43.675838,0.10052,43.798965,-0.12312707,43.968443,-0.29260457
05D3kp,0.850729,43.818657,0.098855,43.805854,0.012802215,43.976367,-0.1577102
05D4dw,0.852994,43.554866,0.101921,43.812865,-0.25799921,43.984433,-0.42956639
05D1er,0.858507,43.497432,0.106173,43.829855,-0.33242237,44.003984,-0.50655212
04D1ff,0.858513,43.252618,0.101579,43.829873,-0.57725477,44.004006,-0.7513873
05D1iz,0.858516,44.064145,0.11645,43.829882,0.23426326,44.004016,0.060129333
04D4ii,0.863978,43.657487,0.1039,43.846609,-0.18912268,44.023276,-0.36578879
05D1em,0.864497,43.79925,0.102986,43.848194,-0.048943417,44.0251,-0.22584979
03D1ew,0.866494,43.652949,0.106037,43.85428,-0.20133113,44.03211,-0.37916143
05D2nn,0.872152,43.980618,0.119167,43.87145,0.10916768,44.051894,-0.071275497
04D4bk,0.877971,43.973804,0.103099,43.888996,0.08480791,44.072119,-0.098315004
05D3cq,0.890729,43.813231,0.103551,43.927071,-0.11383967,44.116042,-0.30281117
05D2by,0.893183,43.89875,0.106138,43.934333,-0.035583017,44.124426,-0.22567527
03D4di,0.896944,43.849449,0.109618,43.945426,-0.095976807,44.137233,-0.28778406
05D3ht,0.901736,44.064275,0.111342,43.959494,0.10478178,44.153481,-0.089205968
04D3gx,0.910752,44.093128,0.112202,43.985764,0.1073641,44.18384,-0.090711966
04D1ow,0.913473,43.886202,0.104751,43.993643,-0.10744095,44.192949,-0.3067472
05D2bw,0.92221,43.815627,0.117626,44.018785,-0.20315803,44.22203,-0.40640285
05D2ay,0.922221,43.56967,0.117413,44.018817,-0.44914693,44.222066,-0.6523967
03D4cy,0.924917,44.05598,0.125384,44.026528,0.029452415,44.230989,-0.17500913
05D2ob,0.92622,43.84699,0.111056,44.030246,-0.18325667,44.235293,-0.38830328
04D4jy,0.927909,44.175982,0.121275,44.035059,0.14092244,44.240864,-0.064881971
04D4ih,0.931901,44.156423,0.111047,44.046401,0.1100224,44.253994,-0.097570457
06D2cd,0.932229,43.790117,0.130385,44.047331,-0.2572137,44.25507,-0.46495335
04D4hf,0.9339,43.862922,0.126556,44.052062,-0.18914005,44.260549,-0.39762709
Vilas,0.935774,43.618621,0.119916,44.057359,-0.4387379,44.266683,-0.64806237
05D3la,0.936755,43.836807,0.108686,44.060127,-0.22332026,44.26989,-0.43308278
03D4cx,0.94689,43.32103,0.115036,44.088564,-0.76753402,44.302839,-0.98180907
04D1pd,0.948455,43.625089,0.112213,44.092928,-0.46783879,44.307898,-0.68280852
04D3ml,0.950763,44.237097,0.112327,44.099351,0.13774571,44.315344,-0.078247453
04D4jw,0.958871,44.34431,0.125337,44.121796,0.22251446,44.341374,0.0029358722
05D3km,0.96074,44.315234,0.112338,44.126943,0.18829048,44.347346,-0.032112431
04D3nr,0.960751,43.581363,0.116274,44.126973,-0.54561047,44.347381,-0.76601823
Patuxent,0.970782,44.732088,0.118744,44.154432,0.57765693,44.379249,0.35283914
Ombo,0.97423,44.192459,0.118033,44.163805,0.028653877,44.390134,-0.19767433
05D2my,0.98328,43.992852,0.114718,44.188254,-0.19540169,44.418533,-0.42568096
04D1rx,0.983407,44.202384,0.114131,44.188596,0.013788627,44.41893,-0.21654594
04D3lp,0.983777,43.807878,0.14188,44.18959,-0.38171258,44.420086,-0.61220826
04D1iv,0.99639,44.253642,0.112483,44.22328,0.030361738,44.459249,-0.2056067
06D4cl,0.997826,44.013808,0.115855,44.227089,-0.21328126,44.463678,-0.44987037
04D3dd,1.002795,44.235108,0.13731,44.240228,-0.0051193954,44.478961,-0.24385246
Eagle,1.020807,44.380255,0.118836,44.28732,0.092935077,44.533775,-0.15352021
04D4dw,1.0288,44.23321,0.1248,44.307954,-0.074744016,44.557812,-0.32460124
06D3en,1.060801,44.114142,0.132013,44.389008,-0.27486628,44.652332,-0.53818965
Gabi,1.12085,44.518694,0.121686,44.534758,-0.016063433,44.822681,-0.30398606
Lancaster,1.230892,44.816045,0.128558,44.7827,0.033345088,45.113415,-0.2973697
Torngasek,1.265901,44.760726,0.128614,44.856941,-0.096215592,45.200648,-0.4399222
Aphrodite,1.299106,44.804213,0.128055,44.925474,-0.12126109,45.281226,-0.47701316
