ell,Dl_obs,Dl_te_obs,Dl_ee_obs,Dl_lcdm_tt,residual_lcdm_tt,Dl_lcdm_te,residual_lcdm_te,Dl_lcdm_ee,residual_lcdm_ee,Dl_QRSF_tt,residual_QRSF_tt,Dl_QRSF_te,residual_QRSF_te,Dl_QRSF_ee,residual_QRSF_ee
32,1097.01,1.51224,0.0643557,1097.86,-0.853576,1.91889,-0.406652,0.0269514,0.0374043,1107.63,-10.6164,1.91595,-0.403715,0.0273279,0.0370278
37,1180.26,3.11711,0.0649424,1185.85,-5.58834,1.87618,1.24092,0.0442832,0.0206592,1197.72,-17.4513,1.859,1.25811,0.0448734,0.020069
42,1426.97,0.820244,0.0699042,1279.4,147.571,1.57746,-0.757212,0.0678487,0.0020555,1293.77,133.203,1.54465,-0.724406,0.0687501,0.00115411
47,1364.66,1.07013,0.141281,1377.03,-12.3696,0.999503,0.0706261,0.0981069,0.0431737,1394.19,-29.5277,0.946279,0.12385,0.0994517,0.0418288
52,1329.06,1.08312,0.146964,1479.49,-150.429,0.0921849,0.990933,0.13569,0.011274,1499.74,-170.683,0.00811402,1.075,0.13756,0.00940432
57,1607.2,-3.82399,0.193005,1586.39,20.8037,-1.13583,-2.68816,0.180654,0.0123503,1609.99,-2.79793,-1.25047,-2.57352,0.183182,0.0098224
62,1663.41,-4.29778,0.296409,1698.87,-35.452,-2.70461,-1.59317,0.232935,0.0634733,1726.1,-62.6875,-2.86156,-1.43622,0.236222,0.0601869
67,1838.4,-2.04066,0.331388,1816.6,21.8,-4.60918,2.56851,0.292053,0.0393347,1847.71,-9.31045,-4.8129,2.77223,0.296221,0.0351671
72,1974.24,-8.54866,0.356963,1939.59,34.6569,-6.82646,-1.7222,0.357329,-0.00036562,1974.83,-0.588273,-7.08285,-1.46581,0.362514,-0.00555096
77,1765.67,-7.23417,0.448396,2069.39,-303.72,-9.34892,2.11475,0.427893,0.0205031,2108.93,-343.266,-9.66596,2.43179,0.434197,0.0141988
82,2168.04,-9.89267,0.522364,2205.22,-37.1857,-12.1342,2.24158,0.502382,0.0199818,2249.31,-81.2743,-12.5177,2.62501,0.509924,0.0124401
87,2330.99,-12.7208,0.489592,2347.28,-16.2858,-15.1377,2.41685,0.579369,-0.0897772,2396.16,-65.1699,-15.5923,2.87151,0.588257,-0.098665
92,2446.65,-19.2047,0.789127,2494.55,-47.8996,-18.3046,-0.900064,0.657334,0.131793,2548.36,-101.706,-18.8347,-0.370009,0.667641,0.121486
97,2484.46,-19.0476,0.57472,2647.23,-162.772,-21.5847,2.53711,0.734497,-0.159777,2706.12,-221.659,-22.195,3.14746,0.74629,-0.17157
104,2951.15,-28.1287,0.830793,2870.29,80.8655,-26.2611,-1.86761,0.837742,-0.00694818,2936.47,14.6828,-26.9896,-1.13906,0.851687,-0.0208934
113,3221.96,-31.7919,0.924375,3170.76,51.1965,-32.152,0.360045,0.955104,-0.0307296,3246.45,-24.4859,-33.0367,1.24478,0.971839,-0.0474645
122,3382.73,-35.701,1.11192,3482.22,-99.4907,-37.5233,1.82237,1.04625,0.065667,3567.35,-184.625,-38.563,2.86203,1.06564,0.0462762
131,3592.1,-41.5613,1.10666,3799,-206.895,-41.9638,0.40259,1.1033,0.00336173,3893.45,-301.354,-43.153,1.59176,1.12499,-0.0183372
140,4229.84,-43.6625,1.09668,4114.83,115.007,-45.0875,1.42491,1.1213,-0.0246148,4218.35,11.4856,-46.4158,2.75327,1.14472,-0.0480418
149,4251.39,-45.0365,1.00578,4423.57,-172.183,-46.5616,1.52502,1.09946,-0.0936818,4535.56,-284.17,-48.011,2.97447,1.12376,-0.117982
158,4778.71,-49.241,1.07943,4717.17,61.5359,-46.1017,-3.13924,1.04147,0.0379559,4836.69,-57.9832,-47.6465,-1.5945,1.0655,0.0139243
167,4844.8,-45.9645,0.855441,4989.2,-144.409,-43.5095,-2.45501,0.955923,-0.100482,5115.17,-270.373,-45.1193,-0.845234,0.978222,-0.122781
176,5120.63,-43.3901,0.96559,5232.2,-111.576,-38.6704,-4.71974,0.856289,0.109301,5363.44,-242.81,-40.3116,-3.07852,0.875057,0.0905328
185,5373.97,-30.3906,0.835251,5439.75,-65.7763,-31.5704,1.17975,0.760721,0.0745299,5574.98,-201.006,-33.2063,2.81572,0.773813,0.0614375
194,5542.7,-18.1436,0.793541,5606.3,-63.5995,-22.2999,4.15632,0.691407,0.102134,5744.13,-201.43,-23.8915,5.74792,0.69629,0.0972506
203,5446.22,-7.21464,0.694054,5727.38,-281.161,-11.0508,3.83616,0.673507,0.0205468,5866.29,-420.071,-12.5566,5.34197,0.667255,0.0267995
212,5636.34,2.53847,0.877642,5798.68,-162.335,1.89189,0.646577,0.733781,0.143861,5937.09,-300.748,0.513701,2.02477,0.713112,0.164531
221,5816.48,17.9047,0.874199,5819.27,-2.79024,16.1513,1.75341,0.899022,-0.0248234,5955.65,-139.169,14.9401,2.96462,0.860367,0.0138321
230,5684.66,26.6053,1.23818,5788.54,-103.885,31.2821,-4.6768,1.1947,0.0434843,5921.4,-236.744,30.2745,-3.66921,1.1342,0.103978
239,5776.16,46.2991,1.78071,5707.23,68.9278,46.7875,-0.488382,1.64325,0.137458,5835.13,-58.9797,46.0174,0.281657,1.55679,0.223925
248,5435.47,50.6637,2.10983,5577.45,-141.982,62.1335,-11.4697,2.26266,-0.152832,5699.02,-263.555,61.6322,-10.9684,2.14581,-0.0359729
257,5228,71.5358,3.13386,5402.68,-174.683,76.7723,-5.23649,3.06481,0.0690588,5516.6,-288.601,76.568,-5.03225,2.9129,0.220962
266,5090.29,86.4306,3.86066,5187.49,-97.2016,90.163,-3.73241,4.0537,-0.193041,5292.59,-202.294,90.2799,-3.84931,3.86225,-0.00158805
275,5096.49,106.963,5.31265,4938.43,158.057,101.811,5.1518,5.22525,0.087397,5033.72,62.7697,102.268,4.69456,4.99007,0.322572
284,4546.18,102.707,5.82483,4662.06,-115.873,111.262,-8.55532,6.56661,-0.741781,4746.75,-200.565,112.074,-9.36723,6.28387,-0.459042
293,4371.25,117.073,8.21385,4365.95,5.29935,118.137,-1.06439,8.05624,0.157609,4439.45,-68.1987,119.313,-2.24043,7.72244,0.491418
302,3935.72,117.089,9.31107,4057.6,-121.884,122.125,-5.03544,9.66341,-0.352342,4119.5,-183.781,123.67,-6.58019,9.27535,0.0357135
311,3649.99,119.046,10.9594,3744.89,-94.908,123.037,-3.9903,11.3507,-0.391276,3794.96,-144.976,124.95,-5.90386,10.9058,0.053602
320,3411.94,112.762,12.6384,3435.63,-23.686,120.795,-8.03254,13.0739,-0.435498,3473.8,-61.8576,123.073,-10.3113,12.5708,0.0676352
329,3173.93,117.149,15.1816,3137.15,36.7844,115.428,1.72079,14.7835,0.398097,3163.51,10.42,118.065,-0.916095,14.2218,0.959701
338,2842.13,105.901,16.0657,2856.2,-14.0708,107.076,-1.17522,16.4263,-0.360656,2871.01,-28.8737,110.06,-4.15948,15.8073,0.258421
347,2498.24,86.2064,16.2208,2598.76,-100.528,95.9947,-9.78825,17.9493,-1.72847,2602.41,-104.172,99.312,-13.1056,17.2749,-1.05414
356,2358.31,79.8487,18.6902,2369.48,-11.1712,82.5043,-2.65555,19.2982,-0.607992,2362.52,-4.20958,86.1369,-6.28818,18.572,0.118165
365,2186.33,61.0311,18.5056,2172.6,13.7303,67.0704,-6.03928,20.4284,-1.92279,2155.67,30.6571,70.9974,-9.96632,19.6551,-1.14954
374,2038.68,46.4875,21.0827,2010.71,27.9641,50.1925,-3.70499,21.2963,-0.213581,1984.51,54.1706,54.3903,-7.90284,20.482,0.600709
383,1891.76,31.557,21.4257,1885.3,6.45546,32.4381,-0.881155,21.8688,-0.443108,1850.54,41.2121,36.8805,-5.32348,21.0208,0.404827
392,1787.59,19.7448,22.3593,1796.72,-9.13334,14.388,5.35678,22.1215,0.237789,1754.19,33.3993,19.0457,0.69905,21.2486,1.11064
401,1734.58,-0.544681,21.1747,1743.99,-9.41149,-3.35233,2.80765,22.0457,-0.871002,1694.5,40.0788,1.48901,-2.03369,21.158,0.0166971
410,1738.05,-21.8916,21.0336,1725.34,12.7144,-20.2029,-1.6887,21.6405,-0.606933,1669.73,68.3202,-15.2125,-6.67909,20.749,0.284573
419,1731.61,-35.0666,19.2941,1737.59,-5.98088,-35.6192,0.552529,20.9217,-1.6276,1676.67,54.9339,-30.5172,-4.54946,20.0374,-0.7433
428,1770.01,-48.4463,19.1288,1777.1,-7.08252,-49.1176,0.671267,19.9148,-0.786048,1711.63,58.381,-43.9443,-4.502,19.0485,0.0802615
437,1770.68,-61.9365,19.3346,1839.25,-68.5675,-60.3015,-1.63496,18.662,0.672612,1769.95,0.73062,-55.1002,-6.83627,17.8242,1.51035
446,1856.79,-62.1436,17.3252,1919.29,-62.5015,-68.8536,6.71005,17.2137,0.111441,1846.83,9.96327,-63.6704,1.5268,16.4149,0.910254
455,2045.9,-74.4981,15.4382,2011.81,34.0892,-74.5563,0.0582355,15.6301,-0.191965,1936.8,109.099,-69.44,-5.05804,14.8803,0.557839
464,2224.7,-80.0589,14.5813,2111.44,113.255,-77.2951,-2.7638,13.9779,0.603365,2034.46,190.236,-72.2958,-7.76308,13.2859,1.2954
473,2178.24,-75.3658,11.5893,2213.22,-34.9813,-77.1041,1.73826,12.3323,-0.743043,2134.8,43.4439,-72.2715,-3.09435,11.7046,-0.115304
482,2323.36,-71.9894,11.4556,2311.98,11.3745,-74.0996,2.11017,10.7685,0.687115,2232.59,90.7662,-69.483,-2.50648,10.2093,1.24629
491,2418.7,-71.1199,10.3049,2403.3,15.4013,-68.5119,-2.60799,9.36173,0.943181,2323.37,95.3295,-64.1601,-6.9598,8.87313,1.43178
500,2447.25,-59.624,8.30294,2483.22,-35.9635,-60.6668,1.04279,8.18275,0.120193,2403.13,44.1193,-56.6283,-2.99569,7.76448,0.538466
509,2577.77,-47.175,8.22746,2548.26,29.5147,-50.9733,3.79826,7.2964,0.931063,2468.36,109.412,-47.2951,0.120015,6.94588,1.28158
518,2558.51,-42.4169,7.35097,2596.36,-37.8492,-39.925,-2.4919,6.75833,0.592636,2516.98,41.5338,-36.6476,-5.76933,6.47042,0.880545
527,2579.22,-23.0411,6.50428,2625.69,-46.4708,-28.0517,5.01062,6.61143,-0.10715,2547.14,32.0759,-25.2082,2.16708,6.37837,0.125918
536,2523.98,-18.6287,6.71246,2635.5,-111.516,-15.9067,-2.72197,6.88469,-0.172229,2558.1,-34.1227,-13.5226,-5.10608,6.69606,0.0164013
545,2519.15,-1.43395,8.58876,2625.96,-106.809,-4.06665,2.6327,7.59251,0.99625,2550.03,-30.8793,-2.16,0.726054,7.43528,1.15348
554,2566.59,3.55431,8.51755,2597.94,-31.3566,6.92082,-3.36651,8.73351,-0.21596,2523.78,42.8033,8.33955,-4.78524,8.59206,-0.0745145
563,2545.99,11.5793,10.6431,2553.19,-7.19379,16.5379,-4.95862,10.2889,0.354182,2481.1,64.8932,17.4681,-5.88876,10.1462,0.496962
572,2409.8,18.6254,11.8913,2493.88,-84.0749,24.3214,-5.69609,12.2241,-0.332802,2424.17,-14.3654,24.7746,-6.14925,12.0627,-0.171368
581,2410.13,26.5374,15.4975,2422.69,-12.5684,29.8984,-3.36097,14.4888,1.00865,2355.67,54.4575,29.8986,-3.3612,14.2913,1.20619
590,2373.46,26.8724,15.2827,2343.14,30.3196,32.9781,-6.10568,17.0197,-1.73707,2279.11,94.3542,32.5619,-5.68947,16.7685,-1.48584
599,2206.46,28.2947,18.225,2258.69,-52.2259,33.3515,-5.05685,19.7422,-1.51718,2197.96,8.50827,32.5678,-4.27311,19.4195,-1.19453
608,2119.7,32.2515,22.1034,2172.8,-53.0954,30.9199,1.33164,22.5724,-0.46897,2115.67,4.03259,29.8293,2.42219,22.1608,-0.0574362
617,2135.45,23.9273,25.8934,2088.94,46.5102,25.702,-1.77472,25.4204,0.472997,2035.69,99.7587,24.3737,-0.446409,24.905,0.988409
626,1951.2,10.8452,25.9867,2010.61,-59.4143,17.8367,-6.99153,28.1971,-2.21042,1961.47,-10.2767,16.3468,-5.5016,27.566,-1.57936
635,1938.19,7.54114,30.1719,1940.93,-2.74106,7.55278,-0.0116413,30.8121,-0.640251,1896.09,42.0965,5.98449,1.55664,30.0569,0.114978
644,1859.9,-5.033,32.9222,1882.58,-22.6812,-4.83301,-0.199991,33.1783,-0.256123,1842.19,17.7094,-6.38929,1.35629,32.2936,0.628578
653,1847.08,-15.3753,32.8238,1837.75,9.33692,-18.9175,3.5422,35.2137,-2.3899,1801.91,45.176,-20.3644,4.98909,34.1974,-1.37367
662,1848.18,-29.9359,34.7378,1808.09,40.0868,-34.2271,4.29115,36.8547,-2.11687,1776.86,71.3234,-35.4654,5.52941,35.7083,-0.970559
671,1814.96,-56.9826,36.3808,1794.6,20.3556,-50.2373,-6.74534,38.0477,-1.66685,1767.95,47.01,-51.1738,-5.80885,36.7767,-0.395893
680,1760.56,-66.7884,36.6042,1797.62,-37.0525,-66.3972,-0.391209,38.7533,-2.14917,1775.45,-14.8874,-66.9455,0.157179,37.3671,-0.762981
689,1822.41,-80.806,38.1163,1816.81,5.60228,-82.1352,1.32925,38.9443,-0.827997,1798.96,23.4439,-82.216,1.41,37.4564,0.659993
698,1884.92,-94.2074,38.9399,1851.32,33.5922,-96.9073,2.69985,38.622,0.317902,1837.57,47.3487,-96.4476,2.24024,37.0497,1.89027
707,1891,-99.954,36.5131,1899.64,-8.64523,-110.184,10.2302,37.7991,-1.28606,1889.66,1.33538,-109.119,9.1651,36.1635,0.349512
716,1908.77,-113.946,36.4293,1959.7,-50.9281,-121.497,7.55062,36.5087,-0.0793751,1953.13,-44.3586,-119.775,5.82942,34.8329,1.59641
725,1994.29,-122.488,33.4393,2028.96,-34.666,-130.428,7.93942,34.7959,-1.35665,2025.39,-31.0943,-128.017,5.52896,33.1038,0.335464
734,2050.06,-127.683,32.2593,2104.9,-54.8472,-136.679,8.99573,32.729,-0.469713,2103.87,-53.8119,-133.564,5.88052,31.0454,1.21396
743,2184.75,-130.614,27.6853,2184.5,0.247582,-140.001,9.38704,30.3828,-2.69746,2185.5,-0.743547,-136.183,5.56918,28.7332,-1.04788
752,2260,-131.217,27.3087,2264.38,-4.37919,-140.246,9.0289,27.8462,-0.537512,2266.84,-6.83873,-135.745,4.5281,26.2572,1.05144
761,2344.61,-126.704,24.6929,2341.41,3.19764,-137.391,10.6875,25.212,-0.519028,2344.75,-0.146058,-132.244,5.53994,23.7097,0.983225
770,2348.38,-117.03,21.1035,2412.82,-64.4359,-131.509,14.4789,22.5785,-1.47499,2416.48,-68.0993,-125.765,8.73495,21.1858,-0.0822884
779,2350.93,-109.053,19.3843,2475.34,-124.413,-122.752,13.6984,20.0435,-0.659264,2478.79,-127.858,-116.476,7.42238,18.7796,0.604628
788,2481.01,-104.286,19.3659,2526.92,-45.9107,-111.423,7.13785,17.7016,1.66425,2529.64,-48.6232,-104.693,0.407744,16.5822,2.78365
797,2466.93,-89.1184,17.3212,2564.91,-97.9778,-97.8212,8.70284,15.6398,1.68142,2566.4,-99.4709,-90.7291,1.61067,14.677,2.64422
806,2493.81,-77.0153,16.1542,2587.94,-94.1322,-82.418,5.40269,13.9393,2.21487,2587.75,-93.9472,-75.0689,-1.94649,13.1416,3.01264
815,2552.73,-64.7342,14.1638,2594.39,-41.6617,-65.6462,0.911933,12.665,1.49878,2592.13,-39.4022,-58.1489,-6.58536,12.0362,2.12764
824,2521.81,-49.9835,12.1229,2584.05,-62.2392,-48.0561,-1.92739,11.8652,0.257626,2579.4,-57.5929,-40.5175,-9.46597,11.404,0.718849
833,2495.02,-27.9085,11.6282,2556.38,-61.3644,-30.1573,2.24881,11.5747,0.0535488,2549.12,-54.1036,-22.6821,-5.22646,11.2747,0.353569
842,2505.47,-17.8662,13.3085,2511.96,-6.48707,-12.5111,-5.35503,11.8102,1.49822,2501.94,3.53152,-5.2016,-12.6646,11.6598,1.64862
851,2383.14,3.01617,13.0309,2451.75,-68.6096,4.34743,-1.33127,12.5663,0.464596,2438.92,-55.7746,11.391,-8.37486,12.5488,0.482138
860,2355.55,13.7369,15.4091,2376.78,-21.2303,19.9403,-6.20336,13.8265,1.58255,2361.15,-5.6007,26.6232,-12.8863,13.9207,1.4884
869,2237.42,27.841,16.3651,2289.43,-52.018,33.8092,-5.96828,15.5473,0.817787,2271.1,-33.6849,40.0518,-12.2108,15.7297,0.6354
878,2168.28,41.3423,17.5279,2191.33,-23.0506,45.5913,-4.24902,17.6798,-0.15189,2170.45,-2.17241,51.3305,-9.98814,17.9251,-0.397128
887,2073.72,49.2007,22.0617,2085.21,-11.4921,54.9676,-5.76694,20.1476,1.91401,2062.01,11.7057,60.1569,-10.9563,20.4284,1.63322
896,1948.82,55.0267,24.2907,1973.29,-24.4614,61.6686,-6.64186,22.8775,1.41316,1948.06,0.76332,66.2785,-11.2518,23.1646,1.12604
905,1843.37,57.821,23.2827,1858.23,-14.8624,65.6049,-7.78386,25.7746,-2.49181,1831.34,12.0311,69.6224,-11.8014,26.037,-2.75428
914,1745.6,67.5475,29.1072,1742.99,2.61315,66.7086,0.838924,28.742,0.365164,1714.82,30.787,70.1372,-2.58973,28.9497,0.157468
923,1619.45,56.6996,31.4781,1630.09,-10.6406,65.0133,-8.31365,31.6878,-0.20973,1601.03,18.4249,67.873,-11.1734,31.8138,-0.335711
932,1562.39,54.4174,35.4116,1521.91,40.4812,60.6665,-6.24904,34.516,0.895635,1492.34,70.0503,62.9935,-8.57609,34.5365,0.875074
941,1437.55,50.1516,37.4935,1420.75,16.7999,53.8925,-3.74083,37.1323,0.361241,1391.06,46.4852,55.7395,-5.58788,37.0269,0.466566
950,1342.39,41.3038,37.058,1328.48,13.911,44.9622,-3.65841,39.4478,-2.3898,1299.06,43.326,46.3982,-5.09449,39.1993,-2.14136
959,1285.75,33.7705,39.3482,1246.69,39.0593,34.2183,-0.447821,41.3864,-2.03826,1217.92,67.8279,35.3264,-1.55589,40.9813,-1.63311
968,1232.84,20.9026,40.3395,1176.63,56.2141,22.0676,-1.16504,42.89,-2.5505,1148.83,84.01,22.9348,-2.0322,42.3198,-1.98025
977,1129.03,9.81707,40.4442,1119.06,9.9774,8.95,0.867072,43.9139,-3.4697,1092.5,36.5342,9.66506,0.152014,43.1757,-2.7315
986,1103.57,-0.29649,38.6279,1074.32,29.258,-4.68702,4.39053,44.4291,-5.80122,1049.21,54.3688,-4.03355,3.73705,43.5257,-4.89783
995,1087.32,-14.7591,42.2792,1042.4,44.9148,-18.4151,3.65608,44.4203,-2.14113,1018.89,68.4326,-17.731,2.97197,43.3601,-1.08086
1004,1024.83,-37.3546,40.1553,1022.98,1.84508,-31.7878,-5.56686,43.8841,-3.72877,1001.14,23.6823,-30.9793,-6.3753,42.6808,-2.52549
1013,1079.48,-45.221,46.1332,1015.08,64.401,-44.3431,-0.877952,42.8414,3.29177,994.953,84.5281,-43.3222,-1.89886,41.5133,4.61987
1022,1032.41,-48.6768,42.9829,1017.7,14.7041,-55.7677,7.09089,41.3414,1.6415,999.259,33.1476,-54.4598,5.78305,39.9096,3.07326
1031,1040.79,-54.6481,39.2361,1029.4,11.3889,-65.6804,11.0323,39.4231,-0.187034,1012.56,28.2312,-64.0253,9.3772,37.9117,1.32436
1040,1055.91,-59.1628,36.5526,1048.67,7.23837,-73.8617,14.6989,37.1601,-0.607491,1033.29,22.6177,-71.8131,12.6503,35.596,0.956627
1049,1081.98,-73.5188,35.8932,1073.61,8.3634,-80.0587,6.5399,34.6214,1.27179,1059.5,22.474,-77.5846,4.06584,33.0344,2.85885
1058,1129.81,-82.3317,37.0442,1102.49,27.3211,-84.1735,1.84177,31.8826,5.16163,1089.4,40.4065,-81.2562,-1.07551,30.3046,6.7396
1067,1122.39,-80.9655,28.6378,1133.38,-10.9891,-86.1516,5.18615,29.0444,-0.406663,1121.06,1.3281,-82.7891,1.82364,27.5064,1.13141
1076,1153.29,-78.7501,25.1823,1164.5,-11.2143,-86.0102,7.26008,26.1887,-1.00642,1152.7,0.592464,-82.2165,3.46639,24.7189,0.463394
1085,1217.71,-73.3497,20.9454,1194.1,23.6135,-83.8422,10.4926,23.405,-2.45963,1182.54,35.1683,-79.6476,6.29787,22.0294,-1.08399
1094,1216.98,-76.2582,25.9907,1220.54,-3.56417,-79.7926,3.5344,20.7759,5.21483,1208.98,7.99811,-75.2432,-1.01498,19.5179,6.47282
1103,1211.44,-56.3317,16.4541,1242.45,-31.0105,-74.082,17.7503,18.3806,-1.92645,1230.62,-19.181,-69.2403,12.9085,17.2612,-0.807125
1112,1213.36,-55.9813,15.7459,1258.68,-45.3172,-66.9727,10.9913,16.2862,-0.540384,1246.34,-32.9789,-61.9122,5.93085,15.323,0.422854
1121,1246.29,-48.5737,15.3649,1268.39,-22.0981,-58.7682,10.1946,14.5488,0.816098,1255.35,-9.05662,-53.5667,4.993,13.7538,1.61112
1130,1237.54,-42.9851,15.5914,1270.95,-33.4065,-49.7931,6.80796,13.2112,2.38014,1257.06,-19.5174,-44.5315,1.54641,12.5911,3.00028
1139,1215.83,-47.6841,13.6421,1266.09,-50.2562,-40.3984,-7.28578,12.304,1.33815,1251.26,-35.4248,-35.1613,-12.5228,11.86,1.78217
1148,1212.52,-23.673,13.5995,1253.73,-41.2081,-30.9292,7.25621,11.8414,1.75816,1237.91,-25.3894,-25.8045,2.1315,11.5692,2.03032
1157,1220.58,-15.6744,14.5019,1234.08,-13.4982,-21.7256,6.05121,11.8226,2.67927,1217.28,3.30314,-16.8033,1.12891,11.7128,2.78909
1166,1159.29,-21.3026,9.18108,1207.72,-48.4299,-13.1062,-8.19632,12.2321,-3.05107,1189.99,-30.6992,-8.469,-12.8336,12.271,-3.08996
1175,1143.31,-13.603,10.5746,1175.4,-32.0935,-5.3558,-8.24715,13.0404,-2.46578,1156.84,-13.5348,-1.07425,-12.5287,13.2108,-2.63625
1184,1136.56,-5.79308,12.8028,1138.06,-1.49756,1.27744,-7.07052,14.2055,-1.4027,1118.82,17.7396,5.14469,-10.9378,14.4869,-1.68411
1193,1086.25,-2.23866,12.7564,1096.7,-10.4571,6.58724,-8.82589,15.6744,-2.91799,1076.99,9.2611,9.99361,-12.2323,16.0426,-3.28621
1202,1005.41,0.797025,23.1519,1052.56,-47.1498,10.4198,-9.62281,17.3846,5.76739,1032.6,-27.1961,13.3308,-12.5338,17.812,5.33999
1211,975.189,6.31648,21.2917,1006.84,-31.6561,12.6792,-6.36272,19.2672,2.02448,986.935,-11.7459,15.0734,-8.75694,19.7242,1.56755
1220,970.73,11.2854,18.0007,960.852,9.87802,13.3328,-2.04745,21.2509,-3.25024,941.268,29.4623,15.2047,-3.91934,21.7088,-3.70816
1229,906.514,0.795071,24.1192,915.806,-9.29197,12.3984,-11.6033,23.261,0.85818,896.83,9.68433,13.7584,-12.9633,23.6928,0.426359
1238,895.506,-1.70669,26.9876,872.901,22.6053,9.95487,-11.6616,25.2254,1.76216,854.814,40.6921,10.8294,-12.5361,25.6055,1.38202
1247,860.053,6.50815,28.9322,833.17,26.8834,6.12092,0.387232,27.072,1.86019,816.254,43.7997,6.55244,-0.0442874,27.3763,1.55584
1256,805.618,-5.07351,28.2583,797.511,8.10657,1.0597,-6.13321,28.7336,-0.475337,782.044,23.5741,1.10621,-6.17972,28.9397,-0.681439
1265,777.489,-10.6252,32.123,766.691,10.7979,-5.01818,-5.60699,30.1557,1.96731,752.921,24.5682,-5.28918,-5.33598,30.2447,1.87828
1274,770.016,-6.18903,28.0386,741.255,28.7615,-11.8763,5.6873,31.2916,-3.25296,729.382,40.6339,-12.3917,6.20268,31.2496,-3.21098
1283,736.545,-25.4341,25.1459,721.567,14.9784,-19.2568,-6.1773,32.1055,-6.9596,711.745,24.7997,-19.9378,-5.49625,31.9235,-6.77761
1292,758.18,-27.8221,32.7948,707.762,50.418,-26.8924,-0.929763,32.5691,0.225718,700.097,58.083,-27.6548,-0.167326,32.243,0.551794
1301,733.856,-31.3034,32.8301,699.797,34.059,-34.5104,3.20708,32.6702,0.159875,694.346,39.5101,-35.2644,3.96104,32.2009,0.629199
1310,712.532,-45.6622,32.308,697.414,15.118,-41.8492,-3.81291,32.4066,-0.0985841,694.186,18.3462,-42.5027,-3.15947,31.7995,0.508467
1319,718.903,-45.3274,37.0351,700.182,18.7209,-48.6625,3.33511,31.7892,5.24589,699.135,19.7674,-49.131,3.80354,31.0539,5.98117
1328,723.408,-52.8192,22.7581,707.514,15.8935,-54.7278,1.9086,30.8444,-8.08629,708.558,14.8502,-54.9361,2.11686,29.9942,-7.23613
1337,757.937,-50.5695,32.7284,718.682,39.2553,-59.8508,9.28125,29.6047,3.12367,721.672,36.2649,-59.733,9.16347,28.6569,4.0715
1346,737.666,-57.1386,25.6747,732.844,4.8223,-63.8714,6.73277,28.1118,-2.43707,737.589,0.0778636,-63.371,6.23239,27.0873,-1.41262
1355,765.134,-65.5484,22.1336,749.071,16.0631,-66.6655,1.11707,26.4123,-4.27862,755.327,9.8074,-65.7354,0.18699,25.336,-3.20234
1364,776.923,-62.1891,20.8649,766.443,10.4802,-68.165,5.97591,24.5638,-3.69891,773.939,2.9843,-66.7706,4.58157,23.462,-2.59706
1373,777.362,-56.4015,13.9711,784.01,-6.64788,-68.3402,11.9387,22.6242,-8.6531,792.464,-15.1026,-66.4623,10.0607,21.5226,-7.5515
1382,773.981,-47.5995,19.7096,800.837,-26.8557,-67.2065,19.607,20.654,-0.944365,809.96,-35.9783,-64.8408,17.2413,19.5779,0.131703
1391,806.044,-66.4348,18.9034,816.013,-9.9689,-64.8134,-1.62145,18.7117,0.19167,825.503,-19.4587,-61.971,-4.46386,17.6859,1.21743
1400,830.177,-61.3485,26.3292,828.752,1.42549,-61.2601,-0.0884292,16.8562,9.47304,838.298,-8.12143,-57.9673,-3.38114,15.905,10.4242
1409,822.186,-54.6345,5.1988,838.336,-16.15,-56.672,2.03753,15.1392,-9.94044,847.628,-25.4418,-52.9694,-1.66507,14.2857,-9.08691
1418,818.106,-52.4991,20.0139,844.193,-26.0872,-51.2062,-1.29289,13.6068,6.40706,852.946,-34.8401,-47.1432,-5.35591,12.8706,7.14333
1427,796.252,-38.2634,20.0412,845.939,-49.6867,-45.0505,6.78706,12.2993,7.7419,853.905,-57.6531,-40.6844,2.42094,11.6957,8.34547
1436,803.463,-40.2416,13.1922,843.284,-39.8202,-38.4031,-1.83852,11.2475,1.94477,850.252,-46.7884,-33.799,-6.44256,10.7879,2.40434
1445,798.655,-37.8014,10.43,836.067,-37.4119,-31.4728,-6.32852,10.4734,-0.0434506,841.861,-43.2064,-26.7039,-11.0975,10.165,0.264983
1454,773.833,-26.0106,2.1953,824.259,-50.4254,-24.4712,-1.53943,9.98961,-7.79432,828.74,-54.9067,-19.618,-6.39263,9.83532,-7.64003
1463,762.183,-21.7373,18.35,808.076,-45.8931,-17.6086,-4.1287,9.79855,8.55144,811.146,-48.963,-12.7536,-8.98371,9.79735,8.55264
1472,749.532,-9.44394,12.4154,787.807,-38.2759,-11.0781,1.63412,9.89267,2.52271,789.414,-39.8828,-6.29863,-3.14531,10.0395,2.37583
1481,738.185,2.7698,16.5295,763.867,-25.6817,-5.05933,7.82913,10.2557,6.27377,764.006,-25.8211,-0.427448,3.19725,10.5417,5.98777
1490,727.424,-4.9052,14.6158,736.807,-9.38264,0.288778,-5.19398,10.8631,3.75269,735.521,-8.09691,4.70657,-9.61177,11.2753,3.3405
1499,701.642,-1.96257,-1.3298,707.202,-5.55933,4.83237,-6.79494,11.6827,-13.0125,704.58,-2.93794,8.97496,-10.9375,12.2042,-13.534
1512,655.678,7.47919,21.9852,661.262,-5.5847,9.77017,-2.29098,13.1627,8.82246,656.953,-1.27584,13.4212,-5.94203,13.8057,8.17943
1529,588.39,9.37829,16.3364,598.769,-10.3794,13.0881,-3.70981,15.4282,0.908142,592.784,-4.39465,15.9824,-6.60409,16.1612,0.175173
1546,547.01,10.0139,17.2441,537.896,9.11394,12.8278,-2.81388,17.7785,-0.534472,530.95,16.0604,14.9153,-4.90138,18.5206,-1.27654
1563,503.657,-0.414165,16.8062,482.833,20.8238,9.32197,-9.73613,19.9031,-3.09699,475.742,27.9147,10.6365,-11.0506,20.5723,-3.76618
1580,468.039,-1.86885,6.00044,436.853,31.1859,3.24107,-5.10992,21.5385,-15.5381,430.376,37.6633,3.88292,-5.75177,22.0665,-16.066
1597,429.111,-9.9112,23.6655,402.083,27.0285,-4.50137,-5.40983,22.4927,1.17284,396.838,32.2738,-4.37391,-5.53729,22.8319,0.833664
1614,407.925,-9.49197,28.6547,379.266,28.6588,-12.8905,3.39852,22.6508,6.00396,375.723,32.2027,-13.068,3.57602,22.775,5.87973
1631,399.577,-25.3687,25.01,367.855,31.7222,-20.9198,-4.44885,22.0021,3.00791,366.268,33.3093,-21.1877,-4.18094,21.9089,3.1011
1648,389.097,-22.7408,15.7028,366.155,22.9415,-27.6974,4.95667,20.6244,-4.92161,366.539,22.5576,-27.8555,5.11469,20.3361,-4.63329
1665,391.497,-25.4964,25.7318,371.62,19.8762,-32.5383,7.04186,18.6694,7.0624,373.762,17.7344,-32.4061,6.90969,18.231,7.50072
1682,385.396,-29.9275,35.6797,381.23,4.16615,-35.0411,5.11362,16.3432,19.3365,384.767,0.628341,-34.4911,4.56359,15.8115,19.8682
1699,400.368,-26.1074,19.884,391.847,8.52008,-35.0996,8.99227,13.886,5.99798,396.299,4.06894,-34.0682,7.96088,13.3253,6.55872
1716,393.039,-22.1731,-2.30435,400.547,-7.50794,-32.8822,10.709,11.5324,-13.8367,405.336,-12.2973,-31.3686,9.19543,11.0115,-13.3158
1733,407.61,-28.2166,10.7442,405.032,2.57799,-28.8136,0.597073,9.49158,1.25259,409.627,-2.01702,-26.8723,-1.34428,9.06985,1.67431
1750,377.716,-22.2324,37.1788,403.744,-26.0281,-23.493,1.26065,7.92535,29.2534,407.695,-29.9792,-21.2314,-1.00096,7.64852,29.5303
1767,379.019,-13.1588,21.6818,395.966,-16.947,-17.6157,4.45692,6.93366,14.7482,398.923,-19.9042,-15.1853,2.02654,6.83253,14.8493
1784,377.36,-11.8144,-18.8184,381.923,-4.56304,-11.8821,0.0676361,6.54517,-25.3636,383.7,-6.34053,-9.44201,-2.37244,6.63086,-25.4492
1801,358.796,-8.0874,23.4248,362.593,-3.79743,-6.92453,-1.16287,6.72116,16.7036,363.187,-4.39069,-4.63228,-3.45512,6.98395,16.4408
1818,342.446,-0.976027,18.7414,339.518,2.92856,-3.24105,2.26502,7.36388,11.3775,339.088,3.35786,-1.24359,0.267566,7.77538,10.966
1835,313.006,-4.91613,16.6022,314.611,-1.60484,-1.13641,-3.77971,8.33242,8.26974,313.437,-0.431388,0.460247,-5.37637,8.85287,7.74929
1852,305.378,1.81527,-6.23088,289.916,15.4622,-0.710931,2.5262,9.46007,-15.691,288.383,16.9951,0.426245,1.38902,10.0399,-16.2708
1869,276.147,-4.78882,36.2976,267.285,8.86202,-1.87086,-2.91796,10.5734,25.7242,265.847,10.2997,-1.20466,-3.58415,11.1574,25.1402
1886,265.911,1.66045,0.555329,248.233,17.6779,-4.33931,5.99977,11.518,-10.9627,247.312,18.5989,-4.10878,5.76923,12.0567,-11.5014
1903,249.92,-11.107,-18.6965,233.767,16.1532,-7.70676,-3.40026,12.1684,-30.865,233.733,16.1872,-7.82984,-3.27718,12.6202,-31.3167
1920,257.96,-8.76494,26.026,224.314,33.6458,-11.4914,2.72646,12.4397,13.5863,225.461,32.4989,-11.85,3.08509,12.7731,13.2528
1937,245.342,-13.224,20.5827,219.704,25.6383,-15.2,1.97606,12.3002,8.28244,222.189,23.1532,-15.6656,2.44161,12.4996,8.0831
1954,231.313,-5.86213,-42.7334,219.23,12.0828,-18.3755,12.5134,11.7666,-54.5,223.066,8.24718,-18.8126,12.9505,11.8326,-54.566
1971,229.279,-28.0519,51.929,221.782,7.49671,-20.6509,-7.401,10.8963,41.0327,226.848,2.43055,-20.9298,-7.12212,10.8442,41.0848
1988,225.825,-27.8392,5.28485,226.012,-0.187336,-21.7928,-6.04638,9.78276,-4.49791,232.083,-6.25842,-21.814,-6.02518,9.63878,-4.35393
2005,240.086,,,230.472,9.61395,-21.7069,,8.54224,,237.221,2.86563,-21.4044,,8.34277,
2030,233.983,,,234.64,-0.657515,-19.4761,,6.73737,,241.683,-7.70026,-18.6541,,6.53182,
2063,216.247,,,231.21,-14.9635,-13.7879,,4.8997,,237.444,-21.1971,-12.3948,,4.8086,
2096,204.908,,,215.279,-10.3704,-7.16911,,4.10278,,219.742,-14.8336,-5.52467,,4.21515,
2129,200.092,,,189.495,10.5976,-2.01069,,4.36071,,191.981,8.11132,-0.511873,,4.67995,
2162,168.762,,,160.126,8.63644,0.192322,,5.28173,,161.133,7.6295,1.24032,,5.73554,
2195,140.144,,,134.112,6.03239,-0.730499,,6.27589,,134.573,5.57116,-0.255994,,6.74928,
2228,129.223,,,116.32,12.903,-3.73908,,6.81414,,117.2,12.0233,-3.74282,,7.19674,
2261,118.304,,,107.963,10.3414,-7.18913,,6.62493,,109.865,8.43945,-7.43167,,6.8531,
2294,118.51,,,106.772,11.7377,-9.54666,,5.75904,,109.788,8.72181,-9.74472,,5.83127,
2327,115.407,,,108.429,6.97796,-9.97066,,4.52688,,112.16,3.24733,-9.91516,,4.49974,
2360,114.999,,,108.614,6.38435,-8.52179,,3.33528,,112.428,2.57064,-8.1465,,3.29168,
2393,126.918,,,104.629,22.2883,-5.98755,,2.52076,,107.925,18.993,-5.37301,,2.53871,
2426,90.007,,,96.1969,-6.18995,-3.45785,,2.22852,,98.6662,-8.65926,-2.78397,,2.35021,
2459,83.9457,,,85.075,-1.12934,-1.84146,,2.38861,,86.7802,-2.83447,-1.29707,,2.61056,
2492,78.7067,,,74.0109,4.69583,-1.54443,,2.77578,,75.3193,3.38744,-1.25819,,3.05547,
