zcmb,mu_obs,e_mu_obs,mb,x1,c,mu_model_lcdm,residual_lcdm,mu_model_lambdacdm,residual_lambdacdm
0.01006,33.3262,0.174566,14.1484,0.202688,0.048593,22.4302,10.896,22.4302,10.896
0.010291,33.3721,0.173593,14.1575,-0.117402,0.022258,22.5292,10.8428,22.5292,10.8428
0.01055,33.493,0.17309,14.4493,0.791332,0.118415,22.6377,10.8553,22.6377,10.8553
0.010888,33.6452,0.169021,14.5572,-0.316464,0.054095,22.7753,10.8699,22.7753,10.8699
0.011184,33.6699,0.166533,14.343,-1.64879,-0.083155,22.8924,10.7775,22.8924,10.7775
0.012317,34.2942,0.16145,14.8758,-1.18055,-0.091481,23.3137,10.9805,23.3137,10.9805
0.013324,33.9066,0.158624,14.8827,-0.925188,0.047286,23.657,10.2496,23.657,10.2496
0.013533,33.7201,0.158393,14.3817,0.869173,0.026883,23.725,9.99506,23.725,9.99506
0.013652,34.091,0.157774,14.6855,-1.29529,-0.092539,23.7633,10.3278,23.7633,10.3278
0.014151,33.9568,0.157186,15.2836,-0.865299,0.163098,23.9202,10.0367,23.9202,10.0367
0.014256,34.1072,0.1564,15.1284,-1.71781,0.026015,23.9525,10.1548,23.9525,10.1548
0.014411,34.088,0.156643,14.476,-0.166851,-0.108162,23.9997,10.0882,23.9997,10.0882
0.01444,33.9873,0.157099,14.8438,-0.014266,0.049854,24.0085,9.97877,24.0085,9.97877
0.014467,34.1389,0.154784,15.6386,-1.16269,0.205443,24.0167,10.1222,24.0167,10.1222
0.014575,34.2704,0.155333,14.6614,0.73797,-0.066355,24.0492,10.2212,24.0492,10.2212
0.0147,34.3376,0.155008,15.0581,-1.89704,-0.079058,24.0865,10.251,24.0865,10.251
0.01496,34.2314,0.153548,15.489,-0.697978,0.148376,24.1632,10.0682,24.1632,10.0682
0.015154,34.3577,0.153758,14.8348,-1.28203,-0.129815,24.2195,10.1382,24.2195,10.1382
0.015469,34.0724,0.153515,15.065,-1.16669,0.041704,24.3095,9.76285,24.3095,9.76285
0.015482,34.2468,0.154168,15.0802,-0.916368,0.001671,24.3132,9.9336,24.3132,9.9336
0.015487,34.1074,0.153742,15.2855,-0.548801,0.129471,24.3146,9.79276,24.3146,9.79276
0.015504,34.1903,0.153374,14.7118,0.549047,-0.032776,24.3194,9.87086,24.3194,9.87086
0.015554,34.2441,0.153417,15.0476,0.167214,0.040909,24.3335,9.91068,24.3335,9.91068
0.015573,34.4507,0.153276,14.7262,1.17865,-0.083725,24.3388,10.1119,24.3388,10.1119
0.015664,34.3118,0.154751,14.7801,0.222279,-0.0647,24.3643,9.94752,24.3643,9.94752
0.015678,34.4096,0.151905,14.6832,0.097384,-0.133126,24.3682,10.0414,24.3682,10.0414
0.015791,34.1046,0.152742,14.5573,0.916702,-0.038383,24.3996,9.70498,24.3996,9.70498
0.015999,34.5546,0.153171,15.7198,-1.32107,0.090393,24.4569,10.0977,24.4569,10.0977
0.016966,34.2566,0.153258,15.3514,0.823253,0.16456,24.7136,9.54293,24.7136,9.54293
0.017387,34.6453,0.148936,14.9985,0.15302,-0.104973,24.8209,9.82439,24.8209,9.82439
0.01745,34.3968,0.150702,15.1221,-0.177036,0.000164,24.8367,9.56007,24.8367,9.56007
0.017483,34.4518,0.150122,15.3644,-2.11275,-0.026834,24.845,9.60681,24.845,9.60681
0.017672,34.225,0.150611,14.8364,-1.17067,-0.081454,24.8921,9.33294,24.8921,9.33294
0.018599,34.7288,0.149282,15.8933,-2.72432,0.026802,25.1159,9.61288,25.1159,9.61288
0.018902,34.9349,0.149087,15.784,-2.01365,-0.042856,25.1867,9.74819,25.1867,9.74819
0.019581,34.9931,0.147459,15.6601,-0.973825,-0.054622,25.3413,9.65177,25.3413,9.65177
0.02039,34.9999,0.147727,15.7437,-1.00503,-0.031248,25.5187,9.48115,25.5187,9.48115
0.020396,34.9478,0.145393,15.5415,-1.38808,-0.096978,25.52,9.42782,25.52,9.42782
0.020792,34.8609,0.14683,15.1168,0.735701,-0.110033,25.6043,9.25659,25.6043,9.25659
0.020997,34.8693,0.145587,15.8759,0.07299,0.102214,25.6473,9.22199,25.6473,9.22199
0.021541,35.293,0.145405,15.7472,0.977375,-0.035146,25.7595,9.53352,25.7595,9.53352
0.021706,35.0745,0.146331,15.9022,-1.22377,-0.014061,25.7929,9.28153,25.7929,9.28153
0.021956,35.142,0.145024,16.207,-1.51768,0.049212,25.8431,9.29881,25.8431,9.29881
0.022068,35.1978,0.144685,15.7185,0.430639,-0.038367,25.8655,9.3323,25.8655,9.3323
0.022399,34.9377,0.149213,16.021,-1.09089,0.074389,25.9308,9.00694,25.9308,9.00694
0.022466,35.0247,0.145994,15.9709,0.936399,0.121702,25.9439,9.08084,25.9439,9.08084
0.022629,35.4118,0.145184,15.9906,0.941186,0.003404,25.9756,9.43624,25.9756,9.43624
0.02298,35.353,0.145076,16.4546,-1.04322,0.082429,26.0431,9.30989,26.0431,9.30989
0.023321,35.0746,0.144025,16.0245,0.353158,0.096579,26.1078,8.96683,26.1078,8.96683
0.02336,35.2494,0.144317,15.5814,0.478183,-0.09712,26.1151,9.13429,26.1151,9.13429
0.023471,35.263,0.143695,16.1583,-0.858068,0.024221,26.1359,9.12715,26.1359,9.12715
0.023552,35.2322,0.144309,16.5543,-2.50682,0.087476,26.151,9.08114,26.151,9.08114
0.02381,35.4539,0.144315,15.8955,0.618766,-0.055411,26.1988,9.25507,26.1988,9.25507
0.023867,35.313,0.14435,16.0683,0.760605,0.052186,26.2093,9.10365,26.2093,9.10365
0.023909,35.3504,0.145547,16.696,-2.16057,0.110692,26.217,9.13331,26.217,9.13331
0.024159,35.2749,0.14338,16.1502,-1.29035,-0.001752,26.2627,9.01224,26.2627,9.01224
0.024586,35.3229,0.142334,15.8657,0.396794,-0.032789,26.3396,8.98328,26.3396,8.98328
0.024725,35.4454,0.145176,16.2383,-1.73784,-0.048509,26.3644,9.08102,26.3644,9.08102
0.024746,35.0701,0.147523,16.3411,-0.791998,0.148436,26.3681,8.70196,26.3681,8.70196
0.024951,35.2221,0.145319,16.3117,-1.52569,0.056784,26.4043,8.81777,26.4043,8.81777
0.025198,35.2428,0.148276,16.3172,0.112905,0.125874,26.4476,8.79524,26.4476,8.79524
0.025468,35.1942,0.143429,15.7978,-0.657941,-0.060805,26.4944,8.69982,26.4944,8.69982
0.026567,35.6272,0.142099,16.1615,0.424016,-0.034323,26.68,8.9472,26.68,8.9472
0.026677,35.6022,0.142999,16.0349,1.77922,-0.005868,26.6982,8.90401,26.6982,8.90401
0.026881,35.5244,0.141195,15.9225,-0.449135,-0.117667,26.7317,8.79274,26.7317,8.79274
0.027064,35.4583,0.141685,16.504,-0.137806,0.105288,26.7615,8.69683,26.7615,8.69683
0.027499,35.8061,0.140928,17.1529,-1.80604,0.127063,26.8316,8.97455,26.8316,8.97455
0.027637,35.7615,0.144083,16.0676,0.743997,-0.093472,26.8536,8.90794,26.8536,8.90794
0.027688,35.2401,0.143171,16.0766,-0.108805,0.039115,26.8617,8.37841,26.8617,8.37841
0.027748,35.7318,0.141846,16.6573,0.541542,0.09721,26.8712,8.86057,26.8712,8.86057
0.028561,35.5914,0.14269,16.483,-2.09037,-0.032596,26.9982,8.59316,26.9982,8.59316
0.029086,35.8588,0.141059,16.2845,1.42542,-0.024106,27.0783,8.78048,27.0783,8.78048
0.029526,35.6864,0.142005,16.8351,0.46684,0.1658,27.1444,8.54205,27.1444,8.54205
0.030325,35.7473,0.143169,16.2395,0.47544,-0.04554,27.2619,8.48535,27.2619,8.48535
0.030381,35.9189,0.142175,16.2151,0.143493,-0.123778,27.27,8.64892,27.27,8.64892
0.030416,35.9413,0.140939,16.6844,-1.23277,-0.04178,27.2751,8.66621,27.2751,8.66621
0.030482,36.1979,0.1417,16.8497,-0.334473,-0.030644,27.2846,8.91327,27.2846,8.91327
0.030721,35.8399,0.142617,16.6471,0.65918,0.064364,27.319,8.52086,27.319,8.52086
0.031484,36.0539,0.140272,16.9116,0.265652,0.062851,27.427,8.62688,27.427,8.62688
0.031485,35.9382,0.140346,16.4621,-1.34341,-0.117484,27.4272,8.51102,27.4272,8.51102
0.031638,35.8357,0.14121,16.5809,-1.38096,-0.047773,27.4485,8.38718,27.4485,8.38718
0.031764,35.8849,0.140686,16.7899,-1.60996,-0.00656,27.466,8.41883,27.466,8.41883
0.032538,36.1299,0.14043,17.001,0.398948,0.073203,27.5721,8.55779,27.5721,8.55779
0.033173,35.9967,0.143111,17.3701,-0.986549,0.172665,27.6572,8.33943,27.6572,8.33943
0.033255,36.2122,0.139885,16.8412,0.970796,0.020955,27.6681,8.54404,27.6681,8.54404
0.033614,36.1623,0.139809,16.9687,0.878787,0.074036,27.7155,8.4468,27.7155,8.4468
0.034074,36.2632,0.138969,16.7642,-1.0713,-0.112559,27.7754,8.48779,27.7754,8.48779
0.034781,36.1507,0.141596,16.4501,0.940829,-0.086743,27.8659,8.28482,27.8659,8.28482
0.034854,35.9928,0.141007,16.6647,-0.027789,-0.010328,27.8752,8.11764,27.8752,8.11764
0.034971,36.2602,0.140126,16.9711,-2.0391,-0.08858,27.8899,8.3703,27.8899,8.3703
0.035218,36.1343,0.14465,16.755,-0.463869,-0.046527,27.921,8.21327,27.921,8.21327
0.035755,35.9426,0.142258,16.7783,-0.961981,0.00035,27.9877,7.95483,27.9877,7.95483
0.03652,36.3315,0.115396,17.3205,-0.728272,0.060325,28.0811,8.2504,28.0811,8.2504
0.036934,36.3759,0.140956,17.0773,-0.63911,-0.028384,28.1309,8.24496,28.1309,8.24496
0.03695,36.3201,0.114021,18.1303,-2.86296,0.22881,28.1328,8.18733,28.1328,8.18733
0.036969,36.3879,0.141722,17.4099,-2.12822,0.007758,28.1351,8.25282,28.1351,8.25282
0.037075,36.2779,0.139296,16.6204,1.74306,-0.036585,28.1477,8.13014,28.1477,8.13014
0.038086,36.2967,0.138952,16.6444,0.514933,-0.090391,28.2665,8.03016,28.2665,8.03016
0.039083,36.5098,0.139901,16.7739,2.02154,-0.049334,28.3806,8.12917,28.3806,8.12917
0.039219,36.406,0.138984,16.6993,1.53031,-0.062088,28.396,8.01006,28.396,8.01006
0.040259,36.6058,0.142119,16.9474,1.20383,-0.061247,28.5116,8.09413,28.5116,8.09413
0.040689,36.5277,0.139014,17.6172,-1.24426,0.069449,28.5586,7.96908,28.5586,7.96908
0.041657,36.7774,0.141016,17.6252,-0.0114,0.047159,28.6626,8.1148,28.6626,8.1148
0.0424,36.5477,0.142756,17.3475,-1.71391,-0.045202,28.7408,7.80694,28.7408,7.80694
0.04413,36.5226,0.11486,17.5317,-0.952693,0.056678,28.9177,7.60492,28.9177,7.60492
0.04428,36.543,0.113705,17.5463,-0.162447,0.090515,28.9328,7.6102,28.9328,7.6102
0.04492,36.8138,0.111373,17.3226,0.739791,-0.028258,28.9963,7.8175,28.9963,7.8175
0.046856,36.6966,0.137271,17.4527,1.33388,0.078323,29.1832,7.51341,29.1832,7.51341
0.048984,36.5997,0.139079,17.0757,0.749336,-0.038395,29.3801,7.21953,29.3801,7.21953
0.049325,36.8403,0.140167,17.8412,-0.829836,0.059604,29.4109,7.42933,29.4109,7.42933
0.049519,36.896,0.139446,17.7625,-2.26974,-0.048814,29.4283,7.46771,29.4283,7.46771
0.053126,37.0971,0.139575,17.6451,-0.706018,-0.08094,29.7405,7.35664,29.7405,7.35664
0.05386,37.0011,0.140685,17.558,-1.59738,-0.118312,29.8015,7.19963,29.8015,7.19963
0.054931,37.2912,0.143919,17.8924,0.257979,-0.020237,29.889,7.40225,29.889,7.40225
0.05499,37.1553,0.112893,18.0109,-1.88912,-0.035121,29.8938,7.26151,29.8938,7.26151
0.05634,37.2553,0.112867,17.7164,1.05369,-0.029476,30.0016,7.2537,30.0016,7.2537
0.05654,37.1132,0.122398,17.7801,0.864354,0.028353,30.0174,7.09579,30.0174,7.09579
0.05874,37.4676,0.114585,17.8623,1.07138,-0.050084,30.1873,7.28026,30.1873,7.28026
0.059289,37.3022,0.111086,18.1955,-2.36554,-0.044476,30.2287,7.07349,30.2287,7.07349
0.060959,37.3907,0.11093,17.8363,0.908837,-0.041039,30.3525,7.03824,30.3525,7.03824
0.062818,37.3785,0.112357,18.04,1.18326,0.041002,30.4864,6.8921,30.4864,6.8921
0.062961,37.3873,0.140212,17.7985,1.84927,-0.009638,30.4965,6.89072,30.4965,6.89072
0.063345,37.667,0.141293,18.2928,-0.175634,-0.03187,30.5237,7.14332,30.5237,7.14332
0.064229,37.4485,0.112975,18.3479,-1.2018,0.01006,30.5855,6.86301,30.5855,6.86301
0.065193,37.6237,0.139912,18.0951,0.64572,-0.044607,30.652,6.97175,30.652,6.97175
0.06651,37.5453,0.112612,18.6396,-0.420885,0.108184,30.7413,6.80404,30.7413,6.80404
0.069122,37.8684,0.145157,18.3942,-1.40865,-0.119809,30.9134,6.95495,30.9134,6.95495
0.069751,37.5443,0.111409,18.4122,0.548467,0.07895,30.9539,6.59034,30.9539,6.59034
0.070153,37.6337,0.146379,18.445,-0.438577,0.016127,30.9796,6.65403,30.9796,6.65403
0.07153,37.6434,0.157968,18.1723,-1.46692,-0.121433,31.0666,6.57679,31.0666,6.57679
0.07195,37.5933,0.112772,18.9841,-0.923587,0.181137,31.0928,6.50052,31.0928,6.50052
0.074579,37.7351,0.141947,18.4657,-0.709402,-0.022194,31.2535,6.48168,31.2535,6.48168
0.07487,37.8499,0.110074,18.4118,0.684284,-0.013661,31.2709,6.57903,31.2709,6.57903
0.07592,38.0188,0.112389,18.2282,1.20447,-0.103885,31.3333,6.68551,31.3333,6.68551
0.078317,37.9755,0.138307,18.421,0.60068,-0.054961,31.4727,6.50275,31.4727,6.50275
0.07849,38.2852,0.113854,19.2404,0.642723,0.111359,31.4826,6.8026,31.4826,6.8026
0.07884,37.7927,0.138584,18.3141,-0.955278,-0.100756,31.5026,6.29014,31.5026,6.29014
0.07891,38.0727,0.117766,19.1497,-0.561485,0.096243,31.5065,6.56619,31.5065,6.56619
0.07997,38.093,0.112109,19.0198,-0.069349,0.070049,31.5664,6.52653,31.5664,6.52653
0.080103,37.9169,0.136253,18.471,0.213846,-0.037391,31.5739,6.343,31.5739,6.343
0.08133,38.1857,0.111814,18.9156,-0.3315,-0.005329,31.6421,6.54359,31.6421,6.54359
0.08304,38.3175,0.115125,19.3863,-1.83208,0.036206,31.7356,6.58192,31.7356,6.58192
0.08522,38.2206,0.128423,18.7166,-0.471485,-0.087112,31.8521,6.3685,31.8521,6.3685
0.08528,38.1785,0.111932,18.7652,-0.145167,-0.043103,31.8553,6.3232,31.8553,6.3232
0.08784,38.2398,0.112907,18.8255,-0.319465,-0.051292,31.9884,6.25144,31.9884,6.25144
0.08889,38.1867,0.11251,19.1151,-0.547524,0.048945,32.0419,6.14483,32.0419,6.14483
0.09007,38.2709,0.111899,18.4777,0.284478,-0.146258,32.1013,6.16968,32.1013,6.16968
0.0901,38.0787,0.124187,18.8189,0.316969,0.027279,32.1028,5.97594,32.1028,5.97594
0.09243,38.4096,0.122156,18.9395,0.664571,-0.024865,32.2178,6.19177,32.2178,6.19177
0.09391,38.5843,0.11374,19.1766,-1.12337,-0.085483,32.2895,6.29481,32.2895,6.29481
0.09401,38.4611,0.112725,18.6395,1.27189,-0.11082,32.2943,6.16679,32.2943,6.16679
0.09582,38.5333,0.112716,19.7734,-2.3096,0.069933,32.3803,6.15296,32.3803,6.15296
0.10264,38.777,0.113322,19.2061,1.41904,-0.023293,32.6911,6.08591,32.6911,6.08591
0.10289,38.7272,0.114221,19.157,-0.005434,-0.08741,32.7021,6.02509,32.7021,6.02509
0.10337,38.6517,0.111598,19.3735,-1.41295,-0.056782,32.7232,5.92855,32.7232,5.92855
0.10391,38.5069,0.112416,19.2605,0.849269,0.055639,32.7468,5.76013,32.7468,5.76013
0.10589,38.5103,0.112285,19.3706,-0.67268,0.021313,32.8322,5.67808,32.8322,5.67808
0.10602,38.6382,0.111682,19.2247,0.749838,-0.002746,32.8378,5.80037,32.8378,5.80037
0.10667,38.7795,0.112607,19.481,-0.106927,-0.00435,32.8655,5.91405,32.8655,5.91405
0.10725,38.4555,0.111743,19.3378,0.163568,0.066199,32.8901,5.56539,32.8901,5.56539
0.10751,38.7941,0.112402,19.5919,0.01421,0.032201,32.901,5.89304,32.901,5.89304
0.10924,38.8,0.112096,19.4742,-1.91434,-0.094807,32.9734,5.82662,32.9734,5.82662
0.11271,38.9642,0.112009,19.4059,0.885448,-0.043361,33.1153,5.84891,33.1153,5.84891
0.11304,38.8811,0.112246,19.1141,1.7337,-0.072351,33.1286,5.75254,33.1286,5.75254
0.11368,38.6852,0.111953,19.6746,-0.734703,0.060165,33.1542,5.53098,33.1542,5.53098
0.11389,39.0436,0.113093,19.7193,1.05335,0.039734,33.1626,5.88094,33.1626,5.88094
0.11402,38.7126,0.11346,19.1733,-0.191925,-0.08585,33.1678,5.54478,33.1678,5.54478
0.11635,38.9787,0.111949,19.4627,1.19351,-0.015778,33.2597,5.71901,33.2597,5.71901
0.11651,38.9224,0.113022,19.4195,-0.020801,-0.066413,33.266,5.65644,33.266,5.65644
0.11741,38.9502,0.112518,19.7846,-0.082681,0.039633,33.301,5.64921,33.301,5.64921
0.11767,38.9909,0.111671,19.1959,0.743346,-0.126086,33.311,5.67983,33.311,5.67983
0.11771,38.8917,0.113079,20.0399,-1.54,0.07502,33.3126,5.57913,33.3126,5.57913
0.11771,38.7771,0.11196,19.0522,0.789563,-0.101397,33.3126,5.4645,33.3126,5.4645
0.11845,39.0616,0.111824,19.4367,1.29099,-0.046502,33.3411,5.72047,33.3411,5.72047
0.11863,38.6695,0.127194,20.5418,-2.72425,0.255113,33.348,5.32154,33.348,5.32154
0.11966,39.2093,0.113363,20.32,0.742978,0.166043,33.3873,5.82194,33.3873,5.82194
0.11967,39.0874,0.112171,19.579,-0.014339,-0.06787,33.3877,5.69965,33.3877,5.69965
0.11967,38.9677,0.111976,19.6488,0.253433,0.005345,33.3877,5.57999,33.3877,5.57999
0.12044,39.0306,0.113463,20.2098,-0.303464,0.140894,33.4169,5.61366,33.4169,5.61366
0.12164,39.197,0.112462,19.946,-0.835084,-0.021891,33.462,5.73491,33.462,5.73491
0.12262,38.9566,0.11183,19.5093,0.757721,-0.013286,33.4986,5.45799,33.4986,5.45799
0.12276,38.9875,0.112478,19.6177,-0.34698,-0.038204,33.5038,5.48373,33.5038,5.48373
0.12281,38.9139,0.129766,19.5551,-1.34116,-0.079528,33.5056,5.40822,33.5056,5.40822
0.12303,38.9725,0.119632,19.971,-0.872609,0.056872,33.5138,5.45869,33.5138,5.45869
0.12376,38.9364,0.111795,19.6088,0.118662,-0.003543,33.5408,5.39561,33.5408,5.39561
0.1244,39.2087,0.113068,19.9537,0.657385,0.044204,33.5643,5.64442,33.5643,5.64442
0.125298,39.0628,0.085713,19.7523,-0.356571,-0.019485,33.5971,5.46571,33.5971,5.46571
0.12593,39.1818,0.157613,19.8902,-0.332265,-0.012297,33.62,5.56182,33.62,5.56182
0.12608,38.8772,0.113495,20.0429,-0.969154,0.10647,33.6254,5.25175,33.6254,5.25175
0.12649,39.0834,0.118731,19.8085,1.40132,0.071402,33.6402,5.44315,33.6402,5.44315
0.12715,39.1219,0.111895,19.7008,0.247941,-0.027883,33.664,5.45795,33.664,5.45795
0.12739,39.0419,0.113191,20.1044,0.878535,0.15663,33.6726,5.3693,33.6726,5.3693
0.12837,39.1219,0.112485,19.7476,-1.17286,-0.07694,33.7075,5.41437,33.7075,5.41437
0.12893,39.0919,0.113756,19.9288,-1.68269,-0.031848,33.7274,5.36452,33.7274,5.36452
0.12903,39.1264,0.115931,20.3369,-2.52862,0.050506,33.731,5.39542,33.731,5.39542
0.12953,39.0571,0.112137,20.1171,0.678679,0.146762,33.7486,5.3085,33.7486,5.3085
0.12961,39.3918,0.113865,20.5541,0.129042,0.154984,33.7514,5.64032,33.7514,5.64032
0.12961,39.2075,0.113841,19.8662,-1.62361,-0.086675,33.7514,5.45612,33.7514,5.45612
0.13045,39.4497,0.147057,19.6532,-0.839375,-0.198044,33.7809,5.66874,33.7809,5.66874
0.13243,39.4847,0.112393,20.1473,0.248082,-0.000855,33.8497,5.63498,33.8497,5.63498
0.13362,39.3268,0.113865,20.0914,0.915935,0.062187,33.8906,5.43618,33.8906,5.43618
0.13392,39.2151,0.111798,19.6079,0.882983,-0.059231,33.9009,5.3142,33.9009,5.3142
0.13508,39.4915,0.113196,20.4616,0.90023,0.12776,33.9403,5.55122,33.9403,5.55122
0.13588,39.1238,0.113673,20.0594,-0.347675,0.060305,33.9673,5.15646,33.9673,5.15646
0.13668,39.2463,0.113428,20.2688,-0.228704,0.093699,33.9942,5.25212,33.9942,5.25212
0.13811,39.2307,0.112284,19.5549,0.567102,-0.095614,34.0418,5.1889,34.0418,5.1889
0.13818,39.2977,0.11186,19.659,0.680037,-0.078535,34.0442,5.25351,34.0442,5.25351
0.13864,39.6113,0.119461,19.983,0.836869,-0.068099,34.0594,5.5519,34.0594,5.5519
0.13868,39.3174,0.116765,19.8971,-0.55804,-0.064004,34.0607,5.25666,34.0607,5.25666
0.14139,39.4495,0.113002,20.0835,1.15367,0.030808,34.1493,5.30017,34.1493,5.30017
0.14265,39.3858,0.112226,19.7087,0.594179,-0.09483,34.19,5.19583,34.19,5.19583
0.1431,39.3882,0.112072,19.8154,0.863284,-0.049019,34.2044,5.18373,34.2044,5.18373
0.1436,39.3074,0.111766,19.838,0.789492,-0.018978,34.2204,5.08691,34.2204,5.08691
0.14382,39.3562,0.111949,20.0455,0.911414,0.037728,34.2275,5.12869,34.2275,5.12869
0.14401,39.387,0.114616,19.9695,0.872358,0.001493,34.2335,5.1535,34.2335,5.1535
0.14468,39.6798,0.112388,20.2572,0.723179,-0.006892,34.2548,5.425,34.2548,5.425
0.14478,39.38,0.114439,20.4666,-1.92293,0.03787,34.258,5.12203,34.258,5.12203
0.14533,39.4148,0.119235,20.0608,0.715631,0.014894,34.2754,5.1394,34.2754,5.1394
0.14547,39.1254,0.113737,20.2834,-1.60736,0.075146,34.2798,4.84565,34.2798,4.84565
0.14564,39.7318,0.114307,20.3583,0.819513,0.013295,34.2851,5.44667,34.2851,5.44667
0.14582,39.2613,0.112189,19.8007,1.04449,-0.004648,34.2908,4.97049,34.2908,4.97049
0.14607,39.5591,0.117074,20.062,1.88731,0.021652,34.2987,5.26039,34.2987,5.26039
0.148,39.5542,0.111944,19.5972,0.675888,-0.181409,34.3589,5.19524,34.3589,5.19524
0.14839,39.404,0.11378,19.7413,-0.84545,-0.155197,34.371,5.03303,34.371,5.03303
0.1486,39.6442,0.112448,19.9703,0.508881,-0.097611,34.3775,5.26664,34.3775,5.26664
0.14901,39.5118,0.112283,19.9722,1.11686,-0.026876,34.3902,5.12166,34.3902,5.12166
0.15065,39.3715,0.113842,20.4039,-2.56543,-0.008622,34.4405,4.93103,34.4405,4.93103
0.15186,39.4536,0.112035,19.6811,0.506889,-0.129527,34.4772,4.97639,34.4772,4.97639
0.15295,39.6242,0.111718,19.7615,1.0678,-0.133296,34.5101,5.11405,34.5101,5.11405
0.15322,39.5214,0.113617,20.209,0.894088,0.036376,34.5182,5.0032,34.5182,5.0032
0.15363,39.6979,0.115274,20.241,0.15976,-0.043411,34.5305,5.16742,34.5305,5.16742
0.15463,39.6218,0.1715,19.9704,-0.196987,-0.122244,34.5604,5.06139,34.5604,5.06139
0.15473,39.5831,0.111655,19.8667,1.89306,-0.048817,34.5633,5.01975,34.5633,5.01975
0.15506,39.7623,0.118308,20.3859,-0.605778,-0.052008,34.5731,5.18913,34.5731,5.18913
0.15575,39.3921,0.111931,20.174,-0.034977,0.024848,34.5936,4.79853,34.5936,4.79853
0.15596,39.5935,0.112725,20.1461,0.344199,-0.032,34.5998,4.99369,34.5998,4.99369
0.15653,39.4709,0.113012,20.298,1.04006,0.087963,34.6166,4.85438,34.6166,4.85438
0.15895,39.6231,0.145393,19.938,-0.384727,-0.141622,34.6872,4.93589,34.6872,4.93589
0.15935,39.3627,0.111983,19.9078,0.971182,-0.00611,34.6988,4.6639,34.6988,4.6639
0.15999,39.6709,0.113136,20.4109,-0.149097,0.006164,34.7173,4.95363,34.7173,4.95363
0.15999,39.5138,0.113095,20.3515,-0.5222,0.020834,34.7173,4.7965,34.7173,4.7965
0.16035,39.4988,0.114045,20.2536,1.39169,0.08052,34.7276,4.77118,34.7276,4.77118
0.1605,39.5775,0.113217,20.3596,-0.229365,0.016122,34.7319,4.84556,34.7319,4.84556
0.1618,39.8171,0.120879,20.3283,1.78622,0.019766,34.7691,5.04797,34.7691,5.04797
0.16284,39.8097,0.114429,20.7509,-1.19248,0.023929,34.7987,5.01107,34.7987,5.01107
0.16357,39.5374,0.114386,20.5182,-0.75325,0.056574,34.8193,4.71809,34.8193,4.71809
0.16387,39.7051,0.113522,20.2744,-1.4078,-0.105729,34.8278,4.87734,34.8278,4.87734
0.1644,39.6146,0.11306,20.2598,0.522789,0.00595,34.8427,4.77191,34.8427,4.77191
0.16455,39.6375,0.113442,20.2438,0.15196,-0.023369,34.8469,4.79062,34.8469,4.79062
0.16565,39.4533,0.118455,20.412,-1.01868,0.037459,34.8776,4.57568,34.8776,4.57568
0.16817,39.5842,0.116716,20.174,-0.580103,-0.061756,34.9473,4.63691,34.9473,4.63691
0.16869,39.7969,0.116161,20.8899,-2.45746,0.015791,34.9616,4.83532,34.9616,4.83532
0.169455,39.8321,0.088415,20.2932,-1.46374,-0.143152,34.9825,4.84955,34.9825,4.84955
0.17028,39.8333,0.112043,20.1347,0.860171,-0.089735,35.005,4.82838,35.005,4.82838
0.17063,39.6877,0.114853,20.782,-1.9182,0.040563,35.0144,4.67324,35.0144,4.67324
0.17066,39.6461,0.115012,20.5571,1.82032,0.150278,35.0153,4.6308,35.0153,4.6308
0.1707,40.0576,0.115438,20.78,1.13039,0.058277,35.0163,5.04128,35.0163,5.04128
0.17373,40.0855,0.114314,20.5493,1.15004,-0.024265,35.0977,4.9878,35.0977,4.9878
0.17374,39.7136,0.112831,20.2426,0.120044,-0.049739,35.098,4.61563,35.098,4.61563
0.17383,39.7768,0.122163,21.0324,-1.45375,0.113585,35.1004,4.67639,35.1004,4.67639
0.17386,39.9511,0.112491,20.4523,-0.745633,-0.097808,35.1012,4.84992,35.1012,4.84992
0.17415,39.6095,0.118918,20.3514,0.026059,0.014706,35.1089,4.5006,35.1089,4.5006
0.1742,39.7645,0.113041,20.51,0.046786,0.016788,35.1102,4.65426,35.1102,4.65426
0.17558,39.8839,0.113152,20.2928,1.22465,-0.038586,35.1467,4.73719,35.1467,4.73719
0.17625,39.9952,0.113139,20.5914,0.470167,-0.012245,35.1644,4.83084,35.1644,4.83084
0.17653,39.8751,0.11256,20.1788,0.224801,-0.117703,35.1717,4.70343,35.1717,4.70343
0.17656,40.0656,0.113509,20.9128,-2.07927,-0.046418,35.1725,4.8931,35.1725,4.8931
0.17656,40.0352,0.113446,20.5046,0.829711,-0.03691,35.1725,4.86268,35.1725,4.86268
0.17658,40.3948,0.1635,20.397,1.95773,-0.136685,35.173,5.22182,35.173,5.22182
0.17706,39.9164,0.113873,20.7365,-0.296321,0.025339,35.1856,4.73084,35.1856,4.73084
0.17757,39.8848,0.114576,20.4281,-0.760469,-0.084884,35.1989,4.68585,35.1989,4.68585
0.17789,39.8246,0.112906,20.1526,0.289199,-0.106929,35.2072,4.61733,35.2072,4.61733
0.1781,40.3024,0.117139,20.9102,0.040834,-0.027909,35.2127,5.08969,35.2127,5.08969
0.17865,39.9473,0.113319,20.3593,-0.162051,-0.100206,35.227,4.72029,35.227,4.72029
0.17962,39.8126,0.113572,20.5676,0.279554,0.030383,35.2521,4.56048,35.2521,4.56048
0.17969,39.9369,0.113497,20.567,0.027587,-0.021299,35.2539,4.68302,35.2539,4.68302
0.17981,40.2308,0.120493,21.1517,0.479896,0.092962,35.257,4.97376,35.257,4.97376
0.18037,39.698,0.112763,20.2288,-0.30878,-0.068514,35.2714,4.4266,35.2714,4.4266
0.18055,39.7935,0.118342,20.6743,-0.137419,0.052129,35.276,4.51746,35.276,4.51746
0.18056,40.0441,0.117002,20.9069,-0.682083,0.021693,35.2763,4.76785,35.2763,4.76785
0.18079,39.871,0.117616,20.5792,0.282892,0.015433,35.2822,4.58883,35.2822,4.58883
0.18122,39.8385,0.112167,20.192,1.56054,-0.041282,35.2932,4.54526,35.2932,4.54526
0.18204,39.8343,0.115898,20.6806,-0.237165,0.036489,35.3141,4.52018,35.3141,4.52018
0.18255,40.0134,0.112208,20.2732,0.809261,-0.105454,35.3271,4.68627,35.3271,4.68627
0.18255,39.8784,0.114391,20.4738,-0.873266,-0.07317,35.3271,4.55131,35.3271,4.55131
0.18257,40.0921,0.115147,20.5986,0.503374,-0.039676,35.3276,4.76445,35.3276,4.76445
0.1828,40.0833,0.115225,20.8673,1.01574,0.072977,35.3334,4.74983,35.3334,4.74983
0.18322,39.8152,0.114206,20.2727,0.879572,-0.038487,35.3441,4.47109,35.3441,4.47109
0.18327,39.8199,0.117564,21.1085,-0.656771,0.160219,35.3454,4.47452,35.3454,4.47452
0.18435,40.1016,0.112927,20.6417,0.174788,-0.043682,35.3726,4.72898,35.3726,4.72898
0.185371,40.0447,0.085522,20.759,-0.075113,0.001222,35.3982,4.6464,35.3982,4.6464
0.18563,39.9089,0.11449,20.7737,-0.170077,0.045482,35.4047,4.50415,35.4047,4.50415
0.18581,40.075,0.114889,20.4794,0.746501,-0.061663,35.4092,4.6658,35.4092,4.6658
0.18655,39.8743,0.121972,20.4769,0.132373,-0.025413,35.4277,4.44657,35.4277,4.44657
0.18667,39.9721,0.114334,21.0772,-1.44124,0.065591,35.4307,4.54139,35.4307,4.54139
0.18772,39.8715,0.118492,21.1117,-0.570147,0.148525,35.4567,4.41477,35.4567,4.41477
0.18965,39.9625,0.113593,20.9499,-0.53757,0.068414,35.5042,4.45829,35.5042,4.45829
0.1901,40.2106,0.114249,20.6326,1.12592,-0.038817,35.5152,4.69534,35.5152,4.69534
0.19084,39.9998,0.112617,20.4254,0.947789,-0.045704,35.5333,4.46647,35.5333,4.46647
0.19176,40.1203,0.114367,20.741,-0.018646,-0.026411,35.5557,4.5646,35.5557,4.5646
0.19191,40.4118,0.114568,21.2018,0.145971,0.035637,35.5593,4.85251,35.5593,4.85251
0.19198,39.9565,0.114573,20.4665,-0.792727,-0.09709,35.561,4.39553,35.561,4.39553
0.19215,40.2688,0.114217,20.6441,0.395729,-0.086867,35.5651,4.70367,35.5651,4.70367
0.19392,40.1502,0.117691,21.065,-0.393434,0.05151,35.6078,4.54249,35.6078,4.54249
0.19422,40.1095,0.11684,20.9824,0.35042,0.071594,35.6149,4.4946,35.6149,4.4946
0.19465,39.8384,0.114454,20.622,0.160993,0.034235,35.6252,4.21318,35.6252,4.21318
0.19494,39.7999,0.11376,20.3676,1.17964,0.010582,35.6322,4.16774,35.6322,4.16774
0.1958,40.2163,0.113084,20.7043,2.03052,0.023292,35.6527,4.56369,35.6527,4.56369
0.19654,40.2565,0.117701,21.0177,-0.343601,0.004228,35.6702,4.58626,35.6702,4.58626
0.19671,40.3301,0.118689,20.9988,-0.446422,-0.030251,35.6742,4.65588,35.6742,4.65588
0.19699,40.0948,0.114008,20.6844,-0.774077,-0.070545,35.6809,4.41391,35.6809,4.41391
0.19709,40.2298,0.116183,20.3482,0.94902,-0.144736,35.6832,4.54656,35.6832,4.54656
0.19794,40.205,0.114551,20.7748,0.0302,-0.040623,35.7033,4.50169,35.7033,4.50169
0.19801,40.0271,0.115064,20.949,-1.33949,0.011075,35.7049,4.3222,35.7049,4.3222
0.19863,40.2722,0.116081,20.7113,-0.007405,-0.084476,35.7195,4.55269,35.7195,4.55269
0.19867,40.2368,0.114249,20.49,1.03155,-0.097533,35.7204,4.5164,35.7204,4.5164
0.1988,39.9925,0.124264,20.5199,-0.44361,-0.075727,35.7235,4.26908,35.7235,4.26908
0.19959,40.2511,0.115206,20.8498,1.11501,0.017693,35.7419,4.50917,35.7419,4.50917
0.20061,40.1022,0.120729,20.9547,-1.76706,-0.030617,35.7657,4.33654,35.7657,4.33654
0.20203,40.1646,0.117009,20.5564,0.781434,-0.064131,35.7986,4.36605,35.7986,4.36605
0.20231,40.2471,0.117808,20.7821,0.722312,-0.020602,35.805,4.44211,35.805,4.44211
0.20318,40.2808,0.114994,20.759,-0.819482,-0.10857,35.825,4.45577,35.825,4.45577
0.20399,40.2657,0.114245,20.9123,-0.339599,-0.032535,35.8436,4.42208,35.8436,4.42208
0.20466,40.2764,0.115117,20.7191,-0.639717,-0.111895,35.8589,4.41754,35.8589,4.41754
0.20515,40.4406,0.131465,21.1823,-0.677573,-0.017143,35.87,4.57056,35.87,4.57056
0.20554,40.2283,0.114345,20.613,-0.457773,-0.122373,35.8789,4.34936,35.8789,4.34936
0.20557,40.3149,0.114899,20.8201,0.082692,-0.059073,35.8796,4.43527,35.8796,4.43527
0.2056,39.9748,0.113718,20.6625,0.25867,0.007696,35.8803,4.09457,35.8803,4.09457
0.20704,40.6342,0.117479,21.801,-1.2457,0.094327,35.9128,4.72136,35.9128,4.72136
0.20852,40.302,0.114386,20.762,1.02648,-0.031055,35.9461,4.35593,35.9461,4.35593
0.2091,40.2148,0.115699,20.592,0.80126,-0.067945,35.9591,4.25577,35.9591,4.25577
0.20953,40.2235,0.131221,21.865,-0.977679,0.259538,35.9687,4.25487,35.9687,4.25487
0.2096,40.349,0.115465,20.7391,-1.07333,-0.148416,35.9702,4.37874,35.9702,4.37874
0.210032,40.192,0.085765,21.0568,-1.23626,-0.002674,35.9798,4.21216,35.9798,4.21216
0.21025,40.3137,0.128931,21.6432,-1.60431,0.13062,35.9847,4.32901,35.9847,4.32901
0.21054,40.196,0.11424,20.7919,0.419532,-0.014647,35.9911,4.20489,35.9911,4.20489
0.21075,40.5746,0.116152,21.0226,1.12032,-0.030671,35.9958,4.57878,35.9958,4.57878
0.21082,40.1195,0.11447,20.4807,1.12522,-0.058471,35.9973,4.12219,35.9973,4.12219
0.21134,40.1434,0.115658,21.2035,0.087929,0.120136,36.0088,4.13456,36.0088,4.13456
0.21163,40.203,0.114069,20.8309,0.076743,-0.019791,36.0153,4.18776,36.0153,4.18776
0.21179,40.6714,0.124547,21.7745,-1.88037,0.04511,36.0188,4.65265,36.0188,4.65265
0.21226,40.2712,0.115112,21.0933,-0.17616,0.03142,36.0291,4.24209,36.0291,4.24209
0.2126,40.5219,0.116607,21.2461,0.141351,0.014187,36.0366,4.48531,36.0366,4.48531
0.21295,40.2974,0.121443,20.8197,0.751948,-0.023337,36.0443,4.25304,36.0443,4.25304
0.21323,40.1075,0.117876,21.2406,-0.590113,0.113055,36.0505,4.05706,36.0505,4.05706
0.21382,40.3826,0.11761,21.1106,0.56921,0.034751,36.0634,4.31921,36.0634,4.31921
0.21457,40.4636,0.114262,20.8853,-0.182983,-0.098014,36.0798,4.38382,36.0798,4.38382
0.21468,40.2628,0.114437,20.7301,1.11422,-0.024767,36.0822,4.18067,36.0822,4.18067
0.21513,40.7565,0.120494,21.433,-0.316436,-0.021846,36.0919,4.66452,36.0919,4.66452
0.21674,40.4733,0.115124,20.7095,0.90173,-0.108869,36.1268,4.34643,36.1268,4.34643
0.21698,40.6138,0.124622,21.0692,-1.39576,-0.141924,36.132,4.48176,36.132,4.48176
0.21757,40.2717,0.11934,21.085,1.07945,0.085294,36.1447,4.12698,36.1447,4.12698
0.21829,40.3807,0.114544,21.161,-0.079904,0.022297,36.1602,4.22053,36.1602,4.22053
0.21835,40.4774,0.116348,21.0989,0.501492,-0.002655,36.1615,4.31591,36.1615,4.31591
0.21861,40.2857,0.114762,20.9667,-0.943963,-0.048746,36.167,4.11864,36.167,4.11864
0.21865,40.4015,0.11463,20.7726,0.204476,-0.096868,36.1679,4.23362,36.1679,4.23362
0.219462,40.3737,0.085341,20.8521,0.698942,-0.039907,36.1853,4.18843,36.1853,4.18843
0.21955,40.1073,0.119543,21.2808,-1.62107,0.079536,36.1871,3.92015,36.1871,3.92015
0.21971,40.4558,0.115514,20.8555,1.25311,-0.040277,36.1905,4.26525,36.1905,4.26525
0.21976,40.4414,0.114935,20.9438,-0.088272,-0.067736,36.1916,4.24984,36.1916,4.24984
0.22058,40.2964,0.138465,20.7641,0.524838,-0.051257,36.2091,4.08739,36.2091,4.08739
0.22068,40.2397,0.119891,21.5209,-2.26461,0.085193,36.2112,4.02857,36.2112,4.02857
0.22256,40.5212,0.11527,21.0243,0.685016,-0.032572,36.2509,4.27025,36.2509,4.27025
0.22328,40.4697,0.115872,20.9418,0.633837,-0.044898,36.2661,4.20368,36.2661,4.20368
0.22351,40.551,0.1168,21.2365,0.742038,0.028844,36.2709,4.28013,36.2709,4.28013
0.22452,40.7351,0.122907,21.1459,0.273495,-0.080933,36.292,4.44307,36.292,4.44307
0.22667,40.4185,0.118938,21.4387,-1.54953,0.033312,36.3367,4.08181,36.3367,4.08181
0.22668,40.4587,0.115846,21.0681,-0.245891,-0.040327,36.3369,4.12175,36.3369,4.12175
0.22786,40.4615,0.11565,21.0009,-0.793564,-0.08766,36.3613,4.10024,36.3613,4.10024
0.22893,40.5147,0.115979,20.8066,0.906222,-0.090738,36.3833,4.13148,36.3833,4.13148
0.22916,40.4898,0.122097,21.0934,0.392184,-0.013385,36.388,4.10186,36.388,4.10186
0.2316,40.3991,0.118789,21.099,0.772132,0.03483,36.4377,3.96138,36.4377,3.96138
0.2338,40.5426,0.115605,20.7931,1.18462,-0.091515,36.4821,4.06048,36.4821,4.06048
0.23381,40.5229,0.118911,20.8632,1.01349,-0.070271,36.4823,4.04059,36.4823,4.04059
0.23472,40.5209,0.116813,21.1301,-1.34553,-0.090072,36.5006,4.02035,36.5006,4.02035
0.23646,40.8391,0.117789,21.4615,-1.55362,-0.095193,36.5353,4.30381,36.5353,4.30381
0.23782,40.6371,0.116252,20.8594,0.664166,-0.124117,36.5623,4.07486,36.5623,4.07486
0.24102,40.7886,0.116005,21.006,0.328735,-0.140847,36.6251,4.16346,36.6251,4.16346
0.24179,40.6436,0.122422,21.8011,-0.200116,0.138533,36.6402,4.00342,36.6402,4.00342
0.24185,40.6931,0.114848,20.8419,1.30229,-0.11898,36.6413,4.05176,36.6413,4.05176
0.24348,40.6802,0.118064,21.4124,-0.029582,0.009035,36.673,4.00727,36.673,4.00727
0.24352,40.7037,0.113403,20.9347,-0.24094,-0.162186,36.6737,4.02999,36.6737,4.02999
0.24448,40.4915,0.115275,20.7976,1.03845,-0.080192,36.6923,3.79928,36.6923,3.79928
0.24495,40.763,0.119541,21.3792,-1.31371,-0.086373,36.7013,4.06172,36.7013,4.06172
0.2454,40.5466,0.114389,20.7536,1.1129,-0.108783,36.71,3.83664,36.71,3.83664
0.24555,40.24,0.116206,21.092,0.08144,0.052687,36.7128,3.5272,36.7128,3.5272
0.24558,40.5925,0.118174,21.3791,0.725208,0.060682,36.7134,3.87905,36.7134,3.87905
0.24562,40.6116,0.115338,21.1519,0.070492,-0.048348,36.7142,3.89743,36.7142,3.89743
0.24568,40.3913,0.120181,21.3266,-1.06197,0.027935,36.7153,3.67595,36.7153,3.67595
0.24625,40.7058,0.114566,21.0753,0.624852,-0.078392,36.7263,3.97951,36.7263,3.97951
0.24647,40.6237,0.115433,20.8458,0.273411,-0.141815,36.7305,3.89322,36.7305,3.89322
0.246492,40.7114,0.086206,21.5057,-0.683772,-0.000463,36.7309,3.98049,36.7309,3.98049
0.2466,40.3479,0.114128,20.6657,-0.338697,-0.138562,36.7329,3.61491,36.7329,3.61491
0.24695,40.814,0.114812,21.057,-0.146222,-0.154043,36.7396,4.07438,36.7396,4.07438
0.2485,40.6307,0.117491,21.2032,-0.284969,-0.053995,36.7691,3.86155,36.7691,3.86155
0.24851,40.5144,0.116195,20.953,0.650834,-0.054933,36.7693,3.74508,36.7693,3.74508
0.24857,40.7674,0.115731,21.1279,0.279927,-0.096848,36.7705,3.99691,36.7705,3.99691
0.24862,40.7757,0.11712,21.3026,1.24287,0.000278,36.7714,4.0043,36.7714,4.0043
0.24947,40.8426,0.131353,21.8527,2.33717,0.205582,36.7875,4.0551,36.7875,4.0551
0.24961,41.0583,0.118164,21.5473,1.61894,0.005047,36.7901,4.26816,36.7901,4.26816
0.24973,40.6983,0.120462,21.0209,-0.628986,-0.150136,36.7924,3.9059,36.7924,3.9059
0.25012,40.8883,0.116581,20.9672,1.16112,-0.147913,36.7998,4.08856,36.7998,4.08856
0.25037,40.9289,0.115791,21.3379,1.41771,-0.029844,36.8045,4.12437,36.8045,4.12437
0.250498,40.7336,0.086012,21.8642,-0.526912,0.115106,36.8069,3.92673,36.8069,3.92673
0.25104,40.7932,0.119872,21.9362,-1.33946,0.082437,36.8171,3.97607,36.8171,3.97607
0.25174,40.7023,0.115824,21.4056,-0.217638,-0.008766,36.8302,3.87208,36.8302,3.87208
0.25205,40.5956,0.11822,21.5867,-0.623735,0.065746,36.836,3.75952,36.836,3.75952
0.25249,40.7217,0.126796,21.3491,0.872317,0.015949,36.8443,3.87747,36.8443,3.87747
0.25351,41.0721,0.123692,21.3846,-1.03977,-0.171954,36.8633,4.20879,36.8633,4.20879
0.25356,40.8045,0.120869,21.278,0.392895,-0.055306,36.8642,3.94024,36.8642,3.94024
0.25539,40.7472,0.130119,21.4322,-0.361202,-0.021164,36.8982,3.84902,36.8982,3.84902
0.25611,40.8338,0.12482,21.5379,-0.623265,-0.026817,36.9115,3.92232,36.9115,3.92232
0.25617,40.6284,0.119755,21.3184,-0.075475,-0.006613,36.9126,3.71579,36.9126,3.71579
0.25655,40.874,0.12587,21.3067,0.115968,-0.080959,36.9196,3.95438,36.9196,3.95438
0.25721,40.8018,0.121726,21.4656,0.432319,0.007859,36.9317,3.87006,36.9317,3.87006
0.258,40.7786,0.117106,21.5251,0.45467,0.03553,36.9462,3.83242,36.9462,3.83242
0.25833,40.8279,0.119891,21.62,0.243598,0.040716,36.9522,3.87563,36.9522,3.87563
0.26014,41.1243,0.122802,21.3013,1.39216,-0.105855,36.9852,4.13907,36.9852,4.13907
0.26059,40.7522,0.120435,21.2182,-0.959241,-0.118798,36.9934,3.75874,36.9934,3.75874
0.2607,40.9938,0.117389,21.2611,1.29835,-0.080943,36.9954,3.99837,36.9954,3.99837
0.261984,40.7151,0.08739,21.1898,1.38026,-0.010342,37.0186,3.69645,37.0186,3.69645
0.263487,40.7308,0.08555,21.6665,-1.08288,0.027124,37.0457,3.6851,37.0457,3.6851
0.26349,41.1191,0.115945,21.1499,0.989702,-0.171197,37.0457,4.0734,37.0457,4.0734
0.26357,40.6741,0.11624,21.2674,-1.68535,-0.11052,37.0472,3.62692,37.0472,3.62692
0.26405,40.8349,0.117962,21.3719,0.531823,-0.02857,37.0558,3.77914,37.0558,3.77914
0.26451,40.9518,0.119638,21.5354,0.347212,-0.021876,37.064,3.88781,37.064,3.88781
0.26576,40.8144,0.114629,20.9257,-0.091383,-0.194032,37.0863,3.72804,37.0863,3.72804
0.26665,40.8897,0.120817,21.3225,0.941316,-0.043687,37.1022,3.78755,37.1022,3.78755
0.2671,40.8537,0.116111,21.2065,0.323447,-0.097382,37.1101,3.74352,37.1101,3.74352
0.26821,40.9663,0.121714,21.5937,-1.09586,-0.07291,37.1298,3.83649,37.1298,3.83649
0.268489,40.8521,0.08555,21.7119,-0.071623,0.048305,37.1347,3.71738,37.1347,3.71738
0.26856,41.0665,0.118128,21.5972,0.138984,-0.048331,37.136,3.93049,37.136,3.93049
0.268624,40.7679,0.086242,21.0585,1.15056,-0.08012,37.1371,3.63083,37.1371,3.63083
0.27044,40.8972,0.118685,21.6785,-1.94823,-0.061742,37.169,3.72817,37.169,3.72817
0.27258,40.8866,0.11421,21.1611,1.42327,-0.072993,37.2064,3.68026,37.2064,3.68026
0.27447,40.7913,0.118156,21.437,-0.707454,-0.049484,37.2391,3.5522,37.2391,3.5522
0.27544,40.9254,0.119548,21.5211,0.79804,0.00238,37.2558,3.66957,37.2558,3.66957
0.27549,40.9223,0.127184,21.5333,0.275684,-0.016258,37.2567,3.66561,37.2567,3.66561
0.27653,40.8226,0.126014,21.3655,0.207633,-0.041301,37.2746,3.54802,37.2746,3.54802
0.27745,41.0904,0.128283,21.8989,-1.04266,-0.012101,37.2903,3.8001,37.2903,3.8001
0.27749,41.6534,0.136665,21.739,0.247627,-0.186998,37.291,4.36239,37.291,4.36239
0.27822,41.0356,0.117336,21.2782,1.31567,-0.088149,37.3035,3.73217,37.3035,3.73217
0.27852,41.0998,0.118155,21.4479,-0.186487,-0.121945,37.3086,3.79122,37.3086,3.79122
0.27916,40.6915,0.11948,21.5515,-1.51965,-0.017038,37.3195,3.37205,37.3195,3.37205
0.27952,40.8403,0.121901,21.3496,0.694248,-0.030169,37.3256,3.51472,37.3256,3.51472
0.28051,40.8984,0.122739,21.4782,1.5228,0.030003,37.3424,3.55604,37.3424,3.55604
0.28111,40.9229,0.11753,21.4393,0.314981,-0.044998,37.3525,3.57037,37.3525,3.57037
0.28243,41.0945,0.11747,21.5109,-1.29134,-0.149793,37.3748,3.71971,37.3748,3.71971
0.28251,41.1877,0.085709,22.1516,0.087556,0.089097,37.3761,3.81157,37.3761,3.81157
0.28351,40.9871,0.118366,21.2465,0.704019,-0.110345,37.3929,3.59418,37.3929,3.59418
0.28361,40.9523,0.086683,21.2569,0.937399,-0.085197,37.3946,3.55771,37.3946,3.55771
0.28543,41.2847,0.119195,21.5943,1.35245,-0.064859,37.425,3.8597,37.425,3.8597
0.28662,41.3483,0.11978,21.6049,0.477722,-0.121457,37.4448,3.90358,37.4448,3.90358
0.28742,41.2332,0.118845,21.2628,1.09894,-0.166608,37.458,3.77515,37.458,3.77515
0.28845,40.6163,0.116661,20.8598,-0.872064,-0.186671,37.475,3.14134,37.475,3.14134
0.28872,41.0997,0.124095,21.5631,-0.761709,-0.110724,37.4795,3.62028,37.4795,3.62028
0.29021,41.0132,0.116557,21.3409,-0.094057,-0.124339,37.5039,3.50925,37.5039,3.50925
0.29135,41.069,0.12122,21.5419,0.639978,-0.04433,37.5226,3.54637,37.5226,3.54637
0.291718,41.0076,0.093479,21.9611,0.760688,0.116118,37.5286,3.479,37.5286,3.479
0.29192,40.989,0.124168,21.5077,1.18129,-0.005108,37.5319,3.45707,37.5319,3.45707
0.29287,41.0666,0.119196,21.7835,0.575567,0.03144,37.5474,3.51927,37.5474,3.51927
0.2935,40.7423,0.120303,21.3553,0.469262,-0.006881,37.5576,3.18471,37.5576,3.18471
0.29448,41.3288,0.140875,22.4007,1.17309,0.172962,37.5735,3.75532,37.5735,3.75532
0.29542,41.0606,0.134209,22.2416,-2.42729,0.045528,37.5886,3.472,37.5886,3.472
0.29678,40.9891,0.117785,21.3819,0.079305,-0.095522,37.6105,3.37857,37.6105,3.37857
0.29762,40.9807,0.131068,21.8458,-2.48499,-0.058957,37.624,3.35672,37.624,3.35672
0.29888,41.3407,0.124118,21.5223,0.359245,-0.150995,37.6441,3.69661,37.6441,3.69661
0.30001,40.8927,0.119386,21.7067,-0.087397,0.032811,37.6621,3.23066,37.6621,3.23066
0.30021,41.1351,0.128841,21.7021,0.260674,-0.031138,37.6653,3.46982,37.6653,3.46982
0.30041,40.7434,0.125866,21.6688,-0.602476,0.045499,37.6684,3.07493,37.6684,3.07493
0.30159,41.3171,0.086081,21.4425,0.519102,-0.16192,37.6871,3.62996,37.6871,3.62996
0.3024,41.2527,0.118973,22.0549,-0.477103,0.011421,37.6999,3.55279,37.6999,3.55279
0.30569,40.7932,0.1459,21.5881,-1.9555,-0.057713,37.7515,3.04169,37.7515,3.04169
0.30632,41.2903,0.127264,21.7338,-0.084184,-0.086541,37.7613,3.52897,37.7613,3.52897
0.30702,41.2915,0.126631,21.8319,0.153977,-0.044536,37.7722,3.51929,37.7722,3.51929
0.30915,41.4344,0.122358,21.797,-0.673205,-0.139232,37.8052,3.62916,37.8052,3.62916
0.30929,41.3718,0.120483,21.5758,0.392813,-0.142283,37.8074,3.56442,37.8074,3.56442
0.30933,41.1422,0.137464,22.1309,-1.96402,0.004445,37.808,3.33416,37.808,3.33416
0.31065,41.1497,0.124489,21.3793,1.24504,-0.095517,37.8284,3.32136,37.8284,3.32136
0.31088,41.2954,0.12279,21.8605,0.212271,-0.033941,37.8319,3.46352,37.8319,3.46352
0.31288,41.2693,0.118305,21.5948,0.720911,-0.088234,37.8625,3.40677,37.8625,3.40677
0.31468,40.9922,0.118861,21.2891,0.849074,-0.091687,37.8899,3.10225,37.8899,3.10225
0.31646,41.2809,0.121555,21.8467,-2.28176,-0.146321,37.9169,3.36397,37.9169,3.36397
0.32038,41.3403,0.12816,22.0083,-0.256202,-0.021879,37.9758,3.36448,37.9758,3.36448
0.32045,41.4588,0.117246,21.5376,0.6771,-0.169811,37.9768,3.48199,37.9768,3.48199
0.324532,41.3957,0.086121,21.9934,-0.146918,-0.039628,38.0374,3.35825,38.0374,3.35825
0.3264,41.2984,0.11903,21.6448,0.908728,-0.07304,38.0649,3.23352,38.0649,3.23352
0.32837,41.167,0.134054,21.6447,1.18045,-0.018399,38.0937,3.07331,38.0937,3.07331
0.32837,41.2085,0.124052,21.8231,-0.040964,-0.029396,38.0937,3.11474,38.0937,3.11474
0.32838,41.702,0.136536,22.1905,-0.707675,-0.100206,38.0939,3.60816,38.0939,3.60816
0.33051,41.4716,0.12568,21.9625,0.244648,-0.056394,38.1248,3.34673,38.1248,3.34673
0.330932,41.307,0.086437,21.8614,0.650394,-0.017577,38.131,3.17599,38.131,3.17599
0.33103,41.2434,0.136212,22.092,0.953409,0.090984,38.1324,3.11106,38.1324,3.11106
0.33136,41.5629,0.135299,22.0479,-0.983242,-0.113775,38.1372,3.42578,38.1372,3.42578
0.33436,41.5034,0.132618,21.862,1.02921,-0.063637,38.1804,3.32301,38.1804,3.32301
0.337534,41.4964,0.086047,21.9662,1.23153,-0.018647,38.2257,3.27073,38.2257,3.27073
0.3388,41.5576,0.129777,21.7734,1.76105,-0.07667,38.2437,3.31393,38.2437,3.31393
0.34052,41.5347,0.0859,22.1373,0.612333,-0.003747,38.268,3.2667,38.268,3.2667
0.345928,41.6622,0.087263,22.3981,-1.15511,-0.040581,38.3437,3.31855,38.3437,3.31855
0.349557,41.748,0.086821,22.2283,-0.089736,-0.074922,38.3938,3.35414,38.3938,3.35414
0.34956,41.2962,0.089792,22.5102,-1.79694,0.084647,38.3939,2.9023,38.3939,2.9023
0.35156,41.7744,0.086351,22.6849,-0.674399,0.037449,38.4213,3.35308,38.4213,3.35308
0.35346,41.352,0.125157,21.7709,0.55207,-0.065751,38.4473,2.90476,38.4473,2.90476
0.355261,41.8234,0.088265,22.3872,1.27724,0.013757,38.4717,3.35167,38.4717,3.35167
0.35582,41.5997,0.087008,22.9266,0.055758,0.204749,38.4793,3.12042,38.4793,3.12042
0.358336,41.5161,0.086303,22.5156,-0.386641,0.079161,38.5132,3.00287,38.5132,3.00287
0.35857,41.5506,0.086485,22.425,0.093895,0.060514,38.5164,3.03422,38.5164,3.03422
0.36193,41.635,0.13291,22.0961,0.320107,-0.062616,38.5613,3.07374,38.5613,3.07374
0.36397,41.8839,0.127982,22.0595,-0.04859,-0.17136,38.5884,3.29556,38.5884,3.29556
0.36441,42.0067,0.131873,22.2996,0.65981,-0.101528,38.5942,3.41248,38.5942,3.41248
0.36554,41.7614,0.137024,22.1365,-0.145799,-0.111398,38.6091,3.1523,38.6091,3.1523
0.367904,41.8525,0.086082,22.1566,0.788975,-0.092073,38.6402,3.2123,38.6402,3.2123
0.36941,42.0277,0.131466,22.21,-1.1928,-0.220851,38.6599,3.36777,38.6599,3.36777
0.37013,41.7083,0.138604,21.8932,-0.647918,-0.195436,38.6693,3.03902,38.6693,3.03902
0.370511,41.7522,0.086476,22.2122,0.253822,-0.065948,38.6743,3.07794,38.6743,3.07794
0.370531,41.6524,0.086626,22.6294,-0.892539,0.04904,38.6745,2.97787,38.6745,2.97787
0.370586,41.6858,0.095747,22.4629,-0.861569,-0.014022,38.6752,3.01053,38.6752,3.01053
0.371443,41.8216,0.091326,22.2731,0.569579,-0.054463,38.6864,3.13524,38.6864,3.13524
0.371508,41.7995,0.086225,22.4382,-0.700921,-0.051433,38.6872,3.11227,38.6872,3.11227
0.373513,41.7288,0.086768,22.1446,-0.833093,-0.129299,38.7132,3.0156,38.7132,3.0156
0.37835,42.3629,0.135103,22.4219,-0.960604,-0.250149,38.7753,3.58754,38.7753,3.58754
0.37986,41.7248,0.118539,21.9226,1.31685,-0.10254,38.7946,2.93024,38.7946,2.93024
0.38026,41.926,0.138121,22.2003,-1.51029,-0.205532,38.7997,3.12632,38.7997,3.12632
0.38047,41.3918,0.12548,21.9809,-1.21278,-0.090551,38.8023,2.58951,38.8023,2.58951
0.39135,41.8346,0.148848,22.0965,0.144953,-0.134777,38.9387,2.89591,38.9387,2.89591
0.400485,41.8003,0.087548,22.5873,-0.725286,-0.004662,39.0504,2.74982,39.0504,2.74982
0.40128,41.6404,0.134806,21.9918,0.174516,-0.10457,39.0601,2.58039,39.0601,2.58039
0.404549,42.0628,0.086483,22.6027,-0.385357,-0.069037,39.0994,2.96342,39.0994,2.96342
0.405478,42.1107,0.086962,22.8018,-0.988887,-0.047526,39.1105,3.00016,39.1105,3.00016
0.40947,42.0337,0.086547,22.5574,0.430851,-0.037409,39.158,2.87569,39.158,2.87569
0.416632,42.0547,0.087194,22.5466,0.385152,-0.049753,39.2422,2.81252,39.2422,2.81252
0.418633,41.9704,0.087692,22.4689,1.14323,-0.01334,39.2655,2.70487,39.2655,2.70487
0.419569,42.1767,0.087595,22.9381,-0.257956,0.008142,39.2763,2.90037,39.2763,2.90037
0.422452,41.9417,0.08807,22.7263,1.23672,0.083147,39.3096,2.63212,39.3096,2.63212
0.428646,42.3311,0.089103,23.3968,0.900599,0.158626,39.3804,2.95076,39.3804,2.95076
0.434861,42.1493,0.087188,22.5565,0.828369,-0.057039,39.4504,2.69884,39.4504,2.69884
0.435446,41.9141,0.086944,22.5245,-0.395993,-0.046795,39.457,2.45709,39.457,2.45709
0.442548,42.2064,0.08709,22.6638,1.15302,-0.026193,39.5358,2.67065,39.5358,2.67065
0.443668,42.1098,0.091594,22.9947,-1.63247,-0.01406,39.5481,2.56169,39.5481,2.56169
0.449562,42.347,0.091912,22.6671,0.810113,-0.085962,39.6124,2.73458,39.6124,2.73458
0.451556,41.9187,0.087828,23.2419,-0.213624,0.191395,39.634,2.28467,39.634,2.28467
0.451681,41.8938,0.088233,22.9033,-1.5877,0.028125,39.6354,2.25842,39.6354,2.25842
0.461274,42.2691,0.095948,22.5751,1.86168,-0.043023,39.7379,2.53118,39.7379,2.53118
0.461564,42.3135,0.087413,22.975,-0.747912,-0.046199,39.741,2.57253,39.741,2.57253
0.466414,42.7628,0.09035,23.7895,0.376996,0.122416,39.7921,2.97076,39.7921,2.97076
0.468406,42.3437,0.087451,22.635,1.52812,-0.062844,39.8129,2.53082,39.8129,2.53082
0.470398,42.6459,0.088446,23.759,0.448213,0.153474,39.8336,2.81229,39.8336,2.81229
0.470573,42.3323,0.088704,23.0234,-1.6684,-0.078211,39.8355,2.49683,39.8355,2.49683
0.470586,42.2146,0.087988,23.5324,-2.06925,0.105832,39.8356,2.37901,39.8356,2.37901
0.475707,42.3367,0.087947,22.7153,-0.007188,-0.104,39.8885,2.4482,39.8885,2.4482
0.480568,42.3102,0.088055,22.9488,-0.207015,-0.029175,39.9383,2.37196,39.9383,2.37196
0.480704,42.2959,0.087736,22.6711,1.12351,-0.054059,39.9396,2.35628,39.9396,2.35628
0.4888,42.4568,0.08839,22.8685,0.545038,-0.068405,40.0214,2.43543,40.0214,2.43543
0.494795,42.4671,0.08811,22.9601,-0.728837,-0.099683,40.0811,2.38599,40.0811,2.38599
0.497379,42.5032,0.088758,23.1025,0.144823,-0.025937,40.1067,2.39656,40.1067,2.39656
0.500728,42.626,0.089131,23.2766,0.470647,0.005322,40.1396,2.48639,40.1396,2.48639
0.503084,42.5182,0.088031,23.0017,1.27319,-0.012353,40.1626,2.35566,40.1626,2.35566
0.507371,42.4625,0.089015,23.5591,0.884552,0.167894,40.2042,2.25828,40.2042,2.25828
0.511746,42.7441,0.088554,22.9072,1.2376,-0.117279,40.2463,2.49772,40.2463,2.49772
0.513793,42.6914,0.090087,23.5726,0.985964,0.102976,40.2659,2.42543,40.2659,2.42543
0.514353,42.6123,0.088897,22.8808,1.53135,-0.070064,40.2713,2.34107,40.2713,2.34107
0.514746,42.8096,0.090306,23.7767,1.54143,0.155788,40.275,2.53455,40.275,2.53455
0.515587,42.7006,0.106833,23.6211,2.12043,0.166871,40.283,2.4176,40.283,2.4176
0.519611,42.7202,0.088502,22.8738,0.770182,-0.141498,40.3212,2.399,40.3212,2.399
0.522762,42.7315,0.089115,23.3291,1.14021,0.018441,40.3509,2.38062,40.3509,2.38062
0.532765,42.6411,0.08987,23.3131,1.27767,0.048672,40.4441,2.19698,40.4441,2.19698
0.533766,42.4243,0.09473,23.4547,-0.552437,0.081612,40.4533,1.97102,40.4533,1.97102
0.534335,42.4153,0.090128,23.2947,0.262525,0.069733,40.4586,1.95675,40.4586,1.95675
0.535327,42.7495,0.08873,22.8718,0.907857,-0.145357,40.4677,2.28182,40.4677,2.28182
0.535771,42.5872,0.091256,22.9917,0.880642,-0.055537,40.4718,2.11542,40.4718,2.11542
0.548325,42.414,0.09145,23.3369,0.648772,0.101208,40.5857,1.82825,40.5857,1.82825
0.550315,42.759,0.089299,23.2195,0.768518,-0.042555,40.6036,2.15546,40.6036,2.15546
0.552605,42.4799,0.089654,23.4881,-0.573944,0.073514,40.624,1.85586,40.624,1.85586
0.553797,42.8116,0.091857,23.4112,0.012383,-0.031799,40.6346,2.17692,40.6346,2.17692
0.557743,42.7375,0.090291,23.522,-0.594306,0.000429,40.6696,2.06788,40.6696,2.06788
0.558743,43.1285,0.092898,24.1487,0.658004,0.133007,40.6784,2.4501,40.6784,2.4501
0.558746,42.6937,0.089573,23.7,0.28513,0.111683,40.6785,2.01522,40.6785,2.01522
0.562751,42.814,0.090329,23.5066,-0.148276,-0.009066,40.7137,2.10033,40.7137,2.10033
0.564741,42.8231,0.089709,23.2851,1.22958,-0.021239,40.7311,2.09206,40.7311,2.09206
0.575823,42.8725,0.091807,23.6526,0.172239,0.033631,40.8269,2.04556,40.8269,2.04556
0.576612,42.7999,0.090075,23.4567,-1.36643,-0.075657,40.8337,1.96627,40.8337,1.96627
0.578292,42.8075,0.090072,23.3243,0.509293,-0.036082,40.848,1.95945,40.848,1.95945
0.578745,42.8104,0.089343,23.2786,0.650723,-0.045401,40.8519,1.95857,40.8519,1.95857
0.5796,42.7975,0.08931,23.2951,1.48851,0.001938,40.8592,1.93837,40.8592,1.93837
0.580604,42.9437,0.09835,23.5166,-0.457982,-0.061699,40.8677,2.07603,40.8677,2.07603
0.580724,43.0881,0.090132,23.5739,0.974346,-0.025076,40.8687,2.21937,40.8687,2.21937
0.582932,42.9347,0.09012,23.2732,0.265156,-0.104618,40.8874,2.04724,40.8874,2.04724
0.58329,43.1237,0.090793,23.7126,0.226659,-0.025602,40.8905,2.23327,40.8905,2.23327
0.583743,43.0082,0.091595,23.5643,-0.442871,-0.066413,40.8943,2.11385,40.8943,2.11385
0.583743,42.8609,0.089495,23.3358,0.218145,-0.062764,40.8943,1.9666,40.8943,1.9666
0.585743,43.0828,0.092677,24.0878,1.09706,0.147914,40.9112,2.17166,40.9112,2.17166
0.587285,42.9434,0.091452,23.6136,0.086435,-0.005707,40.9242,2.01923,40.9242,2.01923
0.588721,42.9007,0.091211,23.3964,-0.066782,-0.068922,40.9362,1.9645,40.9362,1.9645
0.59028,42.8352,0.092935,23.4311,1.00111,0.011626,40.9493,1.88589,40.9493,1.88589
0.591835,42.8377,0.090444,23.3862,1.58102,0.022525,40.9623,1.87543,40.9623,1.87543
0.600603,42.8422,0.094433,23.8453,0.178065,0.105799,41.0349,1.80732,41.0349,1.80732
0.603272,43.1161,0.092267,23.8294,-1.55837,-0.066074,41.0568,2.05928,41.0568,2.05928
0.608261,43.0096,0.090819,23.2453,1.13802,-0.098377,41.0975,1.91212,41.0975,1.91212
0.60986,43.0488,0.091831,23.9276,0.148906,0.064417,41.1105,1.93827,41.1105,1.93827
0.610643,43.1118,0.090588,23.56,-0.830682,-0.118742,41.1168,1.99492,41.1168,1.99492
0.610712,42.7169,0.092877,23.2852,-1.16156,-0.094943,41.1174,1.59954,41.1174,1.59954
0.611252,43.202,0.095195,24.0155,-0.360563,0.020341,41.1218,2.08018,41.1218,2.08018
0.615698,43.0197,0.092238,24.0707,-0.094687,0.108958,41.1576,1.86211,41.1576,1.86211
0.620632,43.0761,0.093091,23.7843,-0.677025,-0.027937,41.1971,1.87905,41.1971,1.87905
0.621874,42.9748,0.092366,23.5813,-0.297309,-0.043585,41.207,1.76782,41.207,1.76782
0.625233,42.9779,0.091453,23.3869,1.12789,-0.042907,41.2336,1.74424,41.2336,1.74424
0.627239,43.0516,0.092195,23.5128,0.953562,-0.033942,41.2495,1.80209,41.2495,1.80209
0.630699,42.9619,0.091576,23.701,-0.246796,0.001443,41.2767,1.68526,41.2767,1.68526
0.631882,42.5323,0.097524,23.6059,-0.930861,0.078491,41.286,1.24633,41.286,1.24633
0.632234,43.225,0.093125,23.7392,0.208542,-0.050531,41.2887,1.9363,41.2887,1.9363
0.637701,42.7557,0.100758,24.0121,-1.61107,0.106744,41.3313,1.42435,41.3313,1.42435
0.638234,42.9577,0.097915,23.8881,0.488591,0.096406,41.3355,1.62221,41.3355,1.62221
0.641893,43.2691,0.093291,23.6779,-0.210581,-0.103447,41.3638,1.90531,41.3638,1.90531
0.643642,43.1933,0.098759,23.6153,0.590653,-0.062996,41.3772,1.81603,41.3772,1.81603
0.643646,43.1431,0.094148,23.7865,-0.204658,-0.027514,41.3773,1.76584,41.3773,1.76584
0.647639,43.1406,0.09193,23.8985,0.310288,0.032706,41.4079,1.73265,41.4079,1.73265
0.64864,43.0366,0.092708,23.975,-0.449789,0.056579,41.4156,1.62106,41.4156,1.62106
0.662058,43.1742,0.093186,24.0727,0.44517,0.084112,41.517,1.65724,41.517,1.65724
0.664638,43.4337,0.094448,23.5126,0.557724,-0.175195,41.5363,1.89747,41.5363,1.89747
0.670654,43.2763,0.095777,24.0643,0.57067,0.054159,41.5809,1.69533,41.5809,1.69533
0.677662,43.5868,0.098356,24.0781,0.61882,-0.03938,41.6325,1.95437,41.6325,1.95437
0.681942,43.3423,0.094158,23.4994,0.54088,-0.150704,41.6637,1.67865,41.6637,1.67865
0.683659,43.4528,0.115261,24.0547,0.691964,-0.000385,41.6761,1.77661,41.6761,1.77661
0.685179,43.3312,0.0983,24.1177,-0.865996,-0.011201,41.6872,1.64405,41.6872,1.64405
0.688656,43.2697,0.092298,23.6044,0.22777,-0.107541,41.7123,1.55743,41.7123,1.55743
0.690652,43.1081,0.095502,24.3784,-0.153659,0.177029,41.7266,1.38151,41.7266,1.38151
0.693165,43.3232,0.100242,24.0321,-1.76386,-0.076797,41.7446,1.57856,41.7446,1.57856
0.697164,43.4529,0.093324,23.5895,0.976498,-0.137669,41.7732,1.67977,41.7732,1.67977
0.698167,43.4289,0.101565,23.7301,0.678618,-0.097992,41.7803,1.64858,41.7803,1.64858
0.699166,43.2454,0.094894,24.1073,0.169319,0.059883,41.7874,1.45799,41.7874,1.45799
0.699169,43.5077,0.094016,23.7332,0.688169,-0.12201,41.7874,1.72032,41.7874,1.72032
0.69996,43.3685,0.097048,24.4562,-2.64181,0.005752,41.793,1.57545,41.793,1.57545
0.700631,43.2128,0.094362,23.8578,0.136556,-0.011566,41.7978,1.41503,41.7978,1.41503
0.701158,43.5573,0.094504,23.9214,0.014891,-0.107691,41.8015,1.75582,41.8015,1.75582
0.701965,43.1338,0.100028,24.2268,-1.90828,0.04058,41.8072,1.32659,41.8072,1.32659
0.701969,43.3701,0.095463,23.9575,0.509414,-0.013323,41.8073,1.56289,41.8073,1.56289
0.715652,43.3788,0.096706,23.9922,-0.806348,-0.064355,41.9031,1.47575,41.9031,1.47575
0.71868,43.3648,0.094949,23.7237,-0.614033,-0.137754,41.924,1.44074,41.924,1.44074
0.719626,43.3576,0.095665,23.8987,0.391447,-0.033571,41.9305,1.42702,41.9305,1.42702
0.72014,43.4663,0.098164,24.2354,-1.10173,-0.027446,41.9341,1.53219,41.9341,1.53219
0.72068,43.4665,0.098773,23.9141,0.235317,-0.070767,41.9378,1.52866,41.9378,1.52866
0.726679,43.5067,0.094974,23.8968,0.614699,-0.072211,41.979,1.52773,41.979,1.52773
0.727675,43.4663,0.099419,23.9466,-0.794668,-0.106786,41.9858,1.48058,41.9858,1.48058
0.730128,43.2617,0.096543,23.9051,0.681549,0.012517,42.0025,1.25927,42.0025,1.25927
0.733609,43.4594,0.094433,23.9854,-1.34455,-0.116857,42.0261,1.43331,42.0261,1.43331
0.733996,43.7595,0.1029,24.2118,-1.35203,-0.14094,42.0287,1.73075,42.0287,1.73075
0.734996,43.6522,0.095665,24.001,0.836161,-0.075547,42.0355,1.61677,42.0355,1.61677
0.735608,43.5554,0.096764,24.3002,-1.46441,-0.051696,42.0396,1.51585,42.0396,1.51585
0.736007,43.4223,0.104933,24.3839,0.319916,0.09884,42.0423,1.38004,42.0423,1.38004
0.73669,43.509,0.093659,23.6916,0.773664,-0.131975,42.0469,1.46212,42.0469,1.46212
0.742008,44.0699,0.103483,24.0942,0.357631,-0.201828,42.0826,1.98733,42.0826,1.98733
0.742697,43.4623,0.097111,24.0962,-0.429804,-0.040737,42.0872,1.37506,42.0872,1.37506
0.745665,43.5466,0.094967,23.9196,0.939225,-0.063082,42.107,1.4396,42.107,1.4396
0.746118,43.3423,0.095641,23.8559,0.789091,-0.024482,42.11,1.23223,42.11,1.23223
0.7491,43.1593,0.096075,23.8302,0.936907,0.03293,42.1299,1.02941,42.1299,1.02941
0.750681,43.2898,0.099406,23.8089,0.623562,-0.030192,42.1403,1.1495,42.1403,1.1495
0.756687,43.978,0.095935,24.0549,-1.00325,-0.2463,42.1799,1.7981,42.1799,1.7981
0.75903,43.6596,0.09556,24.107,1.51251,-0.013177,42.1953,1.4643,42.1953,1.4643
0.760691,43.6844,0.101218,23.9067,0.551439,-0.12921,42.2061,1.47833,42.2061,1.47833
0.760698,43.4433,0.094664,24.0319,-0.119797,-0.04134,42.2062,1.23709,42.2062,1.23709
0.761089,43.5814,0.09585,24.082,1.043,-0.017217,42.2087,1.37266,42.2087,1.37266
0.76158,43.5414,0.096723,24.04,0.177122,-0.05695,42.2119,1.32946,42.2119,1.32946
0.765588,43.5322,0.09633,24.2442,0.180928,0.01206,42.238,1.29416,42.238,1.29416
0.76659,43.927,0.096641,24.132,0.905821,-0.118769,42.2445,1.68254,42.2445,1.68254
0.766684,43.6774,0.103932,24.2986,0.502459,-0.002723,42.2451,1.43227,42.2451,1.43227
0.767075,44.1317,0.101187,24.1983,0.680717,-0.173571,42.2476,1.88405,42.2476,1.88405
0.768587,43.5354,0.097274,24.5462,-0.334164,0.085159,42.2574,1.27799,42.2574,1.27799
0.773081,43.9303,0.098805,24.0494,1.04014,-0.140416,42.2864,1.6439,42.2864,1.6439
0.776594,43.409,0.098366,24.3978,0.13522,0.099259,42.3089,1.1001,42.3089,1.1001
0.78806,43.81,0.096033,23.9758,1.3958,-0.109284,42.3817,1.42833,42.3817,1.42833
0.789054,43.7639,0.099608,24.2223,0.784211,-0.042547,42.388,1.37598,42.388,1.37598
0.796552,43.2345,0.098413,24.1289,0.698641,0.094253,42.435,0.799589,42.435,0.799589
0.798566,43.836,0.101777,24.5104,-1.05667,-0.055975,42.4475,1.38848,42.4475,1.38848
0.800697,43.1462,0.098997,24.2077,0.087341,0.120557,42.4607,0.685435,42.4607,0.685435
0.805695,43.3916,0.106396,24.3937,-0.185837,0.089062,42.4917,0.899974,42.4917,0.899974
0.805696,43.7967,0.09721,23.9032,0.668773,-0.161241,42.4917,1.30505,42.4917,1.30505
0.806041,43.6544,0.105158,24.4655,0.028914,0.037161,42.4938,1.1606,42.4938,1.1606
0.808048,44.2423,0.101592,24.6084,-0.414682,-0.126427,42.5061,1.73614,42.5061,1.73614
0.809032,43.6492,0.101626,24.395,-0.265832,0.002784,42.5122,1.13699,42.5122,1.13699
0.81072,43.5695,0.105587,24.2335,-0.074816,-0.014984,42.5225,1.04698,42.5225,1.04698
0.813696,44.0151,0.099177,24.2968,-0.268869,-0.147072,42.5407,1.47435,42.5407,1.47435
0.817732,43.9962,0.101608,24.2724,1.18965,-0.082973,42.5653,1.43086,42.5653,1.43086
0.822103,43.7852,0.104677,24.1892,2.00036,-0.005164,42.5918,1.19344,42.5918,1.19344
0.822697,43.9815,0.100111,24.3735,-0.556579,-0.124503,42.5954,1.38613,42.5954,1.38613
0.828528,44.191,0.100853,24.3616,2.29241,-0.067245,42.6305,1.5605,42.6305,1.5605
0.837004,44.0182,0.100539,24.1892,0.282605,-0.15787,42.681,1.33716,42.681,1.33716
0.838126,43.7342,0.113632,24.3379,-1.31379,-0.090405,42.6877,1.04653,42.6877,1.04653
0.839734,43.7119,0.112754,24.3627,-0.08164,-0.019546,42.6972,1.01466,42.6972,1.01466
0.840005,43.4464,0.103903,24.1909,1.2299,0.069868,42.6988,0.747628,42.6988,0.747628
0.840522,43.8553,0.101288,24.2543,1.86199,-0.013003,42.7019,1.1534,42.7019,1.1534
0.842123,43.9438,0.112024,24.283,1.26124,-0.059406,42.7113,1.23245,42.7113,1.23245
0.847985,44.0808,0.110575,24.1965,1.75216,-0.109364,42.7458,1.335,42.7458,1.335
0.848509,43.9246,0.10052,24.2953,1.15118,-0.054238,42.7488,1.17578,42.7488,1.17578
0.850729,44.0672,0.098855,24.1402,1.27816,-0.144534,42.7618,1.30541,42.7618,1.30541
0.852994,43.8045,0.101921,24.4328,0.333205,-0.008102,42.775,1.02949,42.775,1.02949
0.858507,43.7471,0.106173,24.6224,0.414445,0.075253,42.807,0.940067,42.807,0.940067
0.858513,43.5019,0.101579,24.2461,0.72806,0.047131,42.8071,0.694877,42.8071,0.694877
0.858516,44.3129,0.11645,24.4271,1.15848,-0.136633,42.8071,1.50577,42.8071,1.50577
0.863978,43.9061,0.1039,24.3985,1.33803,-0.00656,42.8386,1.06757,42.8386,1.06757
0.864497,44.0489,0.102986,24.2773,0.231091,-0.141676,42.8416,1.20732,42.8416,1.20732
0.866494,43.9025,0.106037,24.3537,0.376409,-0.063269,42.853,1.0495,42.853,1.0495
0.872152,44.2312,0.119167,24.4266,-0.742621,-0.196303,42.8853,1.34584,42.8853,1.34584
0.877971,44.2219,0.103099,24.3292,1.7424,-0.11251,42.9183,1.30361,42.9183,1.30361
0.890729,44.0637,0.103551,24.2239,-0.725251,-0.206887,42.99,1.07379,42.99,1.07379
0.893183,44.1474,0.106138,24.576,1.32434,-0.027739,43.0036,1.14379,43.0036,1.14379
0.896944,44.0979,0.109618,24.3333,1.45429,-0.084188,43.0245,1.07345,43.0245,1.07345
0.901736,44.3132,0.111342,24.4084,0.902173,-0.154347,43.0509,1.26231,43.0509,1.26231
0.910752,44.3434,0.112202,24.6544,-0.449029,-0.145757,43.1003,1.24317,43.1003,1.24317
0.913473,44.1361,0.104751,24.344,-0.04407,-0.160738,43.1151,1.02102,43.1151,1.02102
0.92221,44.0658,0.117626,24.3802,-0.310684,-0.13841,43.1623,0.903518,43.1623,0.903518
0.922221,43.8201,0.117413,24.6641,-0.433873,0.026835,43.1623,0.657789,43.1623,0.657789
0.924917,44.3051,0.125384,24.7059,0.863344,-0.057529,43.1768,1.12824,43.1768,1.12824
0.92622,44.0959,0.111056,24.8113,1.13903,0.056398,43.1838,0.912108,43.1838,0.912108
0.927909,44.4258,0.121275,24.7597,0.086232,-0.114189,43.1928,1.23295,43.1928,1.23295
0.931901,44.4059,0.111047,24.3988,0.318349,-0.213713,43.2141,1.19177,43.2141,1.19177
0.932229,44.0399,0.130385,24.7752,0.258122,0.023043,43.2159,0.824017,43.2159,0.824017
0.9339,44.1121,0.126556,24.8159,0.846145,0.039429,43.2247,0.887372,43.2247,0.887372
0.935774,43.8685,0.119916,24.4819,0.055963,-0.025416,43.2347,0.633857,43.2347,0.633857
0.936755,44.0869,0.108686,24.4944,-0.191832,-0.103022,43.2399,0.847019,43.2399,0.847019
0.94689,43.5712,0.115036,24.4604,-0.095636,0.056711,43.2932,0.277965,43.2932,0.277965
0.948455,43.8749,0.112213,24.6773,0.182611,0.041278,43.3014,0.573547,43.3014,0.573547
0.950763,44.4858,0.112327,24.5959,1.16976,-0.137444,43.3134,1.17235,43.3134,1.17235
0.958871,44.5948,0.125337,24.7731,-0.701676,-0.199987,43.3555,1.23929,43.3555,1.23929
0.96074,44.5647,0.112338,24.7188,0.377544,-0.159049,43.3652,1.19953,43.3652,1.19953
0.960751,43.8312,0.116274,24.5867,0.200862,0.026976,43.3652,0.465968,43.3652,0.465968
0.970782,44.982,0.118744,25.0201,-0.10271,-0.218154,43.4167,1.56531,43.4167,1.56531
0.97423,44.4407,0.118033,24.8861,1.71648,-0.004609,43.4342,1.00652,43.4342,1.00652
0.98328,44.2416,0.114718,24.6667,1.17679,-0.035549,43.48,0.761648,43.48,0.761648
0.983407,44.4517,0.114131,24.7605,0.594869,-0.099334,43.4806,0.971059,43.4806,0.971059
0.983777,44.0593,0.14188,24.9827,-1.38594,0.009485,43.4825,0.57678,43.4825,0.57678
0.99639,44.5022,0.112483,24.6177,1.27336,-0.131063,43.5455,0.956708,43.5455,0.956708
0.997826,44.2625,0.115855,24.5291,1.17675,-0.086682,43.5527,0.709891,43.5527,0.709891
1.0028,44.4844,0.13731,25.0394,0.671653,-0.016458,43.5772,0.907197,43.5772,0.907197
1.02081,44.6298,0.118836,24.9653,0.305488,-0.1038,43.6652,0.964614,43.6652,0.964614
1.0288,44.482,0.1248,24.5888,1.10318,-0.141513,43.7038,0.778199,43.7038,0.778199
1.0608,44.3649,0.132013,24.7079,-0.952679,-0.158207,43.855,0.509975,43.855,0.509975
1.12085,44.768,0.121686,25.1471,0.620453,-0.075491,44.1261,0.641915,44.1261,0.641915
1.23089,45.0662,0.128558,26.0468,-0.077374,0.087011,44.5848,0.481459,44.5848,0.481459
1.2659,45.0105,0.128614,25.7356,0.286816,0.021062,44.7214,0.289083,44.7214,0.289083
1.29911,45.0536,0.128055,25.6912,0.664323,0.009896,44.8472,0.206383,44.8472,0.206383
