ell,Dl_obs,Dl_te_obs,Dl_ee_obs,Dl_lcdm_tt,residual_lcdm_tt,Dl_lcdm_te,residual_lcdm_te,Dl_lcdm_ee,residual_lcdm_ee,Dl_USMFv2_tt,residual_USMFv2_tt,Dl_USMFv2_te,residual_USMFv2_te,Dl_USMFv2_ee,residual_USMFv2_ee
32,1097.01,1.51224,0.0643557,1089.62,7.39151,1.92173,-0.409496,0.0267228,0.0376329,1677.65,-580.638,1.04624,0.465999,0.0249657,0.03939
37,1180.26,3.11711,0.0649424,1175.44,4.81955,1.88607,1.23103,0.0439239,0.0210185,1914.66,-734.399,0.602308,2.5148,0.0410335,0.0239089
42,1426.97,0.820244,0.0699042,1266.49,160.48,1.60257,-0.782321,0.0672766,0.00262757,2170.92,-743.946,-0.172158,0.992402,0.062952,0.00695219
47,1364.66,1.07013,0.141281,1361.39,3.26754,1.03612,0.0340097,0.0972426,0.044038,2441.5,-1076.84,-1.31479,2.38492,0.0915107,0.0497699
52,1329.06,1.08312,0.146964,1460.82,-131.755,0.156478,0.92664,0.134428,0.0125364,2726.23,-1397.17,-2.86659,3.94971,0.127234,0.0197302
57,1607.2,-3.82399,0.193005,1564.44,42.7546,-1.04572,-2.77828,0.178864,0.0141404,3022.87,-1415.68,-4.83773,1.01374,0.170608,0.022397
62,1663.41,-4.29778,0.296409,1673.36,-9.94657,-2.58186,-1.71592,0.230518,0.0658902,3331.51,-1668.1,-7.25437,2.95659,0.221813,0.0745961
67,1838.4,-2.04066,0.331388,1787.32,51.0809,-4.44279,2.40212,0.28887,0.042518,3651.27,-1812.87,-10.1104,8.06971,0.280869,0.0505192
72,1974.24,-8.54866,0.356963,1906.19,68.0482,-6.61255,-1.93611,0.353189,0.00377416,3981.04,-2006.8,-13.3952,4.84656,0.347495,0.00946797
77,1765.67,-7.23417,0.448396,2031.72,-266.049,-9.07807,1.8439,0.422644,0.025752,4322.47,-2556.8,-17.1041,9.86993,0.421292,0.0271035
82,2168.04,-9.89267,0.522364,2163.06,4.97485,-11.7972,1.90455,0.495848,0.0265152,4674.14,-2506.1,-21.1968,11.3041,0.501462,0.0209018
87,2330.99,-12.7208,0.489592,2300.31,30.683,-14.7274,2.00656,0.571353,-0.081761,5034.42,-2703.43,-25.6351,12.9143,0.587123,-0.0975316
92,2446.65,-19.2047,0.789127,2442.58,4.06756,-17.8142,-1.39052,0.647629,0.141497,5403.02,-2956.37,-30.3747,11.17,0.677239,0.111888
97,2484.46,-19.0476,0.57472,2590.09,-105.636,-21.0048,1.95727,0.722929,-0.148209,5779.21,-3294.75,-35.361,16.3135,0.770498,-0.195778
104,2951.15,-28.1287,0.830793,2805.71,145.446,-25.5423,-2.5864,0.823298,0.0074953,6318.88,-3367.72,-42.6521,14.5234,0.903429,-0.0726356
113,3221.96,-31.7919,0.924375,3096.43,125.531,-31.2353,-0.556679,0.936562,-0.0121869,7033.08,-3811.12,-52.2953,20.5034,1.07226,-0.147885
122,3382.73,-35.701,1.11192,3398.08,-15.3566,-36.391,0.69005,1.02334,0.0885811,7764.82,-4382.09,-61.831,26.13,1.22989,-0.117972
131,3592.1,-41.5613,1.10666,3705.08,-112.983,-40.6,-0.961264,1.07609,0.0305659,8505.44,-4913.34,-70.7708,29.2095,1.36651,-0.259849
140,4229.84,-43.6625,1.09668,4011.3,218.538,-43.4797,-0.182858,1.09032,0.00636591,9246.35,-5016.52,-78.6336,34.9711,1.47389,-0.377206
149,4251.39,-45.0365,1.00578,4310.94,-59.5555,-44.7069,-0.329619,1.06584,-0.0600556,9981.5,-5730.11,-84.953,39.9165,1.54458,-0.538803
158,4778.71,-49.241,1.07943,4596.34,182.371,-44.0074,-5.23356,1.00702,0.0724138,10702.9,-5924.21,-89.2913,40.0503,1.57465,-0.495224
167,4844.8,-45.9645,0.855441,4861.21,-16.4149,-41.1908,-4.77368,0.92331,-0.067869,11401.8,-6557.03,-91.2275,45.263,1.56307,-0.707631
176,5120.63,-43.3901,0.96559,5098.19,22.4385,-36.1501,-7.23999,0.829123,0.136467,12067.5,-6946.88,-90.4009,47.0108,1.513,-0.547414
185,5373.97,-30.3906,0.835251,5300.95,73.0175,-28.8793,-1.51129,0.743596,0.0916551,12690.3,-7316.34,-86.5316,56.141,1.43147,-0.596218
194,5542.7,-18.1436,0.793541,5464.12,78.5848,-19.4786,1.33506,0.690096,0.103445,13261.4,-7718.66,-79.3888,61.2452,1.32718,-0.533636
203,5446.22,-7.21464,0.694054,5583.35,-137.13,-8.14991,0.935273,0.694997,-0.000942595,13772.8,-8326.61,-68.8335,61.6189,1.21151,-0.517452
212,5636.34,2.53847,0.877642,5654.44,-18.0974,4.81362,-2.27515,0.78606,0.0915829,14216.3,-8579.92,-54.8534,57.3919,1.10418,-0.22654
221,5816.48,17.9047,0.874199,5676.47,140.014,19.0297,-1.12503,0.990762,-0.116563,14585.4,-8768.9,-37.5794,55.4841,1.03544,-0.161238
230,5684.66,26.6053,1.23818,5648.81,35.8495,34.048,-7.44274,1.33523,-0.0970461,14874.1,-9189.42,-17.2153,43.8206,1.03507,0.20311
239,5776.16,46.2991,1.78071,5572.19,203.963,49.3666,-3.0675,1.84256,-0.0618475,15077.6,-9301.48,5.98371,40.3154,1.12987,0.650841
248,5435.47,50.6637,2.10983,5448.74,-13.2706,64.4463,-13.7826,2.53139,-0.421553,15192.7,-9757.23,31.725,18.9387,1.34214,0.76769
257,5228,71.5358,3.13386,5281.9,-53.8999,78.7352,-7.1994,3.41408,-0.28022,15217.4,-9989.38,59.6665,11.8693,1.6908,1.44307
266,5090.29,86.4306,3.86066,5076.13,14.164,91.6943,-5.2637,4.49395,-0.633291,15151.8,-10061.5,89.1872,-2.75665,2.2083,1.65236
275,5096.49,106.963,5.31265,4837.81,258.68,102.834,4.12873,5.76557,-0.452925,14998.4,-9901.9,119.576,-12.6136,2.92919,2.38346
284,4546.18,102.707,5.82483,4573.33,-27.1513,111.705,-8.99867,7.21478,-1.38996,14759.7,-10213.5,150.162,-47.4559,3.87935,1.94548
293,4371.25,117.073,8.21385,4290.13,81.1227,117.934,-0.861625,8.81874,-0.604884,14439.3,-10068.1,180.35,-63.2772,5.07595,3.13791
302,3935.72,117.089,9.31107,3995.51,-59.7905,121.215,-4.12526,10.5454,-1.23429,14040.6,-10104.9,209.609,-92.5196,6.52695,2.78411
311,3649.99,119.046,10.9594,3697.19,-47.2029,121.366,-2.31934,12.3554,-1.39601,13569.4,-9919.43,237.385,-118.339,8.23342,2.726
320,3411.94,112.762,12.6384,3402.78,9.1607,118.323,-5.56123,14.2019,-1.56345,13035.6,-9623.66,262.922,-150.16,10.1891,2.44937
329,3173.93,117.149,15.1816,3119.44,54.4944,112.132,5.0175,16.0321,-0.850515,12449.1,-9275.15,285.534,-168.385,12.3821,2.79948
338,2842.13,105.901,16.0657,2853.72,-11.5844,102.943,2.95737,17.79,-1.72435,11819.2,-8977.03,304.642,-198.741,14.7973,1.26833
347,2498.24,86.2064,16.2208,2611.4,-113.16,91.0302,-4.82382,19.4194,-3.19865,11154.4,-8656.14,319.786,-233.579,17.4194,-1.19863
356,2358.31,79.8487,18.6902,2396.94,-38.6302,76.7266,3.12212,20.8633,-2.17312,10462.3,-8103.99,330.573,-250.724,20.2289,-1.53872
365,2186.33,61.0311,18.5056,2214.44,-28.1122,60.5127,0.518399,22.0745,-3.56888,9753.98,-7567.65,336.8,-275.769,23.1789,-4.67332
374,2038.68,46.4875,21.0827,2066.37,-27.6934,42.9027,3.58473,23.0073,-1.92458,9041.34,-7002.67,338.324,-291.837,26.1999,-5.11716
383,1891.76,31.557,21.4257,1954.08,-62.3232,24.4791,7.07792,23.6265,-2.20087,8335.25,-6443.5,335.073,-303.516,29.2323,-7.80662
392,1787.59,19.7448,22.3593,1877.8,-90.2142,5.83694,13.9078,23.9058,-1.54653,7645.44,-5857.86,326.985,-307.24,32.2255,-9.86618
401,1734.58,-0.544681,21.1747,1836.43,-101.85,-12.4032,11.8585,23.8343,-2.65958,6980.31,-5245.73,314.026,-314.571,35.1442,-13.9695
410,1738.05,-21.8916,21.0336,1828.09,-90.0375,-29.649,7.75741,23.4099,-2.37629,6347.61,-4609.56,296.31,-318.202,37.9452,-16.9116
419,1731.61,-35.0666,19.2941,1849.58,-117.97,-45.3499,10.2833,22.6496,-3.35556,5754.14,-4022.53,274.421,-309.488,40.5546,-21.2605
428,1770.01,-48.4463,19.1288,1897.23,-127.215,-59.0175,10.5712,21.581,-2.45219,5206.3,-3436.29,248.973,-297.419,42.9006,-23.7718
437,1770.68,-61.9365,19.3346,1966.41,-195.73,-70.2502,8.31375,20.2476,-0.913061,4709.53,-2938.86,220.491,-282.427,44.9274,-25.5928
446,1856.79,-62.1436,17.3252,2052.35,-195.564,-78.7259,16.5824,18.7021,-1.37688,4269.14,-2412.35,189.421,-251.565,46.5881,-29.263
455,2045.9,-74.4981,15.4382,2149.63,-103.727,-84.2226,9.72449,17.0061,-1.56788,3889.54,-1843.64,156.136,-230.634,47.8454,-32.4072
464,2224.7,-80.0589,14.5813,2252.89,-28.187,-86.6292,6.57032,15.2298,-0.64848,3571.78,-1347.08,121.324,-201.383,48.6754,-34.094
473,2178.24,-75.3658,11.5893,2357.22,-178.974,-85.9904,10.6246,13.4531,-1.86383,3314.26,-1136.02,85.893,-161.259,49.0682,-37.4789
482,2323.36,-71.9894,11.4556,2457.5,-134.145,-82.4332,10.4437,11.7559,-0.300361,3115.13,-791.775,50.6801,-122.67,49.0143,-37.5587
491,2418.7,-71.1199,10.3049,2549.37,-130.673,-76.1983,5.07846,10.2184,0.0865409,2973.24,-554.544,16.4085,-87.5283,48.5043,-38.1994
500,2447.25,-59.624,8.30294,2628.93,-181.674,-67.6225,7.99849,8.91576,-0.612818,2887.94,-440.685,-16.2946,-43.3295,47.5241,-39.2211
509,2577.77,-47.175,8.22746,2692.74,-114.967,-57.1269,9.95181,7.91753,0.309932,2857.52,-279.751,-46.8716,-0.303418,46.0724,-37.8449
518,2558.51,-42.4169,7.35097,2738.81,-180.299,-45.2237,2.80677,7.28312,0.0678495,2875.72,-317.203,-74.7988,32.3819,44.2135,-36.8625
527,2579.22,-23.0411,6.50428,2765.37,-186.149,-32.463,9.42193,7.05901,-0.554729,2934.95,-355.731,-99.5755,76.5344,42.0175,-35.5132
536,2523.98,-18.6287,6.71246,2771.73,-247.748,-19.4185,0.78976,7.2778,-0.565336,3028.76,-504.776,-120.724,102.096,39.5408,-32.8283
545,2519.15,-1.43395,8.58876,2758.13,-238.982,-6.68682,5.25287,7.95748,0.631279,3151.59,-632.436,-137.792,136.358,36.8249,-28.2362
554,2566.59,3.55431,8.51755,2725.51,-158.922,5.16397,-1.60966,9.10021,-0.582658,3298.52,-731.934,-150.307,153.862,33.8976,-25.3801
563,2545.99,11.5793,10.6431,2675.66,-129.663,15.5977,-4.01841,10.6885,-0.0453991,3463.71,-917.716,-158.144,169.723,30.8205,-20.1773
572,2409.8,18.6254,11.8913,2610.82,-201.013,24.1347,-5.50936,12.6864,-0.79514,3639.67,-1229.87,-161.55,180.175,27.6987,-15.8074
581,2410.13,26.5374,15.4975,2533.72,-123.596,30.3856,-3.8482,15.0423,0.45511,3819.29,-1409.17,-160.71,187.247,24.6253,-9.12789
590,2373.46,26.8724,15.2827,2447.93,-74.4704,34.0434,-7.17102,17.6915,-2.40884,3996.3,-1622.84,-155.723,182.596,21.6803,-6.39764
599,2206.46,28.2947,18.225,2356.97,-150.507,34.8828,-6.58809,20.5578,-2.33276,4164.37,-1957.91,-146.61,174.905,18.9321,-0.707082
608,2119.7,32.2515,22.1034,2264.35,-144.65,32.7902,-0.538721,23.5554,-1.45201,4317.61,-2197.91,-133.402,165.654,16.4396,5.66376
617,2135.45,23.9273,25.8934,2173.61,-38.1584,27.7802,-3.85295,26.5896,-0.696251,4452.56,-2317.1,-116.695,140.622,14.2531,11.6402
626,1951.2,10.8452,25.9867,2088.29,-137.096,19.9906,-9.14536,29.5654,-3.57873,4566.6,-2615.4,-97.2041,108.049,12.4226,13.564
635,1938.19,7.54114,30.1719,2011.58,-73.3941,9.64898,-2.10784,32.3865,-2.21459,4656.77,-2718.58,-75.5538,83.095,10.9969,19.1749
644,1859.9,-5.033,32.9222,1946.22,-86.322,-2.92867,-2.10433,34.9597,-2.03753,4719.65,-2859.75,-52.281,47.248,10.028,22.8942
653,1847.08,-15.3753,32.8238,1894.45,-47.3668,-17.3402,1.96484,37.1973,-4.37353,4751.37,-2904.29,-27.8382,12.4629,9.57216,23.2516
662,1848.18,-29.9359,34.7378,1858,-9.81418,-33.1068,3.17082,39.03,-4.29221,4750.44,-2902.26,-2.72986,-27.2061,9.65352,25.0843
671,1814.96,-56.9826,36.3808,1837.89,-22.9362,-49.6897,-7.29295,40.399,-4.01816,4719.12,-2904.16,22.4006,-79.3832,10.2275,26.1533
680,1760.56,-66.7884,36.6042,1834.55,-73.988,-66.5228,-0.265531,41.2596,-4.65544,4659.45,-2898.88,46.9198,-113.708,11.257,25.3472
689,1822.41,-80.806,38.1163,1847.7,-25.2894,-83.0196,2.21364,41.5794,-3.46302,4572.76,-2750.35,70.2151,-151.021,12.7169,25.3995
698,1884.92,-94.2074,38.9399,1876.54,8.37271,-98.6206,4.41324,41.3544,-2.41443,4459.89,-2574.98,91.6462,-185.854,14.6109,24.329
707,1891,-99.954,36.5131,1919.62,-28.6216,-112.781,12.8272,40.5925,-4.07947,4321.42,-2430.42,110.61,-210.564,16.9421,19.5709
716,1908.77,-113.946,36.4293,1974.9,-66.1308,-125.012,11.0662,39.3256,-2.89629,4160.68,-2251.91,126.857,-240.803,19.6405,16.7889
725,1994.29,-122.488,33.4393,2039.89,-45.5966,-134.875,12.3869,37.5991,-4.15984,3982.15,-1987.85,140.282,-262.77,22.6031,10.8362
734,2050.06,-127.683,32.2593,2112.1,-62.0398,-142.05,14.3668,35.4816,-3.22229,3790.29,-1740.24,150.663,-278.346,25.7501,6.50924
743,2184.75,-130.614,27.6853,2188.52,-3.77305,-146.265,15.6516,33.0482,-5.36287,3589.1,-1404.34,157.728,-288.342,29.0079,-1.32259
752,2260,-131.217,27.3087,2265.83,-5.82634,-147.352,16.1354,30.3883,-3.07957,3382.18,-1122.18,161.106,-292.323,32.3174,-5.00872
761,2344.61,-126.704,24.6929,2340.9,3.70652,-145.27,18.5658,27.5965,-2.90352,3173.17,-828.566,160.613,-287.317,35.616,-10.923
770,2348.38,-117.03,21.1035,2410.96,-62.58,-140.077,23.0467,24.7767,-3.67318,2965.56,-617.181,156.623,-273.653,38.832,-17.7285
779,2350.93,-109.053,19.3843,2472.74,-121.807,-131.916,22.8625,22.0326,-2.64829,2762.27,-411.341,149.511,-258.564,41.8916,-22.5073
788,2481.01,-104.286,19.3659,2524.15,-43.1398,-121.079,16.7935,19.4645,-0.0986524,2567.42,-86.4131,139.502,-243.788,44.7173,-25.3515
797,2466.93,-89.1184,17.3212,2562.55,-95.6151,-107.853,18.7343,17.1655,0.155707,2384.57,82.366,126.827,-215.946,47.2245,-29.9033
806,2493.81,-77.0153,16.1542,2586.54,-92.7356,-92.6991,15.6838,15.2227,0.931511,2218.25,275.554,111.569,-188.584,49.329,-33.1748
815,2552.73,-64.7342,14.1638,2594.46,-41.7352,-76.0505,11.3163,13.7071,0.456652,2069.72,483.004,94.1582,-158.892,51.0029,-36.8392
824,2521.81,-49.9835,12.1229,2586.01,-64.2078,-58.4636,8.4801,12.6737,-0.550878,1939.64,582.166,75.1081,-125.092,52.2496,-40.1267
833,2495.02,-27.9085,11.6282,2560.59,-65.5737,-40.4542,12.5457,12.1637,-0.535442,1828.32,666.694,54.9756,-82.8841,53.059,-41.4308
842,2505.47,-17.8662,13.3085,2518.67,-13.2034,-22.5901,4.72394,12.2003,1.10813,1737.18,768.291,34.266,-52.1322,53.4036,-40.0952
851,2383.14,3.01617,13.0309,2461.16,-78.02,-5.41265,8.42882,12.7846,0.24631,1668.03,715.11,13.5107,-10.4946,53.2334,-40.2025
860,2355.55,13.7369,15.4091,2388.99,-33.4457,10.5912,3.14573,13.9054,1.50363,1621.6,733.945,-6.78343,20.5204,52.5245,-37.1154
869,2237.42,27.841,16.3651,2304.5,-67.0826,24.9474,2.89358,15.5213,0.843835,1596.73,640.687,-26.3243,54.1652,51.3329,-34.9678
878,2168.28,41.3423,17.5279,2209.22,-40.9435,37.2758,4.06654,17.5846,-0.0566442,1590.88,577.403,-44.7663,86.1086,49.728,-32.2001
887,2073.72,49.2007,22.0617,2105.85,-32.1272,47.2403,1.96041,20.0203,2.04132,1602.65,471.072,-61.72,110.921,47.752,-25.6904
896,1948.82,55.0267,24.2907,1996.51,-47.6877,54.5542,0.472511,22.7566,1.53403,1630.1,318.721,-76.7465,131.773,45.4502,-21.1595
905,1843.37,57.821,23.2827,1883.83,-40.4646,59.1112,-1.29014,25.6998,-2.41707,1671.75,171.619,-89.2512,147.072,42.8475,-19.5648
914,1745.6,67.5475,29.1072,1770.71,-25.1027,60.827,6.72051,28.7511,0.356058,1725.85,19.7549,-99.0584,166.606,39.9954,-10.8882
923,1619.45,56.6996,31.4781,1659.63,-40.1753,59.7199,-3.02026,31.8138,-0.33568,1789.81,-170.354,-106.272,162.971,36.9741,-5.49598
932,1562.39,54.4174,35.4116,1552.94,9.45428,55.922,-1.50455,34.787,0.624649,1860.86,-298.465,-110.894,165.311,33.8606,1.551
941,1437.55,50.1516,37.4935,1452.91,-15.3609,49.6422,0.509453,37.5717,-0.0781636,1936.17,-498.621,-112.85,163.001,30.7339,6.7596
950,1342.39,41.3038,37.058,1361.38,-18.9932,41.136,0.167728,40.0742,-3.0162,2012.48,-670.089,-112.019,153.323,27.6782,9.37981
959,1285.75,33.7705,39.3482,1279.93,5.82229,30.7333,3.03716,42.2133,-2.8651,2086.72,-800.969,-108.309,142.079,24.7749,14.5733
968,1232.84,20.9026,40.3395,1209.81,23.0283,18.8377,2.06491,43.9243,-3.58479,2157.41,-924.566,-101.968,122.87,22.0616,18.2779
977,1129.03,9.81707,40.4442,1151.84,-22.8115,5.88826,3.92882,45.1559,-4.71169,2223.07,-1094.03,-93.3117,103.129,19.5736,20.8706
986,1103.57,-0.29649,38.6279,1106.4,-2.82658,-7.66805,7.37156,45.8723,-7.24441,2281.79,-1178.22,-82.6487,82.3522,17.3622,21.2657
995,1087.32,-14.7591,42.2792,1073.51,13.8037,-21.4036,6.64459,46.0515,-3.77226,2331.33,-1244.01,-70.3061,55.5471,15.4922,26.787
1004,1024.83,-37.3546,40.1553,1052.89,-28.0619,-34.8724,-2.48221,45.6832,-5.52787,2369.16,-1344.34,-56.5921,19.2375,14.0381,26.1173
1013,1079.48,-45.221,46.1332,1043.6,35.8818,-47.607,2.38594,44.7835,1.34969,2393.77,-1314.29,-41.7663,-3.45471,13.033,33.1002
1022,1032.41,-48.6768,42.9829,1044.71,-12.3008,-59.2813,10.6045,43.3984,-0.415509,2405.54,-1373.13,-26.1984,-22.4784,12.4624,30.5205
1031,1040.79,-54.6481,39.2361,1054.82,-14.0324,-69.5013,14.8532,41.564,-2.32794,2404.48,-1363.69,-10.1882,-44.4599,12.2972,26.9389
1040,1055.91,-59.1628,36.5526,1072.49,-16.5877,-78.0345,18.8717,39.3509,-2.79829,2390.57,-1334.66,5.80288,-64.9657,12.5428,24.0098
1049,1081.98,-73.5188,35.8932,1095.89,-13.9131,-84.615,11.0962,36.8252,-0.93195,2363.39,-1281.41,21.3466,-94.8654,13.2005,22.6928
1058,1129.81,-82.3317,37.0442,1123.31,6.49482,-89.1316,6.79988,34.0601,2.98416,2322.86,-1193.06,35.9264,-118.258,14.2687,22.7755
1067,1122.39,-80.9655,28.6378,1152.89,-30.4969,-91.515,10.5496,31.1582,-2.52046,2269.86,-1147.47,49.3534,-130.319,15.7223,12.9155
1076,1153.29,-78.7501,25.1823,1182.85,-29.5604,-91.767,13.0168,28.2047,-3.02234,2205.75,-1052.46,61.4961,-140.246,17.4997,7.68261
1085,1217.71,-73.3497,20.9454,1211.46,6.24746,-89.965,16.6153,25.2921,-4.34669,2131.95,-914.235,72.1475,-145.497,19.5473,1.3981
1094,1216.98,-76.2582,25.9907,1237.13,-20.1568,-86.2386,9.98041,22.5063,3.48441,2049.98,-833.004,81.0487,-157.307,21.8043,4.18636
1103,1211.44,-56.3317,16.4541,1258.5,-47.061,-80.7931,24.4614,19.9298,-3.47568,1961.63,-750.191,87.868,-144.2,24.2072,-7.75308
1112,1213.36,-55.9813,15.7459,1274.42,-61.0611,-73.8795,17.8982,17.6341,-1.88826,1868.53,-655.17,92.4254,-148.407,26.6982,-10.9523
1121,1246.29,-48.5737,15.3649,1284.04,-37.7441,-65.7965,17.2228,15.6814,-0.316478,1772.05,-525.755,94.799,-143.373,29.2365,-13.8716
1130,1237.54,-42.9851,15.5914,1286.67,-49.1338,-56.8641,13.879,14.1209,1.47045,1673.69,-436.151,95.0718,-138.057,31.7708,-16.1794
1139,1215.83,-47.6841,13.6421,1282.05,-66.2141,-47.429,-0.255099,12.9896,0.652544,1575.35,-359.521,93.3,-140.984,34.2373,-20.5952
1148,1212.52,-23.673,13.5995,1270.04,-57.5164,-37.8321,14.1591,12.308,1.29151,1479.1,-266.576,89.5458,-113.219,36.5561,-22.9565
1157,1220.58,-15.6744,14.5019,1250.83,-30.2453,-28.4101,12.7357,12.0817,2.42023,1387.12,-166.535,83.8839,-99.5582,38.6409,-24.139
1166,1159.29,-21.3026,9.18108,1224.95,-65.6591,-19.4876,-1.815,12.2997,-3.11859,1300.62,-141.326,76.4664,-97.769,40.4613,-31.2802
1175,1143.31,-13.603,10.5746,1193.1,-49.7964,-11.3595,-2.24346,12.9365,-2.36193,1220.33,-77.0205,67.507,-81.11,42.0063,-31.4317
1184,1136.56,-5.79308,12.8028,1156.17,-19.6144,-4.2845,-1.50858,13.9545,-1.1517,1147.16,-10.6057,57.2555,-63.0486,43.2532,-30.4503
1193,1086.25,-2.23866,12.7564,1115.12,-28.8762,1.52089,-3.75955,15.3046,-2.54813,1082.12,4.12648,46.0039,-48.2425,44.1675,-31.4111
1202,1005.41,0.797025,23.1519,1071.12,-65.7079,5.89259,-5.09556,16.9282,6.22375,1026.38,-20.9764,34.0961,-33.2991,44.7059,-21.554
1211,975.189,6.31648,21.2917,1025.34,-50.1479,8.72247,-2.40599,18.7591,2.53261,980.736,-5.5473,21.8455,-15.529,44.8412,-23.5495
1220,970.73,11.2854,18.0007,979.05,-8.31936,9.96225,1.32313,20.7247,-2.72406,945.129,25.6014,9.44395,1.84143,44.5907,-26.59
1229,906.514,0.795071,24.1192,933.461,-26.947,9.61336,-8.81829,22.7489,1.37023,919.344,-12.83,-2.88994,3.68501,43.9744,-19.8553
1238,895.506,-1.70669,26.9876,889.745,5.76081,7.73851,-9.4452,24.7582,2.22937,903.131,-7.62509,-14.8762,13.1695,43.0152,-16.0276
1247,860.053,6.50815,28.9322,848.916,11.1376,4.44013,2.06802,26.6788,2.25333,896.079,-36.0253,-26.1952,32.7033,41.7355,-12.8034
1256,805.618,-5.07351,28.2583,811.853,-6.23488,-0.134496,-4.93901,28.4421,-0.183786,897.643,-92.0251,-36.5003,31.4267,40.1625,-11.9042
1265,777.489,-10.6252,32.123,779.337,-1.84735,-5.78608,-4.83908,29.9893,2.13371,907.193,-129.704,-45.6017,34.9765,38.328,-6.20501
1274,770.016,-6.18903,28.0386,751.945,18.0706,-12.2867,6.09763,31.2684,-3.2298,923.905,-153.889,-53.4156,47.2266,36.2676,-8.22893
1283,736.545,-25.4341,25.1459,730.079,6.46585,-19.3866,-6.04745,32.2382,-7.09232,946.774,-210.229,-59.8389,34.4048,34.0271,-8.88123
1292,758.18,-27.8221,32.7948,713.907,44.2737,-26.8272,-0.994952,32.8649,-0.0700389,974.568,-216.387,-64.7591,36.937,31.6602,1.13458
1301,733.856,-31.3034,32.8301,703.417,30.4388,-34.344,3.04067,33.1307,-0.300595,1005.87,-272.016,-68.0584,36.755,29.2365,3.59353
1310,712.532,-45.6622,32.308,698.395,14.1378,-41.6804,-3.98174,33.0281,-0.720156,1039.28,-326.751,-69.6599,23.9977,26.8195,5.48849
1319,718.903,-45.3274,37.0351,698.463,20.4398,-48.5853,3.25794,32.5635,4.47159,1073.86,-354.954,-69.5889,24.2615,24.4393,12.5957
1328,723.408,-52.8192,22.7581,703.097,20.3109,-54.8299,2.01072,31.7584,-9.0003,1108.61,-385.201,-67.9099,15.0907,22.1334,0.624701
1337,757.937,-50.5695,32.7284,711.626,46.3109,-60.2133,9.64383,30.6408,2.08764,1142.41,-384.474,-64.7155,14.146,19.9452,12.7832
1346,737.666,-57.1386,25.6747,723.271,14.3958,-64.5691,7.43052,29.2475,-3.57276,1174.02,-436.358,-60.1327,2.99412,17.9273,7.74745
1355,765.134,-65.5484,22.1336,737.159,27.9755,-67.7664,2.21798,27.6207,-5.48709,1202.15,-437.012,-54.321,-11.2274,16.1356,5.99803
1364,776.923,-62.1891,20.8649,752.416,24.5071,-69.7256,7.53656,25.816,-4.95112,1225.9,-448.981,-47.4358,-14.7533,14.6068,6.25816
1373,777.362,-56.4015,13.9711,768.126,9.23574,-70.4017,14.0002,23.8909,-9.91987,1244.77,-467.408,-39.6192,-16.7823,13.3509,0.620142
1382,773.981,-47.5995,19.7096,783.388,-9.4061,-69.7943,22.1948,21.9061,-2.19647,1258.24,-484.258,-31.0565,-16.543,12.3805,7.32911
1391,806.044,-66.4348,18.9034,797.321,8.72296,-67.9374,1.50256,19.9199,-1.01649,1265.83,-459.786,-21.9673,-44.4676,11.7056,7.19774
1400,830.177,-61.3485,26.3292,809.174,21.0028,-64.9145,3.56601,17.991,8.33815,1267.19,-437.012,-12.6206,-48.7279,11.3368,14.9924
1409,822.186,-54.6345,5.1988,818.254,3.93218,-60.8362,6.20169,16.1722,-10.9734,1262.06,-439.871,-3.2801,-51.3544,11.2766,-6.07782
1418,818.106,-52.4991,20.0139,823.975,-5.8688,-55.847,3.34794,14.5128,5.50115,1250.44,-432.33,5.88739,-58.3865,11.518,8.49589
1427,796.252,-38.2634,20.0412,825.931,-29.6793,-50.1233,11.8598,13.0573,6.98384,1232.54,-436.291,14.7157,-52.9792,12.0473,7.99386
1436,803.463,-40.2416,13.1922,823.813,-20.35,-43.8513,3.60975,11.8411,1.35108,1208.69,-405.228,23.0288,-63.2704,12.8415,0.350738
1445,798.655,-37.8014,10.43,817.438,-18.7836,-37.2285,-0.572842,10.8905,-0.460516,1179.32,-380.666,30.6396,-68.441,13.8686,-3.43864
1454,773.833,-26.0106,2.1953,806.756,-32.9221,-30.4547,4.44405,10.2221,-8.02682,1145,-371.168,37.3601,-63.3707,15.0877,-12.8924
1463,762.183,-21.7373,18.35,791.945,-29.7614,-23.7346,1.9973,9.84308,8.50691,1106.42,-344.235,43.046,-64.7833,16.4636,1.88637
1472,749.532,-9.44394,12.4154,773.24,-23.7084,-17.2623,7.81838,9.75059,2.66478,1064.18,-314.647,47.6204,-57.0643,17.9693,-5.55394
1481,738.185,2.7698,16.5295,751.001,-12.8163,-11.219,13.9888,9.9332,6.59625,1019.01,-280.825,51.0221,-48.2523,19.5701,-3.04065
1490,727.424,-4.9052,14.6158,725.727,1.69758,-5.76482,0.859624,10.3712,4.2446,971.776,-244.352,53.2112,-58.1164,21.223,-6.60725
1499,701.642,-1.96257,-1.3298,697.935,3.70748,-1.03511,-0.927462,11.0372,-12.367,923.364,-221.722,54.1723,-56.1349,22.8775,-24.2073
1512,655.678,7.47919,21.9852,654.559,1.11851,4.30575,3.17344,12.3316,9.65356,853.185,-197.507,53.4173,-45.9381,25.168,-3.18285
1529,588.39,9.37829,16.3364,595.124,-6.73422,8.34086,1.03743,14.4275,1.90882,764.448,-176.058,48.7937,-39.4154,27.8449,-11.5085
1546,547.01,10.0139,17.2441,536.72,10.2901,8.93718,1.07672,16.6998,0.544288,683.595,-136.585,40.5883,-30.5744,29.9769,-12.7329
1563,503.657,-0.414165,16.8062,483.283,20.3743,6.34511,-6.75928,18.8451,-2.03895,614.862,-111.205,29.7059,-30.12,31.372,-14.5658
1580,468.039,-1.86885,6.00044,438.017,30.0224,1.15322,-3.02207,20.5897,-14.5893,561.182,-93.1425,17.0922,-18.9611,31.9177,-25.9173
1597,429.111,-9.9112,23.6655,403.073,26.0389,-5.80653,-4.10467,21.7228,1.94275,524.152,-95.0407,3.78997,-13.7012,31.5897,-7.92414
1614,407.925,-9.49197,28.6547,379.241,28.6846,-13.5946,4.10267,22.1094,6.54533,503.995,-96.0702,-9.07856,-0.413413,30.4315,-1.77684
1631,399.577,-25.3687,25.01,366.166,33.4106,-21.2373,-4.13135,21.7124,3.29761,499.689,-100.112,-20.5399,-4.82877,28.53,-3.51997
1648,389.097,-22.7408,15.7028,362.414,26.6829,-27.8574,5.11669,20.5802,-4.87742,509.089,-119.992,-29.7941,7.05339,26.0341,-10.3313
1665,391.497,-25.4964,25.7318,365.69,25.8068,-32.7766,7.28022,18.8369,6.89486,529.157,-137.66,-36.2405,10.744,23.1562,2.57558
1682,385.396,-29.9275,35.6797,373.214,12.1819,-35.5541,5.62662,16.6703,19.0094,556.175,-170.779,-39.5163,9.5888,20.1008,15.5789
1699,400.368,-26.1074,19.884,382.086,18.2816,-36.0277,9.92035,14.3057,5.5783,586.237,-185.869,-39.538,13.4306,17.0847,2.79925
1716,393.039,-22.1731,-2.30435,389.583,3.4555,-34.3078,12.1347,11.966,-14.2703,615.553,-222.514,-36.4902,14.3171,14.3182,-16.6225
1733,407.61,-28.2166,10.7442,393.47,14.1405,-30.7513,2.53479,9.86514,0.879028,640.546,-232.935,-30.7854,2.56887,11.9831,-1.23897
1750,377.716,-22.2324,37.1788,392.201,-14.4849,-25.8865,3.65413,8.17466,29.0041,658.244,-280.528,-23.0012,0.768781,10.2131,26.9657
1767,379.019,-13.1588,21.6818,385.043,-6.02411,-20.3455,7.18671,7.00642,14.6754,666.532,-287.513,-13.8397,0.680916,9.08757,12.5943
1784,377.36,-11.8144,-18.8184,372.071,5.28868,-14.7966,2.98214,6.41017,-25.2286,664.269,-286.91,-4.12143,-7.69302,8.64558,-27.464
1801,358.796,-8.0874,23.4248,354.081,4.715,-9.84775,1.76035,6.37064,17.0542,651.081,-292.285,5.3731,-13.4605,8.86658,14.5582
1818,342.446,-0.976027,18.7414,332.428,10.018,-5.98479,5.00876,6.81212,11.9293,627.404,-284.958,13.9544,-14.9304,9.67262,9.06877
1835,313.006,-4.91613,16.6022,308.839,4.16731,-3.54117,-1.37496,7.6112,8.99096,594.904,-281.898,20.981,-25.8971,10.948,5.65414
1852,305.378,1.81527,-6.23088,285.165,20.213,-2.65447,4.46974,8.61773,-14.8486,555.554,-250.176,25.9855,-24.1702,12.5525,-18.7833
1869,276.147,-4.78882,36.2976,263.107,13.0397,-3.27355,-1.51527,9.67027,26.6273,511.533,-235.386,28.7024,-33.4912,14.3258,21.9718
1886,265.911,1.66045,0.555329,244.136,21.7753,-5.17907,6.83953,10.6139,-10.0586,465.817,-199.906,29.0709,-27.4104,16.0903,-15.535
1903,249.92,-11.107,-18.6965,229.231,20.6889,-8.02168,-3.08534,11.3203,-30.0168,421.071,-171.151,27.1672,-38.2742,17.6906,-36.3871
1920,257.96,-8.76494,26.026,218.842,39.1184,-11.3716,2.60663,11.6977,14.3283,379.569,-121.609,23.2347,-31.9997,18.9959,7.03011
1937,245.342,-13.224,20.5827,212.923,32.419,-14.768,1.54406,11.6985,8.88414,343.439,-98.0965,17.7553,-30.9793,19.8911,0.691597
1954,231.313,-5.86213,-42.7334,210.914,20.3991,-17.7835,11.9214,11.3221,-54.0555,314.335,-83.0224,11.2084,-17.0706,20.3038,-63.0372
1971,229.279,-28.0519,51.929,211.854,17.4246,-20.0648,-7.98719,10.6088,41.3202,293.193,-63.9139,4.10893,-32.1609,20.2066,31.7224
1988,225.825,-27.8392,5.28485,214.565,11.2602,-21.3599,-6.4793,9.6364,-4.35155,280.067,-54.2422,-2.90809,-24.9311,19.6163,-14.3315
2005,240.086,,,217.767,22.3196,-21.5523,,8.50512,,274.828,-34.7419,-9.31572,,18.5739,
2030,233.983,,,220.807,13.1752,-19.8867,,6.78238,,279.586,-45.6036,-16.7538,,16.3923,
2063,216.247,,,217.453,-1.20647,-14.993,,4.90017,,300.684,-84.4371,-21.4636,,12.905,
2096,204.908,,,203.256,1.65241,-8.94227,,3.91441,,326.908,-122,-19.8815,,9.53224,
2129,200.092,,,180.154,19.9384,-3.91495,,3.92358,,345.407,-145.315,-13.0416,,7.05896,
2162,168.762,,,153.447,15.3155,-1.39684,,4.63358,,347.585,-178.823,-3.48621,,5.93996,
2195,140.144,,,129.249,10.8954,-1.6991,,5.52911,,330.443,-190.298,5.95842,,6.21399,
2228,129.223,,,112.006,17.2175,-4.03278,,6.10903,,296.722,-167.499,12.6536,,7.55859,
2261,118.304,,,103.074,15.2302,-6.985,,6.07196,,254.049,-135.745,15.1245,,9.35879,
2294,118.51,,,100.687,17.823,-9.16361,,5.40618,,211.208,-92.6986,13.1333,,10.9827,
2327,115.407,,,101.223,14.1847,-9.73048,,4.3456,,176.738,-61.3302,7.69443,,11.8779,
2360,114.999,,,100.876,14.1223,-8.62226,,3.24406,,155.53,-40.5317,0.716558,,11.7851,
2393,126.918,,,97.1705,29.747,-6.45065,,2.41865,,148.886,-21.9683,-5.78929,,10.7175,
2426,90.007,,,89.6659,0.341042,-4.13723,,2.03684,,153.922,-63.9149,-10.0447,,8.96655,
2459,83.9457,,,79.7089,4.23683,-2.5118,,2.07684,,165.045,-81.0997,-11.2103,,6.98852,
2492,78.7067,,,69.5898,9.11692,-1.99193,,2.36609,,176.008,-97.3012,-9.25441,,5.23868,
