ell,Dl_obs,Dl_te_obs,Dl_lcdm_tt,residual_lcdm_tt,Dl_lcdm_te,residual_lcdm_te,Dl_LambdaCDM_tt,residual_LambdaCDM_tt,Dl_LambdaCDM_te,residual_LambdaCDM_te
32,1097.01,116.488,25777.5,-24680.5,40.1266,76.3618,25777.5,-24680.5,40.1266,76.3618
37,1180.26,116.077,37340.6,-36160.3,51.6456,64.4317,37340.6,-36160.3,51.6456,64.4317
42,1426.97,117.361,52106.8,-50679.8,54.367,62.9938,52106.8,-50679.8,54.367,62.9938
47,1364.66,119.261,70516.5,-69151.8,40.4152,78.8454,70516.5,-69151.8,40.4152,78.8454
52,1329.06,121.332,93107.1,-91778.1,-2.69718,124.03,93107.1,-91778.1,-2.69718,124.03
57,1607.2,123.908,120389,-118781,-87.8168,211.725,120389,-118781,-87.8168,211.725
62,1663.41,126.648,153011,-151348,-231.679,358.327,153011,-151348,-231.679,358.327
67,1838.4,129.805,191589,-189751,-450.809,580.614,191589,-189751,-450.809,580.614
72,1974.24,133.711,236743,-234768,-763.827,897.539,236743,-234768,-763.827,897.539
77,1765.67,137.551,289386,-287620,-1190.56,1328.11,289386,-287620,-1190.56,1328.11
82,2168.04,142.193,350173,-348005,-1747.96,1890.15,350173,-348005,-1747.96,1890.15
87,2330.99,146.965,419886,-417555,-2452.54,2599.5,419886,-417555,-2452.54,2599.5
92,2446.65,151.665,499235,-496788,-3318.05,3469.71,499235,-496788,-3318.05,3469.71
97,2484.46,156.448,589038,-586554,-4355.26,4511.71,589038,-586554,-4355.26,4511.71
104,2951.15,118.869,734085,-731134,-6109.83,6228.7,734085,-731134,-6109.83,6228.7
113,3221.96,125.807,957001,-953779,-8882.89,9008.7,957001,-953779,-8882.89,9008.7
122,3382.73,132.931,1.22471e+06,-1.22132e+06,-12179.8,12312.7,1.22471e+06,-1.22132e+06,-12179.8,12312.7
131,3592.1,140.035,1.54029e+06,-1.5367e+06,-15861.4,16001.5,1.54029e+06,-1.5367e+06,-15861.4,16001.5
140,4229.84,146.431,1.90577e+06,-1.90154e+06,-19705.7,19852.1,1.90577e+06,-1.90154e+06,-19705.7,19852.1
149,4251.39,152.574,2.32245e+06,-2.3182e+06,-23408.8,23561.4,2.32245e+06,-2.3182e+06,-23408.8,23561.4
158,4778.71,158.191,2.78946e+06,-2.78468e+06,-26584.7,26742.9,2.78946e+06,-2.78468e+06,-26584.7,26742.9
167,4844.8,162.857,3.30444e+06,-3.2996e+06,-28774.4,28937.3,3.30444e+06,-3.2996e+06,-28774.4,28937.3
176,5120.63,166.536,3.86219e+06,-3.85707e+06,-29466.2,29632.8,3.86219e+06,-3.85707e+06,-29466.2,29632.8
185,5373.97,168.598,4.45576e+06,-4.45038e+06,-28126.7,28295.3,4.45576e+06,-4.45038e+06,-28126.7,28295.3
194,5542.7,169.826,5.07635e+06,-5.07081e+06,-24218.6,24388.4,5.07635e+06,-5.07081e+06,-24218.6,24388.4
203,5446.22,169.012,5.71367e+06,-5.70823e+06,-17244.5,17413.6,5.71367e+06,-5.70823e+06,-17244.5,17413.6
212,5636.34,167.953,6.35482e+06,-6.34918e+06,-6787.33,6955.28,6.35482e+06,-6.34918e+06,-6787.33,6955.28
221,5816.48,165.418,6.98715e+06,-6.98134e+06,7442.86,-7277.44,6.98715e+06,-6.98134e+06,7442.86,-7277.44
230,5684.66,160.755,7.5965e+06,-7.59082e+06,25593.8,-25433.1,7.5965e+06,-7.59082e+06,25593.8,-25433.1
239,5776.16,155.688,8.16855e+06,-8.16278e+06,47651.4,-47495.7,8.16855e+06,-8.16278e+06,47651.4,-47495.7
248,5435.47,149.464,8.68945e+06,-8.68402e+06,73420.9,-73271.4,8.68945e+06,-8.68402e+06,73420.9,-73271.4
257,5228,142.788,9.14642e+06,-9.14119e+06,102513,-102370,9.14642e+06,-9.14119e+06,102513,-102370
266,5090.29,134.576,9.52817e+06,-9.52308e+06,134227,-134093,9.52817e+06,-9.52308e+06,134227,-134093
275,5096.49,126.49,9.82694e+06,-9.82185e+06,167635,-167509,9.82694e+06,-9.82185e+06,167635,-167509
284,4546.18,117.806,1.00363e+07,-1.00317e+07,201624,-201506,1.00363e+07,-1.00317e+07,201624,-201506
293,4371.25,108.654,1.0153e+07,-1.01487e+07,234961,-234852,1.0153e+07,-1.01487e+07,234961,-234852
302,3935.72,100.144,1.01759e+07,-1.0172e+07,266309,-266209,1.01759e+07,-1.0172e+07,266309,-266209
311,3649.99,91.4018,1.01081e+07,-1.01045e+07,294281,-294190,1.01081e+07,-1.01045e+07,294281,-294190
320,3411.94,82.9697,9.95818e+06,-9.95477e+06,317356,-317273,9.95818e+06,-9.95477e+06,317356,-317273
329,3173.93,75.1715,9.73792e+06,-9.73475e+06,334048,-333973,9.73792e+06,-9.73475e+06,334048,-333973
338,2842.13,67.9998,9.46156e+06,-9.45872e+06,342990,-342922,9.46156e+06,-9.45872e+06,342990,-342922
347,2498.24,61.2915,9.14523e+06,-9.14273e+06,343020,-342959,9.14523e+06,-9.14273e+06,343020,-342959
356,2358.31,55.5922,8.8054e+06,-8.80304e+06,333125,-333070,8.8054e+06,-8.80304e+06,333125,-333070
365,2186.33,50.5043,8.46357e+06,-8.46138e+06,312849,-312798,8.46357e+06,-8.46138e+06,312849,-312798
374,2038.68,46.4264,8.14207e+06,-8.14003e+06,282048,-282002,8.14207e+06,-8.14003e+06,282048,-282002
383,1891.76,43.1684,7.86313e+06,-7.86124e+06,240964,-240921,7.86313e+06,-7.86124e+06,240964,-240921
392,1787.59,40.6809,7.64829e+06,-7.6465e+06,190103,-190063,7.64829e+06,-7.6465e+06,190103,-190063
401,1734.58,39.0986,7.51679e+06,-7.51505e+06,130303,-130264,7.51679e+06,-7.51505e+06,130303,-130264
410,1738.05,38.1472,7.4863e+06,-7.48456e+06,62808.1,-62770,7.4863e+06,-7.48456e+06,62808.1,-62770
419,1731.61,37.992,7.56902e+06,-7.56729e+06,-10289,10327,7.56902e+06,-7.56729e+06,-10289,10327
428,1770.01,38.2387,7.77511e+06,-7.77334e+06,-86582.8,86621.1,7.77511e+06,-7.77334e+06,-86582.8,86621.1
437,1770.68,38.942,8.11031e+06,-8.10854e+06,-163593,163632,8.11031e+06,-8.10854e+06,-163593,163632
446,1856.79,40.1097,8.57873e+06,-8.57687e+06,-238784,238824,8.57873e+06,-8.57687e+06,-238784,238824
455,2045.9,41.3193,9.17982e+06,-9.17778e+06,-309684,309725,9.17982e+06,-9.17778e+06,-309684,309725
464,2224.7,42.6811,9.90562e+06,-9.90339e+06,-373615,373658,9.90562e+06,-9.90339e+06,-373615,373658
473,2178.24,44.2083,1.07419e+07,-1.07397e+07,-427971,428015,1.07419e+07,-1.07397e+07,-427971,428015
482,2323.36,45.5664,1.16697e+07,-1.16674e+07,-470283,470328,1.16697e+07,-1.16674e+07,-470283,470328
491,2418.7,46.6662,1.26699e+07,-1.26675e+07,-498463,498510,1.26699e+07,-1.26675e+07,-498463,498510
500,2447.25,47.6298,1.37225e+07,-1.372e+07,-510810,510858,1.37225e+07,-1.372e+07,-510810,510858
509,2577.77,48.3824,1.48045e+07,-1.48019e+07,-506180,506228,1.48045e+07,-1.48019e+07,-506180,506228
518,2558.51,48.8517,1.58902e+07,-1.58876e+07,-484591,484640,1.58902e+07,-1.58876e+07,-484591,484640
527,2579.22,49.0304,1.69497e+07,-1.69471e+07,-446639,446688,1.69497e+07,-1.69471e+07,-446639,446688
536,2523.98,48.6775,1.79559e+07,-1.79534e+07,-393320,393369,1.79559e+07,-1.79534e+07,-393320,393369
545,2519.15,48.2047,1.88848e+07,-1.88823e+07,-326071,326119,1.88848e+07,-1.88823e+07,-326071,326119
554,2566.59,47.3184,1.97145e+07,-1.9712e+07,-246497,246544,1.97145e+07,-1.9712e+07,-246497,246544
563,2545.99,46.2542,2.04289e+07,-2.04263e+07,-157440,157486,2.04289e+07,-2.04263e+07,-157440,157486
572,2409.8,44.8554,2.10159e+07,-2.10135e+07,-63151.7,63196.6,2.10159e+07,-2.10135e+07,-63151.7,63196.6
581,2410.13,43.4209,2.14671e+07,-2.14647e+07,32103.1,-32059.7,2.14671e+07,-2.14647e+07,32103.1,-32059.7
590,2373.46,41.8475,2.17804e+07,-2.1778e+07,124132,-124090,2.17804e+07,-2.1778e+07,124132,-124090
599,2206.46,40.2004,2.19543e+07,-2.1952e+07,208882,-208842,2.19543e+07,-2.1952e+07,208882,-208842
608,2119.7,38.5251,2.19904e+07,-2.19883e+07,282570,-282532,2.19904e+07,-2.19883e+07,282570,-282532
617,2135.45,36.9238,2.19058e+07,-2.19037e+07,341000,-340964,2.19058e+07,-2.19037e+07,341000,-340964
626,1951.2,35.384,2.17251e+07,-2.17232e+07,380243,-380207,2.17251e+07,-2.17232e+07,380243,-380207
635,1938.19,34.0308,2.14736e+07,-2.14716e+07,396827,-396793,2.14736e+07,-2.14716e+07,396827,-396793
644,1859.9,32.9691,2.11761e+07,-2.11742e+07,387832,-387799,2.11761e+07,-2.11742e+07,387832,-387799
653,1847.08,32.0668,2.08561e+07,-2.08542e+07,350979,-350947,2.08561e+07,-2.08542e+07,350979,-350947
662,1848.18,31.431,2.0542e+07,-2.05402e+07,285349,-285317,2.0542e+07,-2.05402e+07,285349,-285317
671,1814.96,30.9706,2.02702e+07,-2.02684e+07,191811,-191780,2.02702e+07,-2.02684e+07,191811,-191780
680,1760.56,30.8636,2.00753e+07,-2.00735e+07,71880.9,-71850,2.00753e+07,-2.00735e+07,71880.9,-71850
689,1822.41,30.9687,1.99882e+07,-1.99864e+07,-72390.8,72421.8,1.99882e+07,-1.99864e+07,-72390.8,72421.8
698,1884.92,31.295,2.00374e+07,-2.00355e+07,-238881,238912,2.00374e+07,-2.00355e+07,-238881,238912
707,1891,31.8141,2.02455e+07,-2.02436e+07,-424912,424944,2.02455e+07,-2.02436e+07,-424912,424944
716,1908.77,32.5686,2.06276e+07,-2.06257e+07,-625055,625088,2.06276e+07,-2.06257e+07,-625055,625088
725,1994.29,33.344,2.11925e+07,-2.11905e+07,-832366,832399,2.11925e+07,-2.11905e+07,-832366,832399
734,2050.06,34.2482,2.19492e+07,-2.19472e+07,-1.04051e+06,1.04054e+06,2.19492e+07,-2.19472e+07,-1.04051e+06,1.04054e+06
743,2184.75,35.1755,2.29002e+07,-2.28981e+07,-1.24311e+06,1.24314e+06,2.29002e+07,-2.28981e+07,-1.24311e+06,1.24314e+06
752,2260,36.1334,2.40433e+07,-2.4041e+07,-1.43444e+06,1.43448e+06,2.40433e+07,-2.4041e+07,-1.43444e+06,1.43448e+06
761,2344.61,36.9908,2.53689e+07,-2.53665e+07,-1.60897e+06,1.60901e+06,2.53689e+07,-2.53665e+07,-1.60897e+06,1.60901e+06
770,2348.38,37.744,2.68511e+07,-2.68487e+07,-1.7601e+06,1.76014e+06,2.68511e+07,-2.68487e+07,-1.7601e+06,1.76014e+06
779,2350.93,38.5003,2.84517e+07,-2.84493e+07,-1.88157e+06,1.88161e+06,2.84517e+07,-2.84493e+07,-1.88157e+06,1.88161e+06
788,2481.01,39.0175,3.01443e+07,-3.01418e+07,-1.96864e+06,1.96868e+06,3.01443e+07,-3.01418e+07,-1.96864e+06,1.96868e+06
797,2466.93,39.2277,3.18918e+07,-3.18893e+07,-2.01625e+06,2.01629e+06,3.18918e+07,-3.18893e+07,-2.01625e+06,2.01629e+06
806,2493.81,39.3556,3.36699e+07,-3.36674e+07,-2.02162e+06,2.02166e+06,3.36699e+07,-3.36674e+07,-2.02162e+06,2.02166e+06
815,2552.73,39.2238,3.54311e+07,-3.54285e+07,-1.98318e+06,1.98322e+06,3.54311e+07,-3.54285e+07,-1.98318e+06,1.98322e+06
824,2521.81,38.8882,3.71329e+07,-3.71303e+07,-1.90227e+06,1.9023e+06,3.71329e+07,-3.71303e+07,-1.90227e+06,1.9023e+06
833,2495.02,38.2942,3.87245e+07,-3.8722e+07,-1.77998e+06,1.78001e+06,3.87245e+07,-3.8722e+07,-1.77998e+06,1.78001e+06
842,2505.47,37.5072,4.01677e+07,-4.01652e+07,-1.61845e+06,1.61848e+06,4.01677e+07,-4.01652e+07,-1.61845e+06,1.61848e+06
851,2383.14,36.4416,4.14282e+07,-4.14258e+07,-1.41975e+06,1.41979e+06,4.14282e+07,-4.14258e+07,-1.41975e+06,1.41979e+06
860,2355.55,35.327,4.24703e+07,-4.2468e+07,-1.18707e+06,1.1871e+06,4.24703e+07,-4.2468e+07,-1.18707e+06,1.1871e+06
869,2237.42,33.9625,4.32813e+07,-4.32791e+07,-928596,928630,4.32813e+07,-4.32791e+07,-928596,928630
878,2168.28,32.4966,4.38354e+07,-4.38332e+07,-652647,652680,4.38354e+07,-4.38332e+07,-652647,652680
887,2073.72,30.9924,4.41247e+07,-4.41226e+07,-367555,367586,4.41247e+07,-4.41226e+07,-367555,367586
896,1948.82,29.3276,4.41325e+07,-4.41306e+07,-81512.8,81542.1,4.41325e+07,-4.41306e+07,-81512.8,81542.1
905,1843.37,27.7184,4.38513e+07,-4.38494e+07,199643,-199615,4.38513e+07,-4.38494e+07,199643,-199615
914,1745.6,26.1322,4.32977e+07,-4.3296e+07,467484,-467458,4.32977e+07,-4.3296e+07,467484,-467458
923,1619.45,24.5204,4.25006e+07,-4.24989e+07,712582,-712558,4.25006e+07,-4.24989e+07,712582,-712558
932,1562.39,23.0823,4.14894e+07,-4.14878e+07,926888,-926865,4.14894e+07,-4.14878e+07,926888,-926865
941,1437.55,21.6694,4.02953e+07,-4.02939e+07,1.10329e+06,-1.10327e+06,4.02953e+07,-4.02939e+07,1.10329e+06,-1.10327e+06
950,1342.39,20.4092,3.89444e+07,-3.89431e+07,1.23515e+06,-1.23513e+06,3.89444e+07,-3.89431e+07,1.23515e+06,-1.23513e+06
959,1285.75,19.2974,3.74661e+07,-3.74649e+07,1.31746e+06,-1.31744e+06,3.74661e+07,-3.74649e+07,1.31746e+06,-1.31744e+06
968,1232.84,18.3514,3.5913e+07,-3.59117e+07,1.34861e+06,-1.34859e+06,3.5913e+07,-3.59117e+07,1.34861e+06,-1.34859e+06
977,1129.03,17.5317,3.43392e+07,-3.4338e+07,1.32827e+06,-1.32825e+06,3.43392e+07,-3.4338e+07,1.32827e+06,-1.32825e+06
986,1103.57,16.8704,3.27939e+07,-3.27928e+07,1.25645e+06,-1.25643e+06,3.27939e+07,-3.27928e+07,1.25645e+06,-1.25643e+06
995,1087.32,16.4266,3.13226e+07,-3.13216e+07,1.13288e+06,-1.13286e+06,3.13226e+07,-3.13216e+07,1.13288e+06,-1.13286e+06
1004,1024.83,16.0945,2.99668e+07,-2.99658e+07,957980,-957964,2.99668e+07,-2.99658e+07,957980,-957964
1013,1079.48,15.9247,2.87581e+07,-2.8757e+07,736990,-736974,2.87581e+07,-2.8757e+07,736990,-736974
1022,1032.41,15.8985,2.77313e+07,-2.77303e+07,477421,-477405,2.77313e+07,-2.77303e+07,477421,-477405
1031,1040.79,15.9308,2.6913e+07,-2.6912e+07,189270,-189254,2.6913e+07,-2.6912e+07,189270,-189254
1040,1055.91,16.0833,2.63295e+07,-2.63285e+07,-120428,120444,2.63295e+07,-2.63285e+07,-120428,120444
1049,1081.98,16.3374,2.59995e+07,-2.59985e+07,-443296,443312,2.59995e+07,-2.59985e+07,-443296,443312
1058,1129.81,16.5736,2.59409e+07,-2.59398e+07,-773225,773241,2.59409e+07,-2.59398e+07,-773225,773241
1067,1122.39,16.8365,2.61418e+07,-2.61407e+07,-1.09998e+06,1.1e+06,2.61418e+07,-2.61407e+07,-1.09998e+06,1.1e+06
1076,1153.29,17.1267,2.65827e+07,-2.65816e+07,-1.41273e+06,1.41275e+06,2.65827e+07,-2.65816e+07,-1.41273e+06,1.41275e+06
1085,1217.71,17.4098,2.72429e+07,-2.72417e+07,-1.70186e+06,1.70188e+06,2.72429e+07,-2.72417e+07,-1.70186e+06,1.70188e+06
1094,1216.98,17.6288,2.81029e+07,-2.81017e+07,-1.9585e+06,1.95852e+06,2.81029e+07,-2.81017e+07,-1.9585e+06,1.95852e+06
1103,1211.44,17.8283,2.91477e+07,-2.91465e+07,-2.17525e+06,2.17527e+06,2.91477e+07,-2.91465e+07,-2.17525e+06,2.17527e+06
1112,1213.36,17.9199,3.03492e+07,-3.0348e+07,-2.34651e+06,2.34653e+06,3.03492e+07,-3.0348e+07,-2.34651e+06,2.34653e+06
1121,1246.29,17.9285,3.16573e+07,-3.1656e+07,-2.4692e+06,2.46922e+06,3.16573e+07,-3.1656e+07,-2.4692e+06,2.46922e+06
1130,1237.54,17.9316,3.30217e+07,-3.30204e+07,-2.54088e+06,2.5409e+06,3.30217e+07,-3.30204e+07,-2.54088e+06,2.5409e+06
1139,1215.83,17.817,3.43989e+07,-3.43976e+07,-2.55983e+06,2.55985e+06,3.43989e+07,-3.43976e+07,-2.55983e+06,2.55985e+06
1148,1212.52,17.653,3.57476e+07,-3.57464e+07,-2.52416e+06,2.52417e+06,3.57476e+07,-3.57464e+07,-2.52416e+06,2.52417e+06
1157,1220.58,17.4137,3.70315e+07,-3.70303e+07,-2.43269e+06,2.4327e+06,3.70315e+07,-3.70303e+07,-2.43269e+06,2.4327e+06
1166,1159.29,17.0738,3.82163e+07,-3.82151e+07,-2.29067e+06,2.29069e+06,3.82163e+07,-3.82151e+07,-2.29067e+06,2.29069e+06
1175,1143.31,16.7064,3.92669e+07,-3.92658e+07,-2.10617e+06,2.10619e+06,3.92669e+07,-3.92658e+07,-2.10617e+06,2.10619e+06
1184,1136.56,16.2877,4.01525e+07,-4.01513e+07,-1.88678e+06,1.8868e+06,4.01525e+07,-4.01513e+07,-1.88678e+06,1.8868e+06
1193,1086.25,15.798,4.08425e+07,-4.08414e+07,-1.63935e+06,1.63936e+06,4.08425e+07,-4.08414e+07,-1.63935e+06,1.63936e+06
1202,1005.41,15.6192,4.13115e+07,-4.13105e+07,-1.3696e+06,1.36961e+06,4.13115e+07,-4.13105e+07,-1.3696e+06,1.36961e+06
1211,975.189,15.0725,4.15445e+07,-4.15435e+07,-1.08458e+06,1.0846e+06,4.15445e+07,-4.15435e+07,-1.08458e+06,1.0846e+06
1220,970.73,14.5429,4.15509e+07,-4.15499e+07,-795646,795661,4.15509e+07,-4.15499e+07,-795646,795661
1229,906.514,14.0551,4.13426e+07,-4.13417e+07,-513937,513951,4.13426e+07,-4.13417e+07,-513937,513951
1238,895.506,13.5898,4.09314e+07,-4.09306e+07,-249250,249264,4.09314e+07,-4.09306e+07,-249250,249264
1247,860.053,13.1409,4.0325e+07,-4.03242e+07,-10598.7,10611.8,4.0325e+07,-4.03242e+07,-10598.7,10611.8
1256,805.618,12.7338,3.95296e+07,-3.95288e+07,194108,-194096,3.95296e+07,-3.95288e+07,194108,-194096
1265,777.489,12.3852,3.85774e+07,-3.85766e+07,359140,-359128,3.85774e+07,-3.85766e+07,359140,-359128
1274,770.016,12.0958,3.75143e+07,-3.75135e+07,480024,-480011,3.75143e+07,-3.75135e+07,480024,-480011
1283,736.545,11.9242,3.63831e+07,-3.63824e+07,552885,-552873,3.63831e+07,-3.63824e+07,552885,-552873
1292,758.18,11.7413,3.5221e+07,-3.52203e+07,574044,-574033,3.5221e+07,-3.52203e+07,574044,-574033
1301,733.856,11.6762,3.40609e+07,-3.40601e+07,539910,-539898,3.40609e+07,-3.40601e+07,539910,-539898
1310,712.532,11.6379,3.29334e+07,-3.29327e+07,449018,-449006,3.29334e+07,-3.29327e+07,449018,-449006
1319,718.903,11.6475,3.18765e+07,-3.18758e+07,307036,-307025,3.18765e+07,-3.18758e+07,307036,-307025
1328,723.408,11.7158,3.09262e+07,-3.09255e+07,120532,-120520,3.09262e+07,-3.09255e+07,120532,-120520
1337,757.937,11.8054,3.0115e+07,-3.01142e+07,-104564,104576,3.0115e+07,-3.01142e+07,-104564,104576
1346,737.666,11.93,2.94724e+07,-2.94717e+07,-363268,363280,2.94724e+07,-2.94717e+07,-363268,363280
1355,765.134,12.0808,2.9025e+07,-2.90242e+07,-651365,651377,2.9025e+07,-2.90242e+07,-651365,651377
1364,776.923,12.2341,2.87841e+07,-2.87833e+07,-960908,960920,2.87841e+07,-2.87833e+07,-960908,960920
1373,777.362,12.3763,2.87458e+07,-2.8745e+07,-1.28004e+06,1.28006e+06,2.87458e+07,-2.8745e+07,-1.28004e+06,1.28006e+06
1382,773.981,12.5649,2.89054e+07,-2.89046e+07,-1.59794e+06,1.59796e+06,2.89054e+07,-2.89046e+07,-1.59794e+06,1.59796e+06
1391,806.044,12.7012,2.92589e+07,-2.92581e+07,-1.90463e+06,1.90464e+06,2.92589e+07,-2.92581e+07,-1.90463e+06,1.90464e+06
1400,830.177,12.7868,2.9807e+07,-2.98061e+07,-2.1917e+06,2.19171e+06,2.9807e+07,-2.98061e+07,-2.1917e+06,2.19171e+06
1409,822.186,12.8797,3.05442e+07,-3.05434e+07,-2.45142e+06,2.45144e+06,3.05442e+07,-3.05434e+07,-2.45142e+06,2.45144e+06
1418,818.106,12.943,3.14354e+07,-3.14346e+07,-2.67691e+06,2.67692e+06,3.14354e+07,-3.14346e+07,-2.67691e+06,2.67692e+06
1427,796.252,12.9542,3.24428e+07,-3.2442e+07,-2.86226e+06,2.86228e+06,3.24428e+07,-3.2442e+07,-2.86226e+06,2.86228e+06
1436,803.463,12.9324,3.35307e+07,-3.35299e+07,-3.00182e+06,3.00183e+06,3.35307e+07,-3.35299e+07,-3.00182e+06,3.00183e+06
1445,798.655,12.8711,3.46668e+07,-3.4666e+07,-3.09015e+06,3.09016e+06,3.46668e+07,-3.4666e+07,-3.09015e+06,3.09016e+06
1454,773.833,12.7736,3.58233e+07,-3.58225e+07,-3.12191e+06,3.12192e+06,3.58233e+07,-3.58225e+07,-3.12191e+06,3.12192e+06
1463,762.183,12.6209,3.69707e+07,-3.69699e+07,-3.0964e+06,3.09641e+06,3.69707e+07,-3.69699e+07,-3.0964e+06,3.09641e+06
1472,749.532,12.5094,3.80683e+07,-3.80676e+07,-3.01787e+06,3.01788e+06,3.80683e+07,-3.80676e+07,-3.01787e+06,3.01788e+06
1481,738.185,12.3407,3.9079e+07,-3.90783e+07,-2.89054e+06,2.89055e+06,3.9079e+07,-3.90783e+07,-2.89054e+06,2.89055e+06
1490,727.424,12.0988,3.99701e+07,-3.99694e+07,-2.71792e+06,2.71793e+06,3.99701e+07,-3.99694e+07,-2.71792e+06,2.71793e+06
1499,701.642,11.881,4.07089e+07,-4.07082e+07,-2.50256e+06,2.50258e+06,4.07089e+07,-4.07082e+07,-2.50256e+06,2.50258e+06
1512,655.678,9.15414,4.14542e+07,-4.14535e+07,-2.12318e+06,2.12319e+06,4.14542e+07,-4.14535e+07,-2.12318e+06,2.12319e+06
1529,588.39,8.91434,4.18204e+07,-4.18198e+07,-1.55023e+06,1.55024e+06,4.18204e+07,-4.18198e+07,-1.55023e+06,1.55024e+06
1546,547.01,8.69233,4.14654e+07,-4.14648e+07,-951106,951114,4.14654e+07,-4.14648e+07,-951106,951114
1563,503.657,8.53597,4.03516e+07,-4.03511e+07,-380350,380359,4.03516e+07,-4.03511e+07,-380350,380359
1580,468.039,8.43458,3.86054e+07,-3.86049e+07,109950,-109942,3.86054e+07,-3.86049e+07,109950,-109942
1597,429.111,8.38753,3.6412e+07,-3.64116e+07,471242,-471233,3.6412e+07,-3.64116e+07,471242,-471233
1614,407.925,8.40105,3.39181e+07,-3.39177e+07,662612,-662603,3.39181e+07,-3.39177e+07,662612,-662603
1631,399.577,8.46498,3.13468e+07,-3.13464e+07,680214,-680206,3.13468e+07,-3.13464e+07,680214,-680206
1648,389.097,8.57693,2.89325e+07,-2.89321e+07,531242,-531234,2.89325e+07,-2.89321e+07,531242,-531234
1665,391.497,8.74009,2.68679e+07,-2.68676e+07,221543,-221534,2.68679e+07,-2.68676e+07,221543,-221534
1682,385.396,8.88135,2.52703e+07,-2.52699e+07,-203223,203231,2.52703e+07,-2.52699e+07,-203223,203231
1699,400.368,9.05388,2.42352e+07,-2.42348e+07,-691149,691158,2.42352e+07,-2.42348e+07,-691149,691158
1716,393.039,9.22308,2.38369e+07,-2.38365e+07,-1.19874e+06,1.19875e+06,2.38369e+07,-2.38365e+07,-1.19874e+06,1.19875e+06
1733,407.61,9.39501,2.39964e+07,-2.3996e+07,-1.67434e+06,1.67435e+06,2.39964e+07,-2.3996e+07,-1.67434e+06,1.67435e+06
1750,377.716,9.53506,2.46149e+07,-2.46145e+07,-2.06723e+06,2.06724e+06,2.46149e+07,-2.46145e+07,-2.06723e+06,2.06724e+06
1767,379.019,9.69283,2.56028e+07,-2.56025e+07,-2.3369e+06,2.33691e+06,2.56028e+07,-2.56025e+07,-2.3369e+06,2.33691e+06
1784,377.36,9.81874,2.67752e+07,-2.67748e+07,-2.47131e+06,2.47132e+06,2.67752e+07,-2.67748e+07,-2.47131e+06,2.47132e+06
1801,358.796,9.90416,2.79454e+07,-2.7945e+07,-2.46108e+06,2.46109e+06,2.79454e+07,-2.7945e+07,-2.46108e+06,2.46109e+06
1818,342.446,10.0136,2.8958e+07,-2.89577e+07,-2.30242e+06,2.30243e+06,2.8958e+07,-2.89577e+07,-2.30242e+06,2.30243e+06
1835,313.006,10.1366,2.96941e+07,-2.96938e+07,-2.03027e+06,2.03028e+06,2.96941e+07,-2.96938e+07,-2.03027e+06,2.03028e+06
1852,305.378,10.2489,3.00404e+07,-3.00401e+07,-1.67884e+06,1.67885e+06,3.00404e+07,-3.00401e+07,-1.67884e+06,1.67885e+06
1869,276.147,10.3638,2.99157e+07,-2.99154e+07,-1.28004e+06,1.28005e+06,2.99157e+07,-2.99154e+07,-1.28004e+06,1.28005e+06
1886,265.911,10.5367,2.93639e+07,-2.93637e+07,-881308,881319,2.93639e+07,-2.93637e+07,-881308,881319
1903,249.92,10.7092,2.8422e+07,-2.84217e+07,-528155,528165,2.8422e+07,-2.84217e+07,-528155,528165
1920,257.96,10.8758,2.71424e+07,-2.71421e+07,-255940,255951,2.71424e+07,-2.71421e+07,-255940,255951
1937,245.342,11.1141,2.56738e+07,-2.56735e+07,-82894.2,82905.3,2.56738e+07,-2.56735e+07,-82894.2,82905.3
1954,231.313,11.3362,2.41534e+07,-2.41531e+07,-28333.6,28345,2.41534e+07,-2.41531e+07,-28333.6,28345
1971,229.279,11.5868,2.26987e+07,-2.26985e+07,-99573.1,99584.7,2.26987e+07,-2.26985e+07,-99573.1,99584.7
1988,225.825,11.8344,2.14245e+07,-2.14243e+07,-273072,273084,2.14245e+07,-2.14243e+07,-273072,273084
2005,240.086,12.2834,2.04447e+07,-2.04444e+07,-529953,529965,2.04447e+07,-2.04444e+07,-529953,529965
2030,233.983,11.3909,1.9656e+07,-1.96557e+07,-1.00376e+06,1.00377e+06,1.9656e+07,-1.96557e+07,-1.00376e+06,1.00377e+06
2063,216.247,11.8618,1.97695e+07,-1.97693e+07,-1.61215e+06,1.61216e+06,1.97695e+07,-1.97693e+07,-1.61215e+06,1.61216e+06
2096,204.908,12.2895,2.08656e+07,-2.08653e+07,-1.99929e+06,1.9993e+06,2.08656e+07,-2.08653e+07,-1.99929e+06,1.9993e+06
2129,200.092,12.7655,2.22167e+07,-2.22165e+07,-2.0158e+06,2.01581e+06,2.22167e+07,-2.22165e+07,-2.0158e+06,2.01581e+06
2162,168.762,13.2604,2.30619e+07,-2.30618e+07,-1.68171e+06,1.68173e+06,2.30619e+07,-2.30618e+07,-1.68171e+06,1.68173e+06
2195,140.144,13.7723,2.28837e+07,-2.28836e+07,-1.11994e+06,1.11995e+06,2.28837e+07,-2.28836e+07,-1.11994e+06,1.11995e+06
2228,129.223,14.3729,2.15443e+07,-2.15442e+07,-541308,541322,2.15443e+07,-2.15442e+07,-541308,541322
2261,118.304,15.031,1.93853e+07,-1.93851e+07,-134788,134803,1.93853e+07,-1.93851e+07,-134788,134803
2294,118.51,15.7241,1.69461e+07,-1.6946e+07,-16045,16060.7,1.69461e+07,-1.6946e+07,-16045,16060.7
2327,115.407,16.4751,1.4873e+07,-1.48729e+07,-190344,190360,1.4873e+07,-1.48729e+07,-190344,190360
2360,114.999,17.3181,1.35666e+07,-1.35665e+07,-549629,549646,1.35666e+07,-1.35665e+07,-549629,549646
2393,126.918,18.2032,1.31621e+07,-1.3162e+07,-945219,945238,1.31621e+07,-1.3162e+07,-945219,945238
2426,90.007,19.2191,1.34453e+07,-1.34452e+07,-1.21818e+06,1.2182e+06,1.34453e+07,-1.34452e+07,-1.21818e+06,1.2182e+06
2459,83.9457,20.2371,1.39958e+07,-1.39957e+07,-1.28591e+06,1.28593e+06,1.39958e+07,-1.39957e+07,-1.28591e+06,1.28593e+06
2492,78.7067,21.4071,1.43729e+07,-1.43728e+07,-1.13524e+06,1.13526e+06,1.43729e+07,-1.43728e+07,-1.13524e+06,1.13526e+06
32,1.51224,1.47808,25777.5,-25776,40.1266,-38.6485,25777.5,-25776,40.1266,-38.6485
37,3.11711,1.47169,37340.6,-37337.5,51.6456,-50.174,37340.6,-37337.5,51.6456,-50.174
42,0.820244,1.49655,52106.8,-52106,54.367,-52.8705,52106.8,-52106,54.367,-52.8705
47,1.07013,1.54333,70516.5,-70515.4,40.4152,-38.8719,70516.5,-70515.4,40.4152,-38.8719
52,1.08312,1.60835,93107.1,-93106,-2.69718,4.30553,93107.1,-93106,-2.69718,4.30553
57,-3.82399,1.6905,120389,-120392,-87.8168,89.5073,120389,-120392,-87.8168,89.5073
62,-4.29778,1.78766,153011,-153015,-231.679,233.467,153011,-153015,-231.679,233.467
67,-2.04066,1.8959,191589,-191592,-450.809,452.705,191589,-191592,-450.809,452.705
72,-8.54866,2.02037,236743,-236751,-763.827,765.848,236743,-236751,-763.827,765.848
77,-7.23417,2.15034,289386,-289393,-1190.56,1192.71,289386,-289393,-1190.56,1192.71
82,-9.89267,2.29265,350173,-350183,-1747.96,1750.25,350173,-350183,-1747.96,1750.25
87,-12.7208,2.43875,419886,-419899,-2452.54,2454.97,419886,-419899,-2452.54,2454.97
92,-19.2047,2.58386,499235,-499254,-3318.05,3320.63,499235,-499254,-3318.05,3320.63
97,-19.0476,2.73638,589038,-589057,-4355.26,4358,589038,-589057,-4355.26,4358
104,-28.1287,2.13425,734085,-734114,-6109.83,6111.96,734085,-734114,-6109.83,6111.96
113,-31.7919,2.31221,957001,-957033,-8882.89,8885.2,957001,-957033,-8882.89,8885.2
122,-35.701,2.46896,1.22471e+06,-1.22474e+06,-12179.8,12182.3,1.22471e+06,-1.22474e+06,-12179.8,12182.3
131,-41.5613,2.59822,1.54029e+06,-1.54034e+06,-15861.4,15864,1.54029e+06,-1.54034e+06,-15861.4,15864
140,-43.6625,2.69832,1.90577e+06,-1.90581e+06,-19705.7,19708.4,1.90577e+06,-1.90581e+06,-19705.7,19708.4
149,-45.0365,2.76381,2.32245e+06,-2.3225e+06,-23408.8,23411.6,2.32245e+06,-2.3225e+06,-23408.8,23411.6
158,-49.241,2.79427,2.78946e+06,-2.78951e+06,-26584.7,26587.5,2.78946e+06,-2.78951e+06,-26584.7,26587.5
167,-45.9645,2.79323,3.30444e+06,-3.30449e+06,-28774.4,28777.2,3.30444e+06,-3.30449e+06,-28774.4,28777.2
176,-43.3901,2.76455,3.86219e+06,-3.86223e+06,-29466.2,29469,3.86219e+06,-3.86223e+06,-29466.2,29469
185,-30.3906,2.74329,4.45576e+06,-4.45579e+06,-28126.7,28129.4,4.45576e+06,-4.45579e+06,-28126.7,28129.4
194,-18.1436,2.719,5.07635e+06,-5.07637e+06,-24218.6,24221.3,5.07635e+06,-5.07637e+06,-24218.6,24221.3
203,-7.21464,2.73536,5.71367e+06,-5.71368e+06,-17244.5,17247.3,5.71367e+06,-5.71368e+06,-17244.5,17247.3
212,2.53847,2.79017,6.35482e+06,-6.35482e+06,-6787.33,6790.12,6.35482e+06,-6.35482e+06,-6787.33,6790.12
221,17.9047,2.91219,6.98715e+06,-6.98713e+06,7442.86,-7439.95,6.98715e+06,-6.98713e+06,7442.86,-7439.95
230,26.6053,3.07603,7.5965e+06,-7.59648e+06,25593.8,-25590.8,7.5965e+06,-7.59648e+06,25593.8,-25590.8
239,46.2991,3.28945,8.16855e+06,-8.16851e+06,47651.4,-47648.1,8.16855e+06,-8.16851e+06,47651.4,-47648.1
248,50.6637,3.52118,8.68945e+06,-8.6894e+06,73420.9,-73417.4,8.68945e+06,-8.6894e+06,73420.9,-73417.4
257,71.5358,3.77085,9.14642e+06,-9.14634e+06,102513,-102509,9.14642e+06,-9.14634e+06,102513,-102509
266,86.4306,4.0151,9.52817e+06,-9.52808e+06,134227,-134223,9.52817e+06,-9.52808e+06,134227,-134223
275,106.963,4.24336,9.82694e+06,-9.82684e+06,167635,-167631,9.82694e+06,-9.82684e+06,167635,-167631
284,102.707,4.43112,1.00363e+07,-1.00362e+07,201624,-201619,1.00363e+07,-1.00362e+07,201624,-201619
293,117.073,4.57941,1.0153e+07,-1.01529e+07,234961,-234956,1.0153e+07,-1.01529e+07,234961,-234956
302,117.089,4.67135,1.01759e+07,-1.01758e+07,266309,-266305,1.01759e+07,-1.01758e+07,266309,-266305
311,119.046,4.71765,1.01081e+07,-1.0108e+07,294281,-294276,1.01081e+07,-1.0108e+07,294281,-294276
320,112.762,4.69441,9.95818e+06,-9.95807e+06,317356,-317351,9.95818e+06,-9.95807e+06,317356,-317351
329,117.149,4.64677,9.73792e+06,-9.7378e+06,334048,-334044,9.73792e+06,-9.7378e+06,334048,-334044
338,105.901,4.54536,9.46156e+06,-9.46146e+06,342990,-342985,9.46156e+06,-9.46146e+06,342990,-342985
347,86.2064,4.39886,9.14523e+06,-9.14514e+06,343020,-343016,9.14523e+06,-9.14514e+06,343020,-343016
356,79.8487,4.25404,8.8054e+06,-8.80532e+06,333125,-333121,8.8054e+06,-8.80532e+06,333125,-333121
365,61.0311,4.09659,8.46357e+06,-8.46351e+06,312849,-312845,8.46357e+06,-8.46351e+06,312849,-312845
374,46.4875,3.93046,8.14207e+06,-8.14202e+06,282048,-282044,8.14207e+06,-8.14202e+06,282048,-282044
383,31.557,3.79953,7.86313e+06,-7.8631e+06,240964,-240961,7.86313e+06,-7.8631e+06,240964,-240961
392,19.7448,3.6872,7.64829e+06,-7.64827e+06,190103,-190100,7.64829e+06,-7.64827e+06,190103,-190100
401,-0.544681,3.61102,7.51679e+06,-7.51679e+06,130303,-130300,7.51679e+06,-7.51679e+06,130303,-130300
410,-21.8916,3.55972,7.4863e+06,-7.48632e+06,62808.1,-62804.6,7.4863e+06,-7.48632e+06,62808.1,-62804.6
419,-35.0666,3.54377,7.56902e+06,-7.56906e+06,-10289,10292.6,7.56902e+06,-7.56906e+06,-10289,10292.6
428,-48.4463,3.53494,7.77511e+06,-7.77516e+06,-86582.8,86586.4,7.77511e+06,-7.77516e+06,-86582.8,86586.4
437,-61.9365,3.54322,8.11031e+06,-8.11038e+06,-163593,163597,8.11031e+06,-8.11038e+06,-163593,163597
446,-62.1436,3.54693,8.57873e+06,-8.57879e+06,-238784,238787,8.57873e+06,-8.57879e+06,-238784,238787
455,-74.4981,3.53836,9.17982e+06,-9.1799e+06,-309684,309687,9.17982e+06,-9.1799e+06,-309684,309687
464,-80.0589,3.51351,9.90562e+06,-9.9057e+06,-373615,373619,9.90562e+06,-9.9057e+06,-373615,373619
473,-75.3658,3.49436,1.07419e+07,-1.0742e+07,-427971,427974,1.07419e+07,-1.0742e+07,-427971,427974
482,-71.9894,3.44175,1.16697e+07,-1.16698e+07,-470283,470286,1.16697e+07,-1.16698e+07,-470283,470286
491,-71.1199,3.40583,1.26699e+07,-1.267e+07,-498463,498467,1.26699e+07,-1.267e+07,-498463,498467
500,-59.624,3.36372,1.37225e+07,-1.37225e+07,-510810,510813,1.37225e+07,-1.37225e+07,-510810,510813
509,-47.175,3.16784,1.48045e+07,-1.48045e+07,-506180,506183,1.48045e+07,-1.48045e+07,-506180,506183
518,-42.4169,3.14265,1.58902e+07,-1.58902e+07,-484591,484594,1.58902e+07,-1.58902e+07,-484591,484594
527,-23.0411,3.15175,1.69497e+07,-1.69497e+07,-446639,446642,1.69497e+07,-1.69497e+07,-446639,446642
536,-18.6287,3.17648,1.79559e+07,-1.7956e+07,-393320,393323,1.79559e+07,-1.7956e+07,-393320,393323
545,-1.43395,3.24264,1.88848e+07,-1.88848e+07,-326071,326074,1.88848e+07,-1.88848e+07,-326071,326074
554,3.55431,3.3236,1.97145e+07,-1.97145e+07,-246497,246500,1.97145e+07,-1.97145e+07,-246497,246500
563,11.5793,3.42033,2.04289e+07,-2.04288e+07,-157440,157443,2.04289e+07,-2.04288e+07,-157440,157443
572,18.6254,3.51972,2.10159e+07,-2.10159e+07,-63151.7,63155.2,2.10159e+07,-2.10159e+07,-63151.7,63155.2
581,26.5374,3.62338,2.14671e+07,-2.14671e+07,32103.1,-32099.5,2.14671e+07,-2.14671e+07,32103.1,-32099.5
590,26.8724,3.71839,2.17804e+07,-2.17804e+07,124132,-124128,2.17804e+07,-2.17804e+07,124132,-124128
599,28.2947,3.79892,2.19543e+07,-2.19542e+07,208882,-208878,2.19543e+07,-2.19542e+07,208882,-208878
608,32.2515,3.86524,2.19904e+07,-2.19904e+07,282570,-282567,2.19904e+07,-2.19904e+07,282570,-282567
617,23.9273,3.93138,2.19058e+07,-2.19058e+07,341000,-340997,2.19058e+07,-2.19058e+07,341000,-340997
626,10.8452,3.97246,2.17251e+07,-2.17251e+07,380243,-380239,2.17251e+07,-2.17251e+07,380243,-380239
635,7.54114,4.0147,2.14736e+07,-2.14736e+07,396827,-396823,2.14736e+07,-2.14736e+07,396827,-396823
644,-5.033,4.0487,2.11761e+07,-2.11761e+07,387832,-387828,2.11761e+07,-2.11761e+07,387832,-387828
653,-15.3753,4.0891,2.08561e+07,-2.08561e+07,350979,-350975,2.08561e+07,-2.08561e+07,350979,-350975
662,-29.9359,4.13789,2.0542e+07,-2.05421e+07,285349,-285344,2.0542e+07,-2.05421e+07,285349,-285344
671,-56.9826,4.18997,2.02702e+07,-2.02702e+07,191811,-191806,2.02702e+07,-2.02702e+07,191811,-191806
680,-66.7884,4.23899,2.00753e+07,-2.00753e+07,71880.9,-71876.7,2.00753e+07,-2.00753e+07,71880.9,-71876.7
689,-80.806,4.29086,1.99882e+07,-1.99883e+07,-72390.8,72395.1,1.99882e+07,-1.99883e+07,-72390.8,72395.1
698,-94.2074,4.35447,2.00374e+07,-2.00375e+07,-238881,238885,2.00374e+07,-2.00375e+07,-238881,238885
707,-99.954,4.42655,2.02455e+07,-2.02456e+07,-424912,424917,2.02455e+07,-2.02456e+07,-424912,424917
716,-113.946,4.48512,2.06276e+07,-2.06277e+07,-625055,625060,2.06276e+07,-2.06277e+07,-625055,625060
725,-122.488,4.5266,2.11925e+07,-2.11927e+07,-832366,832370,2.11925e+07,-2.11927e+07,-832366,832370
734,-127.683,4.55362,2.19492e+07,-2.19494e+07,-1.04051e+06,1.04051e+06,2.19492e+07,-2.19494e+07,-1.04051e+06,1.04051e+06
743,-130.614,4.57321,2.29002e+07,-2.29004e+07,-1.24311e+06,1.24311e+06,2.29002e+07,-2.29004e+07,-1.24311e+06,1.24311e+06
752,-131.217,4.56933,2.40433e+07,-2.40434e+07,-1.43444e+06,1.43445e+06,2.40433e+07,-2.40434e+07,-1.43444e+06,1.43445e+06
761,-126.704,4.5523,2.53689e+07,-2.5369e+07,-1.60897e+06,1.60898e+06,2.53689e+07,-2.5369e+07,-1.60897e+06,1.60898e+06
770,-117.03,4.52022,2.68511e+07,-2.68512e+07,-1.7601e+06,1.76011e+06,2.68511e+07,-2.68512e+07,-1.7601e+06,1.76011e+06
779,-109.053,4.47891,2.84517e+07,-2.84518e+07,-1.88157e+06,1.88157e+06,2.84517e+07,-2.84518e+07,-1.88157e+06,1.88157e+06
788,-104.286,4.43384,3.01443e+07,-3.01444e+07,-1.96864e+06,1.96865e+06,3.01443e+07,-3.01444e+07,-1.96864e+06,1.96865e+06
797,-89.1184,4.38994,3.18918e+07,-3.18919e+07,-2.01625e+06,2.01625e+06,3.18918e+07,-3.18919e+07,-2.01625e+06,2.01625e+06
806,-77.0153,4.33495,3.36699e+07,-3.36699e+07,-2.02162e+06,2.02163e+06,3.36699e+07,-3.36699e+07,-2.02162e+06,2.02163e+06
815,-64.7342,4.31189,3.54311e+07,-3.54311e+07,-1.98318e+06,1.98318e+06,3.54311e+07,-3.54311e+07,-1.98318e+06,1.98318e+06
824,-49.9835,4.28307,3.71329e+07,-3.71329e+07,-1.90227e+06,1.90227e+06,3.71329e+07,-3.71329e+07,-1.90227e+06,1.90227e+06
833,-27.9085,4.26556,3.87245e+07,-3.87245e+07,-1.77998e+06,1.77998e+06,3.87245e+07,-3.87245e+07,-1.77998e+06,1.77998e+06
842,-17.8662,4.27838,4.01677e+07,-4.01678e+07,-1.61845e+06,1.61845e+06,4.01677e+07,-4.01678e+07,-1.61845e+06,1.61845e+06
851,3.01617,4.28512,4.14282e+07,-4.14282e+07,-1.41975e+06,1.41976e+06,4.14282e+07,-4.14282e+07,-1.41975e+06,1.41976e+06
860,13.7369,4.29587,4.24703e+07,-4.24703e+07,-1.18707e+06,1.18707e+06,4.24703e+07,-4.24703e+07,-1.18707e+06,1.18707e+06
869,27.841,4.31919,4.32813e+07,-4.32813e+07,-928596,928600,4.32813e+07,-4.32813e+07,-928596,928600
878,41.3423,4.34844,4.38354e+07,-4.38354e+07,-652647,652652,4.38354e+07,-4.38354e+07,-652647,652652
887,49.2007,4.3589,4.41247e+07,-4.41246e+07,-367555,367559,4.41247e+07,-4.41246e+07,-367555,367559
896,55.0267,4.35951,4.41325e+07,-4.41325e+07,-81512.8,81517.2,4.41325e+07,-4.41325e+07,-81512.8,81517.2
905,57.821,4.35243,4.38513e+07,-4.38512e+07,199643,-199638,4.38513e+07,-4.38512e+07,199643,-199638
914,67.5475,4.32727,4.32977e+07,-4.32976e+07,467484,-467480,4.32977e+07,-4.32976e+07,467484,-467480
923,56.6996,4.30118,4.25006e+07,-4.25005e+07,712582,-712578,4.25006e+07,-4.25005e+07,712582,-712578
932,54.4174,4.25605,4.14894e+07,-4.14893e+07,926888,-926883,4.14894e+07,-4.14893e+07,926888,-926883
941,50.1516,4.20022,4.02953e+07,-4.02952e+07,1.10329e+06,-1.10328e+06,4.02953e+07,-4.02952e+07,1.10329e+06,-1.10328e+06
950,41.3038,4.1401,3.89444e+07,-3.89444e+07,1.23515e+06,-1.23515e+06,3.89444e+07,-3.89444e+07,1.23515e+06,-1.23515e+06
959,33.7705,4.08937,3.74661e+07,-3.74661e+07,1.31746e+06,-1.31746e+06,3.74661e+07,-3.74661e+07,1.31746e+06,-1.31746e+06
968,20.9026,4.02911,3.5913e+07,-3.59129e+07,1.34861e+06,-1.3486e+06,3.5913e+07,-3.59129e+07,1.34861e+06,-1.3486e+06
977,9.81707,3.99233,3.43392e+07,-3.43392e+07,1.32827e+06,-1.32826e+06,3.43392e+07,-3.43392e+07,1.32827e+06,-1.32826e+06
986,-0.29649,3.95411,3.27939e+07,-3.27939e+07,1.25645e+06,-1.25644e+06,3.27939e+07,-3.27939e+07,1.25645e+06,-1.25644e+06
995,-14.7591,3.93737,3.13226e+07,-3.13227e+07,1.13288e+06,-1.13287e+06,3.13226e+07,-3.13227e+07,1.13288e+06,-1.13287e+06
1004,-37.3546,4.28859,2.99668e+07,-2.99668e+07,957980,-957976,2.99668e+07,-2.99668e+07,957980,-957976
1013,-45.221,4.28134,2.87581e+07,-2.87581e+07,736990,-736986,2.87581e+07,-2.87581e+07,736990,-736986
1022,-48.6768,4.30732,2.77313e+07,-2.77314e+07,477421,-477417,2.77313e+07,-2.77314e+07,477421,-477417
1031,-54.6481,4.32956,2.6913e+07,-2.69131e+07,189270,-189266,2.6913e+07,-2.69131e+07,189270,-189266
1040,-59.1628,4.36232,2.63295e+07,-2.63296e+07,-120428,120432,2.63295e+07,-2.63296e+07,-120428,120432
1049,-73.5188,4.4017,2.59995e+07,-2.59996e+07,-443296,443300,2.59995e+07,-2.59996e+07,-443296,443300
1058,-82.3317,4.43323,2.59409e+07,-2.5941e+07,-773225,773229,2.59409e+07,-2.5941e+07,-773225,773229
1067,-80.9655,4.485,2.61418e+07,-2.61419e+07,-1.09998e+06,1.09999e+06,2.61418e+07,-2.61419e+07,-1.09998e+06,1.09999e+06
1076,-78.7501,4.50978,2.65827e+07,-2.65828e+07,-1.41273e+06,1.41274e+06,2.65827e+07,-2.65828e+07,-1.41273e+06,1.41274e+06
1085,-73.3497,4.55144,2.72429e+07,-2.7243e+07,-1.70186e+06,1.70187e+06,2.72429e+07,-2.7243e+07,-1.70186e+06,1.70187e+06
1094,-76.2582,4.58416,2.81029e+07,-2.8103e+07,-1.9585e+06,1.95851e+06,2.81029e+07,-2.8103e+07,-1.9585e+06,1.95851e+06
1103,-56.3317,4.6199,2.91477e+07,-2.91477e+07,-2.17525e+06,2.17526e+06,2.91477e+07,-2.91477e+07,-2.17525e+06,2.17526e+06
1112,-55.9813,4.6517,3.03492e+07,-3.03492e+07,-2.34651e+06,2.34652e+06,3.03492e+07,-3.03492e+07,-2.34651e+06,2.34652e+06
1121,-48.5737,4.66463,3.16573e+07,-3.16573e+07,-2.4692e+06,2.46921e+06,3.16573e+07,-3.16573e+07,-2.4692e+06,2.46921e+06
1130,-42.9851,4.69616,3.30217e+07,-3.30217e+07,-2.54088e+06,2.54089e+06,3.30217e+07,-3.30217e+07,-2.54088e+06,2.54089e+06
1139,-47.6841,4.71508,3.43989e+07,-3.43989e+07,-2.55983e+06,2.55984e+06,3.43989e+07,-3.43989e+07,-2.55983e+06,2.55984e+06
1148,-23.673,4.73516,3.57476e+07,-3.57476e+07,-2.52416e+06,2.52416e+06,3.57476e+07,-3.57476e+07,-2.52416e+06,2.52416e+06
1157,-15.6744,4.73391,3.70315e+07,-3.70315e+07,-2.43269e+06,2.43269e+06,3.70315e+07,-3.70315e+07,-2.43269e+06,2.43269e+06
1166,-21.3026,4.74399,3.82163e+07,-3.82163e+07,-2.29067e+06,2.29068e+06,3.82163e+07,-3.82163e+07,-2.29067e+06,2.29068e+06
1175,-13.603,4.74185,3.92669e+07,-3.92669e+07,-2.10617e+06,2.10618e+06,3.92669e+07,-3.92669e+07,-2.10617e+06,2.10618e+06
1184,-5.79308,4.74721,4.01525e+07,-4.01525e+07,-1.88678e+06,1.88678e+06,4.01525e+07,-4.01525e+07,-1.88678e+06,1.88678e+06
1193,-2.23866,4.74481,4.08425e+07,-4.08425e+07,-1.63935e+06,1.63935e+06,4.08425e+07,-4.08425e+07,-1.63935e+06,1.63935e+06
1202,0.797025,4.7253,4.13115e+07,-4.13115e+07,-1.3696e+06,1.3696e+06,4.13115e+07,-4.13115e+07,-1.3696e+06,1.3696e+06
1211,6.31648,4.72687,4.15445e+07,-4.15444e+07,-1.08458e+06,1.08459e+06,4.15445e+07,-4.15444e+07,-1.08458e+06,1.08459e+06
1220,11.2854,4.71292,4.15509e+07,-4.15509e+07,-795646,795651,4.15509e+07,-4.15509e+07,-795646,795651
1229,0.795071,4.6956,4.13426e+07,-4.13426e+07,-513937,513942,4.13426e+07,-4.13426e+07,-513937,513942
1238,-1.70669,4.68121,4.09314e+07,-4.09315e+07,-249250,249255,4.09314e+07,-4.09315e+07,-249250,249255
1247,6.50815,4.66204,4.0325e+07,-4.0325e+07,-10598.7,10603.4,4.0325e+07,-4.0325e+07,-10598.7,10603.4
1256,-5.07351,4.64301,3.95296e+07,-3.95296e+07,194108,-194104,3.95296e+07,-3.95296e+07,194108,-194104
1265,-10.6252,4.6433,3.85774e+07,-3.85774e+07,359140,-359135,3.85774e+07,-3.85774e+07,359140,-359135
1274,-6.18903,4.64621,3.75143e+07,-3.75143e+07,480024,-480019,3.75143e+07,-3.75143e+07,480024,-480019
1283,-25.4341,4.64925,3.63831e+07,-3.63831e+07,552885,-552880,3.63831e+07,-3.63831e+07,552885,-552880
1292,-27.8221,4.68062,3.5221e+07,-3.52211e+07,574044,-574040,3.5221e+07,-3.52211e+07,574044,-574040
1301,-31.3034,4.71052,3.40609e+07,-3.40609e+07,539910,-539905,3.40609e+07,-3.40609e+07,539910,-539905
1310,-45.6622,4.754,3.29334e+07,-3.29335e+07,449018,-449013,3.29334e+07,-3.29335e+07,449018,-449013
1319,-45.3274,4.80825,3.18765e+07,-3.18765e+07,307036,-307032,3.18765e+07,-3.18765e+07,307036,-307032
1328,-52.8192,4.88084,3.09262e+07,-3.09263e+07,120532,-120527,3.09262e+07,-3.09263e+07,120532,-120527
1337,-50.5695,4.94053,3.0115e+07,-3.0115e+07,-104564,104569,3.0115e+07,-3.0115e+07,-104564,104569
1346,-57.1386,5.02014,2.94724e+07,-2.94725e+07,-363268,363273,2.94724e+07,-2.94725e+07,-363268,363273
1355,-65.5484,5.09858,2.9025e+07,-2.9025e+07,-651365,651370,2.9025e+07,-2.9025e+07,-651365,651370
1364,-62.1891,5.18877,2.87841e+07,-2.87842e+07,-960908,960913,2.87841e+07,-2.87842e+07,-960908,960913
1373,-56.4015,5.26685,2.87458e+07,-2.87458e+07,-1.28004e+06,1.28005e+06,2.87458e+07,-2.87458e+07,-1.28004e+06,1.28005e+06
1382,-47.5995,5.35616,2.89054e+07,-2.89054e+07,-1.59794e+06,1.59795e+06,2.89054e+07,-2.89054e+07,-1.59794e+06,1.59795e+06
1391,-66.4348,5.43165,2.92589e+07,-2.9259e+07,-1.90463e+06,1.90463e+06,2.92589e+07,-2.9259e+07,-1.90463e+06,1.90463e+06
1400,-61.3485,5.50284,2.9807e+07,-2.9807e+07,-2.1917e+06,2.1917e+06,2.9807e+07,-2.9807e+07,-2.1917e+06,2.1917e+06
1409,-54.6345,5.58661,3.05442e+07,-3.05442e+07,-2.45142e+06,2.45143e+06,3.05442e+07,-3.05442e+07,-2.45142e+06,2.45143e+06
1418,-52.4991,5.64958,3.14354e+07,-3.14355e+07,-2.67691e+06,2.67691e+06,3.14354e+07,-3.14355e+07,-2.67691e+06,2.67691e+06
1427,-38.2634,5.711,3.24428e+07,-3.24429e+07,-2.86226e+06,2.86227e+06,3.24428e+07,-3.24429e+07,-2.86226e+06,2.86227e+06
1436,-40.2416,5.76996,3.35307e+07,-3.35307e+07,-3.00182e+06,3.00182e+06,3.35307e+07,-3.35307e+07,-3.00182e+06,3.00182e+06
1445,-37.8014,5.8157,3.46668e+07,-3.46669e+07,-3.09015e+06,3.09015e+06,3.46668e+07,-3.46669e+07,-3.09015e+06,3.09015e+06
1454,-26.0106,5.86951,3.58233e+07,-3.58233e+07,-3.12191e+06,3.12192e+06,3.58233e+07,-3.58233e+07,-3.12191e+06,3.12192e+06
1463,-21.7373,5.89555,3.69707e+07,-3.69707e+07,-3.0964e+06,3.09641e+06,3.69707e+07,-3.69707e+07,-3.0964e+06,3.09641e+06
1472,-9.44394,5.92635,3.80683e+07,-3.80683e+07,-3.01787e+06,3.01787e+06,3.80683e+07,-3.80683e+07,-3.01787e+06,3.01787e+06
1481,2.7698,5.94032,3.9079e+07,-3.9079e+07,-2.89054e+06,2.89054e+06,3.9079e+07,-3.9079e+07,-2.89054e+06,2.89054e+06
1490,-4.9052,5.96382,3.99701e+07,-3.99702e+07,-2.71792e+06,2.71793e+06,3.99701e+07,-3.99702e+07,-2.71792e+06,2.71793e+06
1499,-1.96257,5.96569,4.07089e+07,-4.07089e+07,-2.50256e+06,2.50257e+06,4.07089e+07,-4.07089e+07,-2.50256e+06,2.50257e+06
1512,7.47919,4.24961,4.14542e+07,-4.14542e+07,-2.12318e+06,2.12318e+06,4.14542e+07,-4.14542e+07,-2.12318e+06,2.12318e+06
1529,9.37829,4.25685,4.18204e+07,-4.18204e+07,-1.55023e+06,1.55023e+06,4.18204e+07,-4.18204e+07,-1.55023e+06,1.55023e+06
1546,10.0139,4.26606,4.14654e+07,-4.14654e+07,-951106,951110,4.14654e+07,-4.14654e+07,-951106,951110
1563,-0.414165,4.27373,4.03516e+07,-4.03516e+07,-380350,380355,4.03516e+07,-4.03516e+07,-380350,380355
1580,-1.86885,4.30843,3.86054e+07,-3.86054e+07,109950,-109946,3.86054e+07,-3.86054e+07,109950,-109946
1597,-9.9112,4.35741,3.6412e+07,-3.6412e+07,471242,-471237,3.6412e+07,-3.6412e+07,471242,-471237
1614,-9.49197,4.42721,3.39181e+07,-3.39181e+07,662612,-662607,3.39181e+07,-3.39181e+07,662612,-662607
1631,-25.3687,4.52612,3.13468e+07,-3.13468e+07,680214,-680210,3.13468e+07,-3.13468e+07,680214,-680210
1648,-22.7408,4.65805,2.89325e+07,-2.89325e+07,531242,-531238,2.89325e+07,-2.89325e+07,531242,-531238
1665,-25.4964,4.81384,2.68679e+07,-2.6868e+07,221543,-221538,2.68679e+07,-2.6868e+07,221543,-221538
1682,-29.9275,4.97777,2.52703e+07,-2.52703e+07,-203223,203228,2.52703e+07,-2.52703e+07,-203223,203228
1699,-26.1074,5.16257,2.42352e+07,-2.42353e+07,-691149,691154,2.42352e+07,-2.42353e+07,-691149,691154
1716,-22.1731,5.34441,2.38369e+07,-2.38369e+07,-1.19874e+06,1.19875e+06,2.38369e+07,-2.38369e+07,-1.19874e+06,1.19875e+06
1733,-28.2166,5.53669,2.39964e+07,-2.39964e+07,-1.67434e+06,1.67435e+06,2.39964e+07,-2.39964e+07,-1.67434e+06,1.67435e+06
1750,-22.2324,5.71943,2.46149e+07,-2.46149e+07,-2.06723e+06,2.06724e+06,2.46149e+07,-2.46149e+07,-2.06723e+06,2.06724e+06
1767,-13.1588,5.89723,2.56028e+07,-2.56029e+07,-2.3369e+06,2.33691e+06,2.56028e+07,-2.56029e+07,-2.3369e+06,2.33691e+06
1784,-11.8144,6.08293,2.67752e+07,-2.67752e+07,-2.47131e+06,2.47132e+06,2.67752e+07,-2.67752e+07,-2.47131e+06,2.47132e+06
1801,-8.0874,6.23669,2.79454e+07,-2.79454e+07,-2.46108e+06,2.46109e+06,2.79454e+07,-2.79454e+07,-2.46108e+06,2.46109e+06
1818,-0.976027,6.42867,2.8958e+07,-2.8958e+07,-2.30242e+06,2.30242e+06,2.8958e+07,-2.8958e+07,-2.30242e+06,2.30242e+06
1835,-4.91613,6.60655,2.96941e+07,-2.96942e+07,-2.03027e+06,2.03028e+06,2.96941e+07,-2.96942e+07,-2.03027e+06,2.03028e+06
1852,1.81527,6.80151,3.00404e+07,-3.00404e+07,-1.67884e+06,1.67885e+06,3.00404e+07,-3.00404e+07,-1.67884e+06,1.67885e+06
1869,-4.78882,6.99482,2.99157e+07,-2.99157e+07,-1.28004e+06,1.28004e+06,2.99157e+07,-2.99157e+07,-1.28004e+06,1.28004e+06
1886,1.66045,7.22323,2.93639e+07,-2.93639e+07,-881308,881316,2.93639e+07,-2.93639e+07,-881308,881316
1903,-11.107,7.48368,2.8422e+07,-2.8422e+07,-528155,528162,2.8422e+07,-2.8422e+07,-528155,528162
1920,-8.76494,7.7701,2.71424e+07,-2.71424e+07,-255940,255948,2.71424e+07,-2.71424e+07,-255940,255948
1937,-13.224,8.06156,2.56738e+07,-2.56738e+07,-82894.2,82902.3,2.56738e+07,-2.56738e+07,-82894.2,82902.3
1954,-5.86213,8.37766,2.41534e+07,-2.41534e+07,-28333.6,28342,2.41534e+07,-2.41534e+07,-28333.6,28342
1971,-28.0519,8.73154,2.26987e+07,-2.26987e+07,-99573.1,99581.8,2.26987e+07,-2.26987e+07,-99573.1,99581.8
1988,-27.8392,9.11875,2.14245e+07,-2.14245e+07,-273072,273081,2.14245e+07,-2.14245e+07,-273072,273081
32,0.0643557,0.038095,25777.5,-25777.4,40.1266,-40.0885,25777.5,-25777.4,40.1266,-40.0885
37,0.0649424,0.0382651,37340.6,-37340.5,51.6456,-51.6074,37340.6,-37340.5,51.6456,-51.6074
42,0.0699042,0.0395151,52106.8,-52106.7,54.367,-54.3275,52106.8,-52106.7,54.367,-54.3275
47,0.141281,0.041839,70516.5,-70516.4,40.4152,-40.3734,70516.5,-70516.4,40.4152,-40.3734
52,0.146964,0.0449488,93107.1,-93107,-2.69718,2.74213,93107.1,-93107,-2.69718,2.74213
57,0.193005,0.0487204,120389,-120388,-87.8168,87.8655,120389,-120388,-87.8168,87.8655
62,0.296409,0.052946,153011,-153011,-231.679,231.732,153011,-153011,-231.679,231.732
67,0.331388,0.0577864,191589,-191589,-450.809,450.867,191589,-191589,-450.809,450.867
72,0.356963,0.0629367,236743,-236742,-763.827,763.89,236743,-236742,-763.827,763.89
77,0.448396,0.0685223,289386,-289385,-1190.56,1190.63,289386,-289385,-1190.56,1190.63
82,0.522364,0.0741419,350173,-350173,-1747.96,1748.03,350173,-350173,-1747.96,1748.03
87,0.489592,0.0797743,419886,-419886,-2452.54,2452.62,419886,-419886,-2452.54,2452.62
92,0.789127,0.0854591,499235,-499234,-3318.05,3318.13,499235,-499234,-3318.05,3318.13
97,0.57472,0.0909925,589038,-589038,-4355.26,4355.35,589038,-589038,-4355.26,4355.35
104,0.830793,0.0715857,734085,-734085,-6109.83,6109.9,734085,-734085,-6109.83,6109.9
113,0.924375,0.0778543,957001,-957000,-8882.89,8882.97,957001,-957000,-8882.89,8882.97
122,1.11192,0.0832173,1.22471e+06,-1.22471e+06,-12179.8,12179.9,1.22471e+06,-1.22471e+06,-12179.8,12179.9
131,1.10666,0.0873743,1.54029e+06,-1.54029e+06,-15861.4,15861.5,1.54029e+06,-1.54029e+06,-15861.4,15861.5
140,1.09668,0.0908116,1.90577e+06,-1.90577e+06,-19705.7,19705.7,1.90577e+06,-1.90577e+06,-19705.7,19705.7
149,1.00578,0.0931316,2.32245e+06,-2.32245e+06,-23408.8,23408.9,2.32245e+06,-2.32245e+06,-23408.8,23408.9
158,1.07943,0.0947803,2.78946e+06,-2.78946e+06,-26584.7,26584.8,2.78946e+06,-2.78946e+06,-26584.7,26584.8
167,0.855441,0.0960544,3.30444e+06,-3.30444e+06,-28774.4,28774.5,3.30444e+06,-3.30444e+06,-28774.4,28774.5
176,0.96559,0.097314,3.86219e+06,-3.86219e+06,-29466.2,29466.3,3.86219e+06,-3.86219e+06,-29466.2,29466.3
185,0.835251,0.099276,4.45576e+06,-4.45575e+06,-28126.7,28126.8,4.45576e+06,-4.45575e+06,-28126.7,28126.8
194,0.793541,0.10222,5.07635e+06,-5.07635e+06,-24218.6,24218.7,5.07635e+06,-5.07635e+06,-24218.6,24218.7
203,0.694054,0.10671,5.71367e+06,-5.71367e+06,-17244.5,17244.7,5.71367e+06,-5.71367e+06,-17244.5,17244.7
212,0.877642,0.113639,6.35482e+06,-6.35482e+06,-6787.33,6787.44,6.35482e+06,-6.35482e+06,-6787.33,6787.44
221,0.874199,0.122676,6.98715e+06,-6.98715e+06,7442.86,-7442.74,6.98715e+06,-6.98715e+06,7442.86,-7442.74
230,1.23818,0.134981,7.5965e+06,-7.5965e+06,25593.8,-25593.7,7.5965e+06,-7.5965e+06,25593.8,-25593.7
239,1.78071,0.150693,8.16855e+06,-8.16855e+06,47651.4,-47651.2,8.16855e+06,-8.16855e+06,47651.4,-47651.2
248,2.10983,0.170457,8.68945e+06,-8.68945e+06,73420.9,-73420.7,8.68945e+06,-8.68945e+06,73420.9,-73420.7
257,3.13386,0.194437,9.14642e+06,-9.14641e+06,102513,-102512,9.14642e+06,-9.14641e+06,102513,-102512
266,3.86066,0.222911,9.52817e+06,-9.52817e+06,134227,-134227,9.52817e+06,-9.52817e+06,134227,-134227
275,5.31265,0.254935,9.82694e+06,-9.82694e+06,167635,-167635,9.82694e+06,-9.82694e+06,167635,-167635
284,5.82483,0.291107,1.00363e+07,-1.00363e+07,201624,-201623,1.00363e+07,-1.00363e+07,201624,-201623
293,8.21385,0.330528,1.0153e+07,-1.0153e+07,234961,-234961,1.0153e+07,-1.0153e+07,234961,-234961
302,9.31107,0.371814,1.01759e+07,-1.01759e+07,266309,-266309,1.01759e+07,-1.01759e+07,266309,-266309
311,10.9594,0.414569,1.01081e+07,-1.01081e+07,294281,-294281,1.01081e+07,-1.01081e+07,294281,-294281
320,12.6384,0.456766,9.95818e+06,-9.95817e+06,317356,-317356,9.95818e+06,-9.95817e+06,317356,-317356
329,15.1816,0.499415,9.73792e+06,-9.7379e+06,334048,-334048,9.73792e+06,-9.7379e+06,334048,-334048
338,16.0657,0.539085,9.46156e+06,-9.46155e+06,342990,-342989,9.46156e+06,-9.46155e+06,342990,-342989
347,16.2208,0.576431,9.14523e+06,-9.14521e+06,343020,-343020,9.14523e+06,-9.14521e+06,343020,-343020
356,18.6902,0.610392,8.8054e+06,-8.80538e+06,333125,-333125,8.8054e+06,-8.80538e+06,333125,-333125
365,18.5056,0.636093,8.46357e+06,-8.46355e+06,312849,-312848,8.46357e+06,-8.46355e+06,312849,-312848
374,21.0827,0.658654,8.14207e+06,-8.14204e+06,282048,-282047,8.14207e+06,-8.14204e+06,282048,-282047
383,21.4257,0.67476,7.86313e+06,-7.86311e+06,240964,-240964,7.86313e+06,-7.86311e+06,240964,-240964
392,22.3593,0.684796,7.64829e+06,-7.64826e+06,190103,-190103,7.64829e+06,-7.64826e+06,190103,-190103
401,21.1747,0.685442,7.51679e+06,-7.51677e+06,130303,-130303,7.51679e+06,-7.51677e+06,130303,-130303
410,21.0336,0.682149,7.4863e+06,-7.48628e+06,62808.1,-62807.4,7.4863e+06,-7.48628e+06,62808.1,-62807.4
419,19.2941,0.673185,7.56902e+06,-7.569e+06,-10289,10289.7,7.56902e+06,-7.569e+06,-10289,10289.7
428,19.1288,0.658485,7.77511e+06,-7.77509e+06,-86582.8,86583.5,7.77511e+06,-7.77509e+06,-86582.8,86583.5
437,19.3346,0.641241,8.11031e+06,-8.1103e+06,-163593,163594,8.11031e+06,-8.1103e+06,-163593,163594
446,17.3252,0.6202,8.57873e+06,-8.57871e+06,-238784,238785,8.57873e+06,-8.57871e+06,-238784,238785
455,15.4382,0.59887,9.17982e+06,-9.17981e+06,-309684,309684,9.17982e+06,-9.17981e+06,-309684,309684
464,14.5813,0.578017,9.90562e+06,-9.9056e+06,-373615,373616,9.90562e+06,-9.9056e+06,-373615,373616
473,11.5893,0.559745,1.07419e+07,-1.07419e+07,-427971,427971,1.07419e+07,-1.07419e+07,-427971,427971
482,11.4556,0.542703,1.16697e+07,-1.16697e+07,-470283,470283,1.16697e+07,-1.16697e+07,-470283,470283
491,10.3049,0.531351,1.26699e+07,-1.26699e+07,-498463,498464,1.26699e+07,-1.26699e+07,-498463,498464
500,8.30294,0.523469,1.37225e+07,-1.37225e+07,-510810,510811,1.37225e+07,-1.37225e+07,-510810,510811
509,8.22746,0.446077,1.48045e+07,-1.48045e+07,-506180,506180,1.48045e+07,-1.48045e+07,-506180,506180
518,7.35097,0.446632,1.58902e+07,-1.58902e+07,-484591,484592,1.58902e+07,-1.58902e+07,-484591,484592
527,6.50428,0.45506,1.69497e+07,-1.69497e+07,-446639,446639,1.69497e+07,-1.69497e+07,-446639,446639
536,6.71246,0.470504,1.79559e+07,-1.79559e+07,-393320,393321,1.79559e+07,-1.79559e+07,-393320,393321
545,8.58876,0.493221,1.88848e+07,-1.88848e+07,-326071,326072,1.88848e+07,-1.88848e+07,-326071,326072
554,8.51755,0.5237,1.97145e+07,-1.97145e+07,-246497,246497,1.97145e+07,-1.97145e+07,-246497,246497
563,10.6431,0.560376,2.04289e+07,-2.04288e+07,-157440,157441,2.04289e+07,-2.04288e+07,-157440,157441
572,11.8913,0.602078,2.10159e+07,-2.10159e+07,-63151.7,63152.3,2.10159e+07,-2.10159e+07,-63151.7,63152.3
581,15.4975,0.651853,2.14671e+07,-2.14671e+07,32103.1,-32102.5,2.14671e+07,-2.14671e+07,32103.1,-32102.5
590,15.2827,0.704869,2.17804e+07,-2.17804e+07,124132,-124131,2.17804e+07,-2.17804e+07,124132,-124131
599,18.225,0.760114,2.19543e+07,-2.19542e+07,208882,-208881,2.19543e+07,-2.19542e+07,208882,-208881
608,22.1034,0.81962,2.19904e+07,-2.19904e+07,282570,-282570,2.19904e+07,-2.19904e+07,282570,-282570
617,25.8934,0.876712,2.19058e+07,-2.19058e+07,341000,-341000,2.19058e+07,-2.19058e+07,341000,-341000
626,25.9867,0.932242,2.17251e+07,-2.17251e+07,380243,-380242,2.17251e+07,-2.17251e+07,380243,-380242
635,30.1719,0.989552,2.14736e+07,-2.14735e+07,396827,-396826,2.14736e+07,-2.14735e+07,396827,-396826
644,32.9222,1.03921,2.11761e+07,-2.1176e+07,387832,-387831,2.11761e+07,-2.1176e+07,387832,-387831
653,32.8238,1.08084,2.08561e+07,-2.0856e+07,350979,-350978,2.08561e+07,-2.0856e+07,350979,-350978
662,34.7378,1.12164,2.0542e+07,-2.0542e+07,285349,-285347,2.0542e+07,-2.0542e+07,285349,-285347
671,36.3808,1.15221,2.02702e+07,-2.02702e+07,191811,-191810,2.02702e+07,-2.02702e+07,191811,-191810
680,36.6042,1.1771,2.00753e+07,-2.00752e+07,71880.9,-71879.7,2.00753e+07,-2.00752e+07,71880.9,-71879.7
689,38.1163,1.18917,1.99882e+07,-1.99882e+07,-72390.8,72392,1.99882e+07,-1.99882e+07,-72390.8,72392
698,38.9399,1.198,2.00374e+07,-2.00374e+07,-238881,238882,2.00374e+07,-2.00374e+07,-238881,238882
707,36.5131,1.20156,2.02455e+07,-2.02454e+07,-424912,424913,2.02455e+07,-2.02454e+07,-424912,424913
716,36.4293,1.19521,2.06276e+07,-2.06275e+07,-625055,625057,2.06276e+07,-2.06275e+07,-625055,625057
725,33.4393,1.1853,2.11925e+07,-2.11925e+07,-832366,832367,2.11925e+07,-2.11925e+07,-832366,832367
734,32.2593,1.17009,2.19492e+07,-2.19492e+07,-1.04051e+06,1.04051e+06,2.19492e+07,-2.19492e+07,-1.04051e+06,1.04051e+06
743,27.6853,1.15603,2.29002e+07,-2.29002e+07,-1.24311e+06,1.24311e+06,2.29002e+07,-2.29002e+07,-1.24311e+06,1.24311e+06
752,27.3087,1.13679,2.40433e+07,-2.40433e+07,-1.43444e+06,1.43444e+06,2.40433e+07,-2.40433e+07,-1.43444e+06,1.43444e+06
761,24.6929,1.12169,2.53689e+07,-2.53689e+07,-1.60897e+06,1.60897e+06,2.53689e+07,-2.53689e+07,-1.60897e+06,1.60897e+06
770,21.1035,1.10542,2.68511e+07,-2.68511e+07,-1.7601e+06,1.76011e+06,2.68511e+07,-2.68511e+07,-1.7601e+06,1.76011e+06
779,19.3843,1.0959,2.84517e+07,-2.84517e+07,-1.88157e+06,1.88157e+06,2.84517e+07,-2.84517e+07,-1.88157e+06,1.88157e+06
788,19.3659,1.08822,3.01443e+07,-3.01443e+07,-1.96864e+06,1.96864e+06,3.01443e+07,-3.01443e+07,-1.96864e+06,1.96864e+06
797,17.3212,1.0824,3.18918e+07,-3.18918e+07,-2.01625e+06,2.01625e+06,3.18918e+07,-3.18918e+07,-2.01625e+06,2.01625e+06
806,16.1542,1.08845,3.36699e+07,-3.36698e+07,-2.02162e+06,2.02163e+06,3.36699e+07,-3.36698e+07,-2.02162e+06,2.02163e+06
815,14.1638,1.09478,3.54311e+07,-3.5431e+07,-1.98318e+06,1.98318e+06,3.54311e+07,-3.5431e+07,-1.98318e+06,1.98318e+06
824,12.1229,1.1113,3.71329e+07,-3.71329e+07,-1.90227e+06,1.90227e+06,3.71329e+07,-3.71329e+07,-1.90227e+06,1.90227e+06
833,11.6282,1.13708,3.87245e+07,-3.87245e+07,-1.77998e+06,1.77998e+06,3.87245e+07,-3.87245e+07,-1.77998e+06,1.77998e+06
842,13.3085,1.17059,4.01677e+07,-4.01677e+07,-1.61845e+06,1.61845e+06,4.01677e+07,-4.01677e+07,-1.61845e+06,1.61845e+06
851,13.0309,1.20586,4.14282e+07,-4.14282e+07,-1.41975e+06,1.41975e+06,4.14282e+07,-4.14282e+07,-1.41975e+06,1.41975e+06
860,15.4091,1.25198,4.24703e+07,-4.24703e+07,-1.18707e+06,1.18707e+06,4.24703e+07,-4.24703e+07,-1.18707e+06,1.18707e+06
869,16.3651,1.30001,4.32813e+07,-4.32813e+07,-928596,928597,4.32813e+07,-4.32813e+07,-928596,928597
878,17.5279,1.35817,4.38354e+07,-4.38354e+07,-652647,652649,4.38354e+07,-4.38354e+07,-652647,652649
887,22.0617,1.41689,4.41247e+07,-4.41247e+07,-367555,367556,4.41247e+07,-4.41247e+07,-367555,367556
896,24.2907,1.4849,4.41325e+07,-4.41325e+07,-81512.8,81514.3,4.41325e+07,-4.41325e+07,-81512.8,81514.3
905,23.2827,1.55253,4.38513e+07,-4.38513e+07,199643,-199641,4.38513e+07,-4.38513e+07,199643,-199641
914,29.1072,1.62373,4.32977e+07,-4.32977e+07,467484,-467482,4.32977e+07,-4.32977e+07,467484,-467482
923,31.4781,1.68955,4.25006e+07,-4.25005e+07,712582,-712580,4.25006e+07,-4.25005e+07,712582,-712580
932,35.4116,1.75885,4.14894e+07,-4.14893e+07,926888,-926886,4.14894e+07,-4.14893e+07,926888,-926886
941,37.4935,1.82725,4.02953e+07,-4.02953e+07,1.10329e+06,-1.10329e+06,4.02953e+07,-4.02953e+07,1.10329e+06,-1.10329e+06
950,37.058,1.89397,3.89444e+07,-3.89444e+07,1.23515e+06,-1.23515e+06,3.89444e+07,-3.89444e+07,1.23515e+06,-1.23515e+06
959,39.3482,1.95515,3.74661e+07,-3.74661e+07,1.31746e+06,-1.31746e+06,3.74661e+07,-3.74661e+07,1.31746e+06,-1.31746e+06
968,40.3395,2.01156,3.5913e+07,-3.59129e+07,1.34861e+06,-1.3486e+06,3.5913e+07,-3.59129e+07,1.34861e+06,-1.3486e+06
977,40.4442,2.06051,3.43392e+07,-3.43391e+07,1.32827e+06,-1.32827e+06,3.43392e+07,-3.43391e+07,1.32827e+06,-1.32827e+06
986,38.6279,2.11076,3.27939e+07,-3.27939e+07,1.25645e+06,-1.25644e+06,3.27939e+07,-3.27939e+07,1.25645e+06,-1.25644e+06
995,42.2792,2.1566,3.13226e+07,-3.13226e+07,1.13288e+06,-1.13288e+06,3.13226e+07,-3.13226e+07,1.13288e+06,-1.13288e+06
1004,40.1553,2.56889,2.99668e+07,-2.99667e+07,957980,-957978,2.99668e+07,-2.99667e+07,957980,-957978
1013,46.1332,2.60496,2.87581e+07,-2.87581e+07,736990,-736987,2.87581e+07,-2.87581e+07,736990,-736987
1022,42.9829,2.63531,2.77313e+07,-2.77313e+07,477421,-477419,2.77313e+07,-2.77313e+07,477421,-477419
1031,39.2361,2.66779,2.6913e+07,-2.6913e+07,189270,-189267,2.6913e+07,-2.6913e+07,189270,-189267
1040,36.5526,2.69277,2.63295e+07,-2.63295e+07,-120428,120430,2.63295e+07,-2.63295e+07,-120428,120430
1049,35.8932,2.71843,2.59995e+07,-2.59995e+07,-443296,443298,2.59995e+07,-2.59995e+07,-443296,443298
1058,37.0442,2.75134,2.59409e+07,-2.59408e+07,-773225,773228,2.59409e+07,-2.59408e+07,-773225,773228
1067,28.6378,2.77763,2.61418e+07,-2.61418e+07,-1.09998e+06,1.09998e+06,2.61418e+07,-2.61418e+07,-1.09998e+06,1.09998e+06
1076,25.1823,2.80328,2.65827e+07,-2.65827e+07,-1.41273e+06,1.41274e+06,2.65827e+07,-2.65827e+07,-1.41273e+06,1.41274e+06
1085,20.9454,2.83632,2.72429e+07,-2.72429e+07,-1.70186e+06,1.70187e+06,2.72429e+07,-2.72429e+07,-1.70186e+06,1.70187e+06
1094,25.9907,2.87076,2.81029e+07,-2.81029e+07,-1.9585e+06,1.9585e+06,2.81029e+07,-2.81029e+07,-1.9585e+06,1.9585e+06
1103,16.4541,2.91322,2.91477e+07,-2.91477e+07,-2.17525e+06,2.17526e+06,2.91477e+07,-2.91477e+07,-2.17525e+06,2.17526e+06
1112,15.7459,2.96126,3.03492e+07,-3.03491e+07,-2.34651e+06,2.34651e+06,3.03492e+07,-3.03491e+07,-2.34651e+06,2.34651e+06
1121,15.3649,3.01755,3.16573e+07,-3.16573e+07,-2.4692e+06,2.4692e+06,3.16573e+07,-3.16573e+07,-2.4692e+06,2.4692e+06
1130,15.5914,3.07321,3.30217e+07,-3.30216e+07,-2.54088e+06,2.54089e+06,3.30217e+07,-3.30216e+07,-2.54088e+06,2.54089e+06
1139,13.6421,3.13544,3.43989e+07,-3.43988e+07,-2.55983e+06,2.55984e+06,3.43989e+07,-3.43988e+07,-2.55983e+06,2.55984e+06
1148,13.5995,3.20856,3.57476e+07,-3.57476e+07,-2.52416e+06,2.52416e+06,3.57476e+07,-3.57476e+07,-2.52416e+06,2.52416e+06
1157,14.5019,3.28262,3.70315e+07,-3.70315e+07,-2.43269e+06,2.43269e+06,3.70315e+07,-3.70315e+07,-2.43269e+06,2.43269e+06
1166,9.18108,3.37282,3.82163e+07,-3.82163e+07,-2.29067e+06,2.29067e+06,3.82163e+07,-3.82163e+07,-2.29067e+06,2.29067e+06
1175,10.5746,3.45778,3.92669e+07,-3.92669e+07,-2.10617e+06,2.10618e+06,3.92669e+07,-3.92669e+07,-2.10617e+06,2.10618e+06
1184,12.8028,3.54828,4.01525e+07,-4.01524e+07,-1.88678e+06,1.88678e+06,4.01525e+07,-4.01524e+07,-1.88678e+06,1.88678e+06
1193,12.7564,3.63968,4.08425e+07,-4.08424e+07,-1.63935e+06,1.63935e+06,4.08425e+07,-4.08424e+07,-1.63935e+06,1.63935e+06
1202,23.1519,3.74925,4.13115e+07,-4.13115e+07,-1.3696e+06,1.3696e+06,4.13115e+07,-4.13115e+07,-1.3696e+06,1.3696e+06
1211,21.2917,3.85511,4.15445e+07,-4.15444e+07,-1.08458e+06,1.08459e+06,4.15445e+07,-4.15444e+07,-1.08458e+06,1.08459e+06
1220,18.0007,3.96742,4.15509e+07,-4.15509e+07,-795646,795650,4.15509e+07,-4.15509e+07,-795646,795650
1229,24.1192,4.07677,4.13426e+07,-4.13426e+07,-513937,513941,4.13426e+07,-4.13426e+07,-513937,513941
1238,26.9876,4.18657,4.09314e+07,-4.09314e+07,-249250,249254,4.09314e+07,-4.09314e+07,-249250,249254
1247,28.9322,4.30219,4.0325e+07,-4.0325e+07,-10598.7,10603,4.0325e+07,-4.0325e+07,-10598.7,10603
1256,28.2583,4.41566,3.95296e+07,-3.95296e+07,194108,-194104,3.95296e+07,-3.95296e+07,194108,-194104
1265,32.123,4.54296,3.85774e+07,-3.85773e+07,359140,-359135,3.85774e+07,-3.85773e+07,359140,-359135
1274,28.0386,4.65804,3.75143e+07,-3.75142e+07,480024,-480019,3.75143e+07,-3.75142e+07,480024,-480019
1283,25.1459,4.76999,3.63831e+07,-3.63831e+07,552885,-552880,3.63831e+07,-3.63831e+07,552885,-552880
1292,32.7948,4.88687,3.5221e+07,-3.5221e+07,574044,-574039,3.5221e+07,-3.5221e+07,574044,-574039
1301,32.8301,5.00459,3.40609e+07,-3.40608e+07,539910,-539905,3.40609e+07,-3.40608e+07,539910,-539905
1310,32.308,5.11265,3.29334e+07,-3.29334e+07,449018,-449013,3.29334e+07,-3.29334e+07,449018,-449013
1319,37.0351,5.23496,3.18765e+07,-3.18765e+07,307036,-307031,3.18765e+07,-3.18765e+07,307036,-307031
1328,22.7581,5.35214,3.09262e+07,-3.09262e+07,120532,-120526,3.09262e+07,-3.09262e+07,120532,-120526
1337,32.7284,5.47018,3.0115e+07,-3.0115e+07,-104564,104570,3.0115e+07,-3.0115e+07,-104564,104570
1346,25.6747,5.58651,2.94724e+07,-2.94724e+07,-363268,363273,2.94724e+07,-2.94724e+07,-363268,363273
1355,22.1336,5.70918,2.9025e+07,-2.9025e+07,-651365,651371,2.9025e+07,-2.9025e+07,-651365,651371
1364,20.8649,5.82346,2.87841e+07,-2.87841e+07,-960908,960914,2.87841e+07,-2.87841e+07,-960908,960914
1373,13.9711,5.96106,2.87458e+07,-2.87457e+07,-1.28004e+06,1.28005e+06,2.87458e+07,-2.87457e+07,-1.28004e+06,1.28005e+06
1382,19.7096,6.08048,2.89054e+07,-2.89054e+07,-1.59794e+06,1.59795e+06,2.89054e+07,-2.89054e+07,-1.59794e+06,1.59795e+06
1391,18.9034,6.21001,2.92589e+07,-2.92589e+07,-1.90463e+06,1.90463e+06,2.92589e+07,-2.92589e+07,-1.90463e+06,1.90463e+06
1400,26.3292,6.35494,2.9807e+07,-2.98069e+07,-2.1917e+06,2.1917e+06,2.9807e+07,-2.98069e+07,-2.1917e+06,2.1917e+06
1409,5.1988,6.50113,3.05442e+07,-3.05442e+07,-2.45142e+06,2.45143e+06,3.05442e+07,-3.05442e+07,-2.45142e+06,2.45143e+06
1418,20.0139,6.64875,3.14354e+07,-3.14354e+07,-2.67691e+06,2.67691e+06,3.14354e+07,-3.14354e+07,-2.67691e+06,2.67691e+06
1427,20.0412,6.79888,3.24428e+07,-3.24428e+07,-2.86226e+06,2.86227e+06,3.24428e+07,-3.24428e+07,-2.86226e+06,2.86227e+06
1436,13.1922,6.97404,3.35307e+07,-3.35306e+07,-3.00182e+06,3.00182e+06,3.35307e+07,-3.35306e+07,-3.00182e+06,3.00182e+06
1445,10.43,7.13505,3.46668e+07,-3.46668e+07,-3.09015e+06,3.09015e+06,3.46668e+07,-3.46668e+07,-3.09015e+06,3.09015e+06
1454,2.1953,7.3081,3.58233e+07,-3.58233e+07,-3.12191e+06,3.12192e+06,3.58233e+07,-3.58233e+07,-3.12191e+06,3.12192e+06
1463,18.35,7.47993,3.69707e+07,-3.69706e+07,-3.0964e+06,3.09641e+06,3.69707e+07,-3.69706e+07,-3.0964e+06,3.09641e+06
1472,12.4154,7.66775,3.80683e+07,-3.80683e+07,-3.01787e+06,3.01787e+06,3.80683e+07,-3.80683e+07,-3.01787e+06,3.01787e+06
1481,16.5295,7.87266,3.9079e+07,-3.9079e+07,-2.89054e+06,2.89055e+06,3.9079e+07,-3.9079e+07,-2.89054e+06,2.89055e+06
1490,14.6158,8.08079,3.99701e+07,-3.99701e+07,-2.71792e+06,2.71793e+06,3.99701e+07,-3.99701e+07,-2.71792e+06,2.71793e+06
1499,-1.3298,8.29492,4.07089e+07,-4.07089e+07,-2.50256e+06,2.50257e+06,4.07089e+07,-4.07089e+07,-2.50256e+06,2.50257e+06
1512,21.9852,6.08102,4.14542e+07,-4.14542e+07,-2.12318e+06,2.12318e+06,4.14542e+07,-4.14542e+07,-2.12318e+06,2.12318e+06
1529,16.3364,6.39523,4.18204e+07,-4.18204e+07,-1.55023e+06,1.55024e+06,4.18204e+07,-4.18204e+07,-1.55023e+06,1.55024e+06
1546,17.2441,6.72,4.14654e+07,-4.14654e+07,-951106,951112,4.14654e+07,-4.14654e+07,-951106,951112
1563,16.8062,7.06099,4.03516e+07,-4.03516e+07,-380350,380357,4.03516e+07,-4.03516e+07,-380350,380357
1580,6.00044,7.40262,3.86054e+07,-3.86054e+07,109950,-109943,3.86054e+07,-3.86054e+07,109950,-109943
1597,23.6655,7.76648,3.6412e+07,-3.6412e+07,471242,-471234,3.6412e+07,-3.6412e+07,471242,-471234
1614,28.6547,8.14545,3.39181e+07,-3.39181e+07,662612,-662603,3.39181e+07,-3.39181e+07,662612,-662603
1631,25.01,8.54801,3.13468e+07,-3.13468e+07,680214,-680206,3.13468e+07,-3.13468e+07,680214,-680206
1648,15.7028,8.94798,2.89325e+07,-2.89325e+07,531242,-531233,2.89325e+07,-2.89325e+07,531242,-531233
1665,25.7318,9.38546,2.68679e+07,-2.68679e+07,221543,-221534,2.68679e+07,-2.68679e+07,221543,-221534
1682,35.6797,9.8304,2.52703e+07,-2.52702e+07,-203223,203232,2.52703e+07,-2.52702e+07,-203223,203232
1699,19.884,10.3022,2.42352e+07,-2.42352e+07,-691149,691159,2.42352e+07,-2.42352e+07,-691149,691159
1716,-2.30435,10.7949,2.38369e+07,-2.38369e+07,-1.19874e+06,1.19875e+06,2.38369e+07,-2.38369e+07,-1.19874e+06,1.19875e+06
1733,10.7442,11.3409,2.39964e+07,-2.39964e+07,-1.67434e+06,1.67436e+06,2.39964e+07,-2.39964e+07,-1.67434e+06,1.67436e+06
1750,37.1788,11.883,2.46149e+07,-2.46148e+07,-2.06723e+06,2.06724e+06,2.46149e+07,-2.46148e+07,-2.06723e+06,2.06724e+06
1767,21.6818,12.4608,2.56028e+07,-2.56028e+07,-2.3369e+06,2.33691e+06,2.56028e+07,-2.56028e+07,-2.3369e+06,2.33691e+06
1784,-18.8184,13.0931,2.67752e+07,-2.67752e+07,-2.47131e+06,2.47133e+06,2.67752e+07,-2.67752e+07,-2.47131e+06,2.47133e+06
1801,23.4248,13.7403,2.79454e+07,-2.79454e+07,-2.46108e+06,2.46109e+06,2.79454e+07,-2.79454e+07,-2.46108e+06,2.46109e+06
1818,18.7414,14.4314,2.8958e+07,-2.8958e+07,-2.30242e+06,2.30243e+06,2.8958e+07,-2.8958e+07,-2.30242e+06,2.30243e+06
1835,16.6022,15.1632,2.96941e+07,-2.96941e+07,-2.03027e+06,2.03029e+06,2.96941e+07,-2.96941e+07,-2.03027e+06,2.03029e+06
1852,-6.23088,15.9019,3.00404e+07,-3.00404e+07,-1.67884e+06,1.67886e+06,3.00404e+07,-3.00404e+07,-1.67884e+06,1.67886e+06
1869,36.2976,16.7017,2.99157e+07,-2.99156e+07,-1.28004e+06,1.28005e+06,2.99157e+07,-2.99156e+07,-1.28004e+06,1.28005e+06
1886,0.555329,17.5873,2.93639e+07,-2.93639e+07,-881308,881326,2.93639e+07,-2.93639e+07,-881308,881326
1903,-18.6965,18.44,2.8422e+07,-2.8422e+07,-528155,528173,2.8422e+07,-2.8422e+07,-528155,528173
1920,26.026,19.3936,2.71424e+07,-2.71423e+07,-255940,255959,2.71424e+07,-2.71423e+07,-255940,255959
1937,20.5827,20.3961,2.56738e+07,-2.56738e+07,-82894.2,82914.6,2.56738e+07,-2.56738e+07,-82894.2,82914.6
1954,-42.7334,21.4188,2.41534e+07,-2.41534e+07,-28333.6,28355,2.41534e+07,-2.41534e+07,-28333.6,28355
1971,51.929,22.4793,2.26987e+07,-2.26987e+07,-99573.1,99595.6,2.26987e+07,-2.26987e+07,-99573.1,99595.6
1988,5.28485,23.6475,2.14245e+07,-2.14245e+07,-273072,273096,2.14245e+07,-2.14245e+07,-273072,273096
