ell,Dl_obs,Dl_te_obs,Dl_ee_obs,Dl_lcdm_tt,residual_lcdm_tt,Dl_lcdm_te,residual_lcdm_te,Dl_lcdm_ee,residual_lcdm_ee,Dl_LambdaCDM_tt,residual_LambdaCDM_tt,Dl_LambdaCDM_te,residual_LambdaCDM_te,Dl_LambdaCDM_ee,residual_LambdaCDM_ee
32,1097.01,1.51224,0.0643557,1174.87,-77.8627,1.78057,-0.268329,0.0267965,0.0375592,1199.07,-102.054,1.74162,-0.229385,0.0261439,0.0382118
37,1180.26,3.11711,0.0649424,1281.6,-101.332,1.65606,1.46105,0.044079,0.0208634,1314.21,-133.944,1.62476,1.49234,0.043073,0.0218694
42,1426.97,0.820244,0.0699042,1396.51,30.4645,1.26966,-0.449418,0.0674328,0.00247135,1438.45,-11.4743,1.22658,-0.406338,0.0660752,0.00382897
47,1364.66,1.07013,0.141281,1517.45,-152.79,0.580035,0.490093,0.0977119,0.0435687,1569.56,-204.9,0.527718,0.54241,0.0959345,0.045346
52,1329.06,1.08312,0.146964,1644.88,-315.818,-0.451467,1.53459,0.135195,0.0117694,1708.11,-379.045,-0.521635,1.60475,0.133048,0.0139159
57,1607.2,-3.82399,0.193005,1778.29,-171.093,-1.82591,-1.99809,0.180174,0.0128308,1853.48,-246.28,-1.91382,-1.91017,0.177764,0.0152402
62,1663.41,-4.29778,0.296409,1918.58,-255.165,-3.562,-0.735777,0.23255,0.0638582,2006.47,-343.054,-3.68582,-0.611956,0.230072,0.0663372
67,1838.4,-2.04066,0.331388,2065.29,-226.884,-5.65593,3.61527,0.291997,0.0393915,2166.66,-328.258,-5.82497,3.7843,0.289741,0.0416466
72,1974.24,-8.54866,0.356963,2218.2,-243.956,-8.07881,-0.469854,0.357817,-0.00085322,2333.75,-359.508,-8.31468,-0.23398,0.356223,0.000740726
77,1765.67,-7.23417,0.448396,2378.81,-613.14,-10.827,3.59286,0.429209,0.0191863,2509.2,-743.535,-11.148,3.91383,0.428809,0.0195864
82,2168.04,-9.89267,0.522364,2546.36,-378.32,-13.8575,3.96481,0.504929,0.0174349,2692.28,-524.239,-14.2874,4.39475,0.506386,0.0159781
87,2330.99,-12.7208,0.489592,2720.67,-389.673,-17.1243,4.40343,0.583609,-0.0940169,2882.74,-551.749,-17.6932,4.97234,0.58771,-0.098118
92,2446.65,-19.2047,0.789127,2900.65,-453.998,-20.5735,1.36879,0.663758,0.125369,3079.43,-632.784,-21.3122,2.10748,0.6714,0.117726
97,2484.46,-19.0476,0.57472,3086.45,-601.989,-24.1515,5.10392,0.743656,-0.168936,3282.55,-798.092,-25.0939,6.04633,0.755835,-0.181115
104,2951.15,-28.1287,0.830793,3356.44,-405.282,-29.2677,1.13897,0.851691,-0.020898,3577.75,-626.593,-30.5581,2.4294,0.871974,-0.041181
113,3221.96,-31.7919,0.924375,3717.97,-496.004,-35.7553,3.96335,0.976918,-0.0525437,3973.2,-751.239,-37.6128,5.82084,1.01078,-0.0864027
122,3382.73,-35.701,1.11192,4090.83,-708.106,-41.7436,6.0426,1.0777,0.0342216,4381.6,-998.87,-44.3122,8.61129,1.12849,-0.0165761
131,3592.1,-41.5613,1.10666,4468.76,-876.664,-46.7976,5.23635,1.14564,-0.038979,4796.68,-1204.58,-50.2224,8.66113,1.21595,-0.109293
140,4229.84,-43.6625,1.09668,4844.91,-615.073,-50.5055,6.84301,1.1751,-0.0784135,5211.58,-981.748,-54.9263,11.2638,1.26635,-0.169663
149,4251.39,-45.0365,1.00578,5212.71,-961.322,-52.5045,7.46793,1.1641,-0.158319,5619.53,-1368.15,-58.0421,13.0056,1.27563,-0.269846
158,4778.71,-49.241,1.07943,5563.71,-784.997,-52.478,3.23701,1.11504,-0.0356098,6011.83,-1233.12,-59.2291,9.9881,1.24382,-0.164394
167,4844.8,-45.9645,0.855441,5890.87,-1046.08,-50.1911,4.22662,1.0351,-0.179657,6381.17,-1536.38,-58.212,12.2475,1.17508,-0.319639
176,5120.63,-43.3901,0.96559,6186.09,-1065.47,-45.4914,2.10126,0.936301,0.0292889,6719.15,-1598.52,-54.7926,11.4025,1.07815,-0.112558
185,5373.97,-30.3906,0.835251,6442.28,-1068.31,-38.3254,7.93474,0.835302,-5.05133e-05,7018.33,-1644.36,-48.8664,18.4758,0.966151,-0.1309
194,5542.7,-18.1436,0.793541,6653.22,-1110.51,-28.7405,10.5969,0.75266,0.0408807,7271.94,-1729.24,-40.4142,22.2706,0.855393,-0.0618519
203,5446.22,-7.21464,0.694054,6813.71,-1367.49,-16.885,9.67041,0.711911,-0.0178572,7474.24,-2028.02,-29.5148,22.3002,0.765043,-0.0709886
212,5636.34,2.53847,0.877642,6918.79,-1282.45,-3.01462,5.55309,0.739546,0.138097,7619.53,-1983.19,-16.3586,18.8971,0.71866,0.158983
221,5816.48,17.9047,0.874199,6966.87,-1150.39,12.5018,5.40287,0.864196,0.0100027,7705.36,-1888.88,-1.25577,19.1605,0.744166,0.130033
230,5684.66,26.6053,1.23818,6956.68,-1272.02,29.225,-2.61974,1.11335,0.124831,7729.52,-2044.86,15.4127,11.1925,0.868528,0.369655
239,5776.16,46.2991,1.78071,6888.31,-1112.15,46.6642,-0.3651,1.51148,0.269235,7691.19,-1915.03,33.2144,13.0847,1.11569,0.665021
248,5435.47,50.6637,2.10983,6763.22,-1327.75,64.2914,-13.6277,2.07857,0.0312648,7590.91,-2155.45,51.6796,-1.01584,1.50513,0.604703
257,5228,71.5358,3.13386,6584.29,-1356.29,81.5585,-10.0227,2.82887,0.304999,7430.69,-2202.69,70.3114,1.22437,2.0512,1.08266
266,5090.29,86.4306,3.86066,6355.96,-1265.67,97.8743,-11.4438,3.77149,0.0891719,7214.26,-2123.97,88.5151,-2.08448,2.76822,1.09245
275,5096.49,106.963,5.31265,6084.84,-988.356,112.67,-5.70713,4.90873,0.403913,6947.66,-1851.17,105.692,1.2711,3.66606,1.64658
284,4546.18,102.707,5.82483,5777.58,-1231.4,125.417,-22.7099,6.23416,-0.409337,6636.95,-2090.76,121.282,-18.5759,4.74593,1.0789
293,4371.25,117.073,8.21385,5441.82,-1070.58,135.661,-18.5883,7.73265,0.4812,6289.19,-1917.95,134.804,-17.7315,6.0003,2.21356
302,3935.72,117.089,9.31107,5085.15,-1149.43,143.017,-25.9278,9.37985,-0.0687828,5911.39,-1975.67,145.841,-28.7512,7.41244,1.89863
311,3649.99,119.046,10.9594,4715.85,-1065.86,147.212,-28.1654,11.1434,-0.184003,5511.59,-1861.6,154.06,-35.0139,8.95815,2.00127
320,3411.94,112.762,12.6384,4342.81,-930.869,148.06,-35.2979,12.9815,-0.343064,5099.16,-1687.22,159.162,-46.4003,10.6047,2.03372
329,3173.93,117.149,15.1816,3974.57,-800.637,145.482,-28.333,14.8464,0.335188,4683.21,-1509.28,160.944,-43.7945,12.3137,2.86782
338,2842.13,105.901,16.0657,3619.06,-776.922,139.507,-33.6061,16.687,-0.62136,4272.24,-1430.11,159.309,-53.4086,14.0435,2.02217
347,2498.24,86.2064,16.2208,3283.42,-785.185,130.282,-44.0753,18.4522,-2.23137,3873.99,-1375.75,154.284,-68.0772,15.752,0.468786
356,2358.31,79.8487,18.6902,2973.52,-615.214,118.022,-38.1729,20.089,-1.39882,3494.91,-1136.6,145.959,-66.11,17.3952,1.29501
365,2186.33,61.0311,18.5056,2695.05,-508.722,103.137,-42.1061,21.547,-3.04135,3141.9,-955.567,134.634,-73.6032,18.9241,-0.418482
374,2038.68,46.4875,21.0827,2452.2,-413.522,86.1055,-39.618,22.7718,-1.68908,2820.69,-782.013,120.683,-74.1959,20.2817,0.801046
383,1891.76,31.557,21.4257,2248.05,-356.292,67.4724,-35.9154,23.7197,-2.29406,2535.93,-644.177,104.548,-72.9911,21.4212,0.00446273
392,1787.59,19.7448,22.3593,2084.56,-296.973,47.7966,-28.0518,24.3557,-1.99645,2291.15,-503.556,86.6832,-66.9385,22.3047,0.0545331
401,1734.58,-0.544681,21.1747,1962.36,-227.776,27.6619,-28.2066,24.6604,-3.48569,2088.5,-353.923,67.569,-68.1137,22.9099,-1.73524
410,1738.05,-21.8916,21.0336,1881.05,-142.998,7.66001,-29.5516,24.621,-3.58735,1929.13,-191.073,47.7255,-69.6171,23.2182,-2.18456
419,1731.61,-35.0666,19.2941,1838.25,-106.645,-11.5562,-23.5104,24.2379,-4.94377,1811.95,-80.3401,27.8264,-62.893,23.2154,-3.92134
428,1770.01,-48.4463,19.1288,1830.98,-60.9721,-29.3777,-19.0686,23.5209,-4.3921,1735.29,34.7239,8.51842,-56.9647,22.8956,-3.7668
437,1770.68,-61.9365,19.3346,1855.31,-84.6281,-45.2822,-16.6543,22.4962,-3.16158,1696.5,74.1734,-9.63881,-52.2977,22.2689,-2.93427
446,1856.79,-62.1436,17.3252,1907.14,-50.3494,-58.8268,-3.31685,21.1984,-3.87326,1692.81,163.975,-26.1649,-35.9787,21.3541,-4.02888
455,2045.9,-74.4981,15.4382,1981.69,64.2118,-69.6668,-4.83125,19.6723,-4.23409,1720.68,325.217,-40.6742,-33.8238,20.1799,-4.74168
464,2224.7,-80.0589,14.5813,2073.42,151.281,-77.5362,-2.52264,17.9764,-3.39505,1775.15,449.55,-52.7953,-27.2636,18.7902,-4.20892
473,2178.24,-75.3658,11.5893,2176.49,1.75097,-82.296,6.93013,16.1843,-4.59501,1850.36,327.883,-62.2281,-13.1377,17.2449,-5.65564
482,2323.36,-71.9894,11.4556,2284.85,38.5072,-83.8884,11.899,14.3699,-2.91428,1940.22,383.138,-68.7524,-3.23708,15.6039,-4.14835
491,2418.7,-71.1199,10.3049,2393.18,25.5206,-82.3699,11.2501,12.607,-2.30212,2039.38,379.321,-72.2617,1.14184,13.9275,-3.62254
500,2447.25,-59.624,8.30294,2496.63,-49.3794,-77.8926,18.2686,10.965,-2.66209,2142.95,304.299,-72.7455,13.1214,12.2709,-3.968
509,2577.77,-47.175,8.22746,2590.71,-12.9377,-70.7137,23.5387,9.51124,-1.28378,2246.2,331.573,-70.303,23.128,10.6914,-2.46394
518,2558.51,-42.4169,7.35097,2671.82,-113.305,-61.2646,18.8477,8.31925,-0.968284,2344.43,214.084,-65.2273,22.8104,9.26594,-1.91497
527,2579.22,-23.0411,6.50428,2736.45,-157.236,-50.0349,26.9938,7.4538,-0.949516,2432.83,146.384,-57.8743,34.8332,8.0662,-1.56192
536,2523.98,-18.6287,6.71246,2782.21,-258.233,-37.5379,18.9092,6.9657,-0.253243,2507.71,16.273,-48.6237,29.995,7.14992,-0.437463
545,2519.15,-1.43395,8.58876,2807.61,-288.458,-24.3102,22.8762,6.89121,1.69755,2566.26,-47.1064,-37.8785,36.4445,6.56028,2.02847
554,2566.59,3.55431,8.51755,2811.85,-245.267,-10.8622,14.4165,7.25085,1.2667,2606.39,-39.8065,-26.018,29.5724,6.32499,2.19256
563,2545.99,11.5793,10.6431,2795.39,-249.391,2.2357,9.3436,8.04985,2.59327,2627.23,-81.2332,-13.5561,25.1354,6.46424,4.17888
572,2409.8,18.6254,11.8913,2759.49,-349.682,14.3642,4.26114,9.27992,2.61137,2628.69,-218.891,-1.1417,19.7671,6.99368,4.89761
581,2410.13,26.5374,15.4975,2705.95,-295.826,24.9885,1.54896,10.9174,4.58003,2611.24,-201.118,10.6557,15.8817,7.91414,7.58331
590,2373.46,26.8724,15.2827,2637.41,-263.95,33.6559,-6.78349,12.9256,2.3571,2576.15,-202.693,21.349,5.5234,9.21327,6.06939
599,2206.46,28.2947,18.225,2556.45,-349.988,39.9956,-11.7009,15.2562,2.96883,2524.67,-318.201,30.5328,-2.23814,10.8674,7.35764
608,2119.7,32.2515,22.1034,2465.84,-346.135,43.7401,-11.4885,17.849,4.25437,2458.32,-338.624,37.8881,-5.63657,12.8398,9.26356
617,2135.45,23.9273,25.8934,2369.39,-233.94,44.7009,-20.7737,20.6211,5.27226,2380.5,-245.044,43.0805,-19.1532,15.0669,10.8265
626,1951.2,10.8452,25.9867,2271.31,-320.117,42.7966,-31.9514,23.4844,2.50226,2295.17,-343.973,45.8494,-35.0041,17.4782,8.50845
635,1938.19,7.54114,30.1719,2175.43,-237.247,38.0353,-30.4941,26.3496,3.82222,2205.98,-267.789,46.0239,-38.4828,20.0021,10.1697
644,1859.9,-5.033,32.9222,2085.15,-225.251,30.5133,-35.5463,29.1307,3.79144,2116.11,-256.21,43.5215,-48.5545,22.5703,10.3519
653,1847.08,-15.3753,32.8238,2003.36,-156.273,20.4143,-35.7896,31.7466,1.07713,2028.27,-181.181,38.347,-53.7223,25.1191,7.70468
662,1848.18,-29.9359,34.7378,1932.75,-84.5707,8.05266,-37.9886,34.1226,0.61515,1945.4,-97.2143,30.6474,-60.5833,27.5811,7.15673
671,1814.96,-56.9826,36.3808,1875.84,-60.8823,-6.11295,-50.8697,36.1754,0.205417,1870.95,-55.9933,20.7319,-77.7145,29.8642,6.51659
680,1760.56,-66.7884,36.6042,1834.53,-73.9708,-21.5894,-45.199,37.8342,-1.23003,1807.85,-47.2868,8.94561,-75.734,31.8878,4.71633
689,1822.41,-80.806,38.1163,1810.07,12.3364,-37.863,-42.9429,39.0404,-0.924002,1758.34,64.0723,-4.34563,-76.4603,33.5832,4.53315
698,1884.92,-94.2074,38.9399,1803.17,81.7444,-54.4474,-39.76,39.7639,-0.823911,1724.13,160.783,-18.8034,-75.404,34.9103,4.02966
707,1891,-99.954,36.5131,1813.82,77.1771,-70.8525,-29.1015,39.9857,-3.47267,1706.25,184.751,-34.0716,-65.8824,35.8385,0.674556
716,1908.77,-113.946,36.4293,1841.04,67.7295,-86.5001,-27.4458,39.7049,-3.27559,1704.82,203.952,-49.5929,-64.353,36.3424,0.0868756
725,1994.29,-122.488,33.4393,1883.18,111.109,-100.794,-21.6943,38.9312,-5.49191,1719.37,274.922,-64.7386,-57.7498,36.4015,-2.96224
734,2050.06,-127.683,32.2593,1938.61,111.444,-113.255,-14.4279,37.6974,-5.43806,1749.43,300.624,-78.9969,-48.6863,36.0181,-3.75881
743,2184.75,-130.614,27.6853,2005.18,179.572,-123.454,-7.15905,36.0429,-8.35757,1794.03,390.725,-91.9054,-38.7081,35.2012,-7.51592
752,2260,-131.217,27.3087,2080.39,179.616,-131.065,-0.1523,34.0214,-6.71273,1851.82,408.182,-103.104,-28.1129,33.9742,-6.66547
761,2344.61,-126.704,24.6929,2161.54,183.069,-135.861,9.15714,31.7004,-7.00744,1921,423.606,-112.289,-14.4149,32.3767,-7.68378
770,2348.38,-117.03,21.1035,2245.36,103.02,-137.669,20.6394,29.174,-8.07052,1998.57,349.814,-119.111,2.0811,30.4815,-9.37805
779,2350.93,-109.053,19.3843,2327.97,22.9565,-136.392,27.3384,26.5386,-7.15429,2080.84,270.095,-123.285,14.2317,28.364,-8.97977
788,2481.01,-104.286,19.3659,2406.69,74.3242,-132.08,27.7943,23.887,-4.52114,2165.32,315.695,-124.676,20.3901,26.0963,-6.73045
797,2466.93,-89.1184,17.3212,2478.24,-11.3048,-124.78,35.6611,21.3049,-3.98371,2248.94,217.989,-123.142,34.0232,23.7431,-6.42187
806,2493.81,-77.0153,16.1542,2540.59,-46.7824,-114.721,37.7052,18.874,-2.71978,2329.83,163.98,-118.727,41.7113,21.3667,-5.21255
815,2552.73,-64.7342,14.1638,2590.94,-38.2156,-102.19,37.4553,16.6821,-2.51832,2404.66,148.063,-111.546,46.8119,19.0545,-4.89067
824,2521.81,-49.9835,12.1229,2627.57,-105.764,-87.6544,37.6709,14.8155,-2.6926,2470.81,50.9942,-101.905,51.9219,16.9035,-4.78066
833,2495.02,-27.9085,11.6282,2648.42,-153.408,-71.5429,43.6344,13.3467,-1.7185,2525.3,-30.2852,-90.0704,62.1618,14.998,-3.36976
842,2505.47,-17.8662,13.3085,2652.55,-147.079,-54.3347,36.4686,12.3308,0.977642,2566.25,-60.7833,-76.3585,58.4923,13.4041,-0.095655
851,2383.14,3.01617,13.0309,2639.41,-256.261,-36.4832,39.4994,11.8001,1.23077,2592.21,-209.061,-61.0612,64.0774,12.1657,0.865246
860,2355.55,13.7369,15.4091,2608.6,-253.053,-18.4422,32.1791,11.7772,3.63182,2601.79,-246.241,-44.5113,58.2482,11.3218,4.0873
869,2237.42,27.841,16.3651,2561.48,-324.068,-0.809817,28.6508,12.2602,4.10488,2595.22,-357.805,-27.3043,55.1453,10.9021,5.46302
878,2168.28,41.3423,17.5279,2498.67,-330.388,15.8815,25.4608,13.2423,4.28565,2571.96,-403.676,-9.99143,51.3338,10.934,6.5939
887,2073.72,49.2007,22.0617,2421.9,-348.185,31.1434,18.0573,14.6891,7.37255,2532.59,-458.865,6.92039,42.2803,11.4176,10.6441
896,1948.82,55.0267,24.2907,2332.41,-383.582,44.5369,10.4898,16.5695,7.72115,2477.16,-528.337,22.9736,32.0531,12.3558,11.9349
905,1843.37,57.821,23.2827,2231.9,-388.527,55.8007,2.02036,18.8297,4.45309,2406.27,-562.905,37.8837,19.9373,13.7287,9.55404
914,1745.6,67.5475,29.1072,2123.06,-377.461,64.6488,2.8987,21.394,7.7132,2321.89,-576.287,51.2576,16.2899,15.4895,13.6177
923,1619.45,56.6996,31.4781,2008.8,-389.343,70.8573,-14.1577,24.1746,7.30352,2226.53,-607.081,62.6921,-5.99249,17.5742,13.9039
932,1562.39,54.4174,35.4116,1891.84,-329.443,74.3146,-19.8972,27.079,8.33258,2122.6,-560.208,71.8938,-17.4764,19.9143,15.4973
941,1437.55,50.1516,37.4935,1774.86,-337.315,74.9862,-24.8345,30.0167,7.4768,2012.42,-574.872,78.6464,-28.4948,22.4432,15.0503
950,1342.39,41.3038,37.058,1660.13,-317.737,72.8839,-31.5801,32.9023,4.15568,1897.89,-555.502,82.7799,-41.4762,25.0994,11.9586
959,1285.75,33.7705,39.3482,1549.74,-263.992,68.1173,-34.3468,35.656,3.69221,1780.96,-495.207,84.2236,-50.4531,27.8211,11.5271
968,1232.84,20.9026,40.3395,1446.09,-213.248,60.9632,-40.0606,38.1864,2.15311,1664.53,-431.687,83.0794,-62.1768,30.5123,9.8272
977,1129.03,9.81707,40.4442,1351.22,-222.19,51.7573,-41.9402,40.4086,0.0356202,1551.37,-422.341,79.5094,-69.6923,33.0774,7.36678
986,1103.57,-0.29649,38.6279,1266.77,-163.2,40.8431,-41.1396,42.2531,-3.62521,1443.83,-340.258,73.6835,-73.98,35.4365,3.19141
995,1087.32,-14.7591,42.2792,1194.02,-106.706,28.5447,-43.3037,43.6642,-1.38503,1343.9,-256.578,65.7523,-80.5114,37.5232,4.75601
1004,1024.83,-37.3546,40.1553,1133.92,-109.097,15.2081,-52.5627,44.598,-4.44267,1253.23,-228.404,55.8909,-93.2455,39.2827,0.872638
1013,1079.48,-45.221,46.1332,1086.65,-7.16594,1.30244,-46.5235,45.0323,1.10086,1172.89,-93.4046,44.4702,-89.6912,40.6709,5.46234
1022,1032.41,-48.6768,42.9829,1052.19,-19.7792,-12.7266,-35.9502,44.9703,-1.98736,1103.91,-71.5064,31.9224,-80.5992,41.6559,1.32704
1031,1040.79,-54.6481,39.2361,1030.07,10.7193,-26.3587,-28.2894,44.4046,-5.16854,1046.91,-6.12364,18.759,-73.407,42.195,-2.95886
1040,1055.91,-59.1628,36.5526,1019.77,36.1341,-39.2353,-19.9275,43.3627,-6.81011,1002.43,53.4778,5.32975,-64.4926,42.2798,-5.72721
1049,1081.98,-73.5188,35.8932,1020.38,61.5977,-50.9644,-22.5544,41.8674,-5.97417,970.617,111.36,-7.98208,-65.5367,41.8978,-6.00453
1058,1129.81,-82.3317,37.0442,1030.99,98.8205,-61.297,-21.0348,39.9524,-2.90819,951.578,178.231,-20.917,-61.4147,41.0479,-4.00369
1067,1122.39,-80.9655,28.6378,1049.8,72.5931,-69.9608,-11.0046,37.7023,-9.06452,944.136,178.256,-33.0844,-47.881,39.7859,-11.1481
1076,1153.29,-78.7501,25.1823,1074.87,78.4162,-76.7323,-2.01788,35.1913,-10.0089,946.845,206.443,-44.1047,-34.6454,38.1588,-12.9764
1085,1217.71,-73.3497,20.9454,1104.31,113.406,-81.4633,8.11361,32.5013,-11.5559,958.296,259.415,-53.6737,-19.6759,36.2216,-15.2762
1094,1216.98,-76.2582,25.9907,1136.32,80.6509,-84.058,7.79975,29.7075,-3.71678,977.207,239.768,-61.5396,-14.7186,34.0224,-8.0317
1103,1211.44,-56.3317,16.4541,1169.39,42.0418,-84.4968,28.1651,26.8818,-10.4277,1002.53,208.906,-67.5267,11.195,31.6064,-15.1523
1112,1213.36,-55.9813,15.7459,1201.91,11.4531,-82.8489,26.8675,24.1011,-8.35527,1032.81,180.556,-71.5425,15.5612,29.0361,-13.2902
1121,1246.29,-48.5737,15.3649,1232.07,14.222,-79.2974,30.7238,21.4571,-6.09215,1065.85,180.437,-73.6002,25.0265,26.4084,-11.0435
1130,1237.54,-42.9851,15.5914,1258.25,-20.7117,-74.0529,31.0678,19.0306,-3.43926,1099.62,137.916,-73.7392,30.7541,23.8112,-8.2198
1139,1215.83,-47.6841,13.6421,1279.2,-63.3689,-67.3523,19.6682,16.8904,-3.24826,1132.43,83.3993,-72.0257,24.3416,21.3198,-7.67767
1148,1212.52,-23.673,13.5995,1293.84,-81.3173,-59.4266,35.7537,15.0887,-1.48913,1162.78,49.7464,-68.5199,44.847,18.9935,-5.39398
1157,1220.58,-15.6744,14.5019,1301.39,-80.8119,-50.5193,34.8449,13.6634,0.838481,1189.42,31.1635,-63.305,47.6307,16.8792,-2.37734
1166,1159.29,-21.3026,9.18108,1301.56,-142.268,-40.9899,19.6874,12.6432,-3.46209,1211.33,-52.0347,-56.6664,35.3638,15.0311,-5.85006
1175,1143.31,-13.603,10.5746,1294.24,-150.933,-31.23,17.627,12.0451,-1.47045,1227.54,-84.2365,-48.9617,35.3587,13.4999,-2.92534
1184,1136.56,-5.79308,12.8028,1279.53,-142.973,-21.5949,15.8019,11.874,0.928857,1237.31,-100.748,-40.5131,34.7201,12.3242,0.478615
1193,1086.25,-2.23866,12.7564,1257.61,-171.36,-12.3982,10.1596,12.1235,0.632966,1239.93,-153.682,-31.6008,29.3621,11.5311,1.22529
1202,1005.41,0.797025,23.1519,1228.84,-223.429,-3.90092,4.69794,12.7777,10.3743,1234.92,-229.515,-22.4527,23.2497,11.1385,12.0134
1211,975.189,6.31648,21.2917,1193.87,-218.683,3.66221,2.65427,13.8041,7.48762,1222.18,-246.996,-13.3166,19.6331,11.146,10.1457
1220,970.73,11.2854,18.0007,1153.97,-183.236,10.0543,1.23112,15.1455,2.85516,1202.44,-231.712,-4.53925,15.8246,11.5255,6.47514
1229,906.514,0.795071,24.1192,1110.39,-203.872,15.0802,-14.2851,16.7389,7.38032,1176.46,-269.943,3.56238,-2.76731,12.2428,11.8764
1238,895.506,-1.70669,26.9876,1064.36,-168.856,18.6063,-20.313,18.5236,8.46395,1144.96,-249.456,10.7326,-12.4393,13.266,13.7215
1247,860.053,6.50815,28.9322,1016.97,-156.915,20.5385,-14.0304,20.4392,8.49296,1108.53,-248.476,16.7554,-10.2473,14.5634,14.3688
1256,805.618,-5.07351,28.2583,969.177,-163.559,20.8321,-25.9056,22.4279,5.8304,1067.66,-262.047,21.4624,-26.536,16.1044,12.1539
1265,777.489,-10.6252,32.123,922.249,-144.76,19.5452,-30.1704,24.4191,7.70391,1023.59,-246.101,24.7686,-35.3938,17.8281,14.2949
1274,770.016,-6.18903,28.0386,877.496,-107.48,16.7975,-22.9865,26.334,1.70466,977.851,-207.835,26.6379,-32.8269,19.6539,8.38472
1283,736.545,-25.4341,25.1459,836.057,-99.5116,12.7308,-38.1648,28.1042,-2.95829,931.821,-195.275,27.0561,-52.4902,21.5115,3.63441
1292,758.18,-27.8221,32.7948,798.836,-40.6561,7.49608,-35.3182,29.6689,3.12593,886.644,-128.463,26.0183,-53.8404,23.3381,9.45676
1301,733.856,-31.3034,32.8301,766.563,-32.7066,1.25005,-32.5534,30.9833,1.84673,843.285,-109.429,23.5252,-54.8285,25.087,7.74312
1310,712.532,-45.6622,32.308,739.74,-27.2074,-5.81778,-39.8444,32.0102,0.297821,802.585,-90.0523,19.6345,-65.2966,26.7126,5.59535
1319,718.903,-45.3274,37.0351,718.666,0.2371,-13.4072,-31.9203,32.7176,4.3175,765.462,-46.5593,14.5844,-59.9118,28.1573,8.87774
1328,723.408,-52.8192,22.7581,703.48,19.9281,-21.2191,-31.6001,33.0878,-10.3297,732.728,-9.32047,8.62426,-61.4435,29.3741,-6.61605
1337,757.937,-50.5695,32.7284,694.176,63.7606,-28.9827,-21.5869,33.1094,-0.380944,705.05,52.8874,1.97533,-52.5449,30.3224,2.40606
1346,737.666,-57.1386,25.6747,690.641,47.0255,-36.4613,-20.6773,32.7796,-7.10489,682.983,54.6836,-5.17553,-51.9631,30.9702,-5.29551
1355,765.134,-65.5484,22.1336,692.648,72.4867,-43.4512,-22.0972,32.1021,-9.96842,666.969,98.1657,-12.6702,-52.8782,31.2921,-9.15845
1364,776.923,-62.1891,20.8649,699.631,77.2917,-49.7506,-12.4385,31.1062,-10.2413,657.004,119.919,-20.2806,-41.9084,31.2886,-10.4237
1373,777.362,-56.4015,13.9711,710.694,66.6674,-55.149,-1.25258,29.8346,-15.8635,652.664,124.698,-27.7084,-28.6932,30.9737,-17.0027
1382,773.981,-47.5995,19.7096,724.944,49.0375,-59.4792,11.8797,28.3332,-8.62354,653.524,120.457,-34.696,-12.9035,30.3649,-10.6553
1391,806.044,-66.4348,18.9034,741.509,64.5348,-62.6085,-3.82637,26.6457,-7.74237,659.185,146.859,-41.0206,-25.4142,29.4773,-10.5739
1400,830.177,-61.3485,26.3292,759.647,70.5303,-64.4537,3.10527,24.8164,1.51277,669.37,160.807,-46.5089,-14.8395,28.3265,-1.99734
1409,822.186,-54.6345,5.1988,778.575,43.6107,-64.9692,10.3347,22.8891,-17.6903,683.673,138.513,-51.0169,-3.61761,26.9322,-21.7334
1418,818.106,-52.4991,20.0139,797.235,20.8705,-64.1846,11.6855,20.9288,-0.914884,701.018,117.088,-54.444,1.9449,25.3523,-5.33836
1427,796.252,-38.2634,20.0412,814.65,-18.3986,-62.1718,23.9083,19.0014,1.03976,720.314,75.9375,-56.7238,18.4604,23.65,-3.60884
1436,803.463,-40.2416,13.1922,829.94,-26.4763,-59.0127,18.7711,17.1637,-3.97145,740.569,62.894,-57.8002,17.5586,21.8794,-8.68719
1445,798.655,-37.8014,10.43,842.349,-43.6946,-54.8003,16.999,15.4633,-5.03336,760.916,37.7386,-57.6276,19.8262,20.0856,-9.65558
1454,773.833,-26.0106,2.1953,851.258,-77.4243,-49.6322,23.6216,13.9388,-11.7435,780.614,-6.78062,-56.1666,30.1559,18.3045,-16.1092
1463,762.183,-21.7373,18.35,856.271,-94.0875,-43.6763,21.939,12.6247,5.7253,798.965,-36.7813,-53.4817,31.7443,16.5802,1.7698
1472,749.532,-9.44394,12.4154,857.045,-107.514,-37.1655,27.7216,11.5528,0.862605,815.106,-65.5748,-49.7411,40.2972,14.9672,-2.55182
1481,738.185,2.7698,16.5295,853.364,-115.179,-30.324,33.0938,10.7465,5.78299,828.292,-90.1064,-45.107,47.8768,13.5124,3.01701
1490,727.424,-4.9052,14.6158,845.148,-117.724,-23.3551,18.4499,10.2209,4.39484,837.91,-110.486,-39.72,34.8148,12.2547,2.36112
1499,701.642,-1.96257,-1.3298,832.338,-130.696,-16.4372,14.4746,9.98375,-11.3135,843.373,-141.731,-33.6964,31.7338,11.2249,-12.5547
1512,655.678,7.47919,21.9852,805.96,-150.283,-6.87008,14.3493,10.1431,11.8421,843.119,-187.442,-24.1286,31.6078,10.1821,11.8031
1529,588.39,9.37829,16.3364,759.79,-171.4,4.03155,5.34674,11.1396,5.19678,828.529,-240.139,-11.1186,20.4969,9.62479,6.71157
1546,547.01,10.0139,17.2441,703.951,-156.941,12.1744,-2.16046,12.8457,4.39835,798.539,-251.529,1.1543,8.8596,9.96573,7.27834
1563,503.657,-0.414165,16.8062,642.039,-138.382,16.9174,-17.3316,15.048,1.75811,753.923,-250.266,11.6219,-12.0361,11.1631,5.64302
1580,468.039,-1.86885,6.00044,578.952,-110.913,18.1133,-19.9821,17.4324,-11.432,698.602,-230.563,19.4679,-21.3367,12.99,-6.9896
1597,429.111,-9.9112,23.6655,519.545,-90.4333,15.9345,-25.8457,19.6832,3.98237,637.365,-208.254,24.0764,-33.9876,15.1762,8.48932
1614,407.925,-9.49197,28.6547,467.363,-59.4377,10.7348,-20.2268,21.5514,7.10331,573.941,-166.016,25.0414,-34.5334,17.5027,11.152
1631,399.577,-25.3687,25.01,425.115,-25.5379,3.4031,-28.7718,22.8254,2.18468,512.894,-113.317,22.6936,-48.0623,19.6834,5.32664
1648,389.097,-22.7408,15.7028,394.556,-5.45962,-5.05848,-17.6823,23.3532,-7.65042,458.536,-69.4394,17.5618,-40.3025,21.4486,-5.74579
1665,391.497,-25.4964,25.7318,376.326,15.1707,-13.7812,-11.7152,23.0694,2.6624,414.083,-22.5867,10.1182,-35.6146,22.6092,3.12254
1682,385.396,-29.9275,35.6797,369.087,16.3092,-21.7657,-8.16173,22.0317,13.648,380.876,4.5197,1.40468,-31.3321,23.0693,12.6104
1699,400.368,-26.1074,19.884,370.854,29.5135,-28.161,2.05366,20.3566,-0.472652,359.644,40.7237,-7.52992,-18.5774,22.7807,-2.89669
1716,393.039,-22.1731,-2.30435,379.456,13.5825,-32.4038,10.2307,18.1826,-20.487,350.642,42.397,-15.8662,-6.30695,21.7307,-24.035
1733,407.61,-28.2166,10.7442,391.465,16.1454,-34.252,6.03548,15.7551,-5.01099,351.501,56.1091,-22.8286,-5.38796,20.0785,-9.33432
1750,377.716,-22.2324,37.1788,403.623,-25.9078,-33.6571,11.4247,13.3116,23.8672,359.618,18.0978,-27.7522,5.51981,17.9946,19.1842
1767,379.019,-13.1588,21.6818,413.373,-34.3533,-30.7721,17.6134,11.0457,10.6361,372.711,6.30804,-30.1987,17.0399,15.6297,6.05219
1784,377.36,-11.8144,-18.8184,418.497,-41.1372,-26.1788,14.3643,9.15255,-27.9709,387.351,-9.99187,-30.2565,18.442,13.231,-32.0494
1801,358.796,-8.0874,23.4248,417.39,-58.5944,-20.496,12.4086,7.77798,15.6468,400.345,-41.5491,-28.0761,19.9887,11.0207,12.4041
1818,342.446,-0.976027,18.7414,409.296,-66.8502,-14.3166,13.3405,6.99637,11.745,409.236,-66.7901,-23.8834,22.9073,9.1616,9.5798
1835,313.006,-4.91613,16.6022,394.81,-81.804,-8.40295,3.48682,6.7972,9.80496,412.548,-99.5424,-18.4138,13.4977,7.77349,8.82868
1852,305.378,1.81527,-6.23088,374.859,-69.4803,-3.38909,5.20436,7.13536,-13.3662,409.059,-103.681,-12.3459,14.1612,6.95019,-13.1811
1869,276.147,-4.78882,36.2976,350.678,-74.5317,0.283575,-5.07239,7.92256,28.375,398.154,-122.008,-6.2587,1.46988,6.72849,29.5691
1886,265.911,1.66045,0.555329,324.584,-58.6727,2.35223,-0.691778,8.9871,-8.43178,381.143,-115.232,-0.815145,2.4756,7.02245,-6.46712
1903,249.92,-11.107,-18.6965,298.626,-48.7063,2.68638,-13.7934,10.1679,-28.8644,359.223,-109.303,3.40806,-14.5151,7.74978,-26.4463
1920,257.96,-8.76494,26.026,274.519,-16.5589,1.34908,-10.114,11.3167,14.7093,333.725,-75.7652,6.03455,-14.7995,8.80961,17.2164
1937,245.342,-13.224,20.5827,253.942,-8.60014,-1.29593,-11.928,12.2722,8.31044,307.085,-61.7427,7.00472,-20.2287,10.0133,10.5694
1954,231.313,-5.86213,-42.7334,238.124,-6.81095,-4.87782,-0.984309,12.9121,-55.6455,281.449,-50.1364,6.26918,-12.1313,11.1998,-53.9332
1971,229.279,-28.0519,51.929,227.607,1.67126,-8.977,-19.0749,13.1634,38.7656,258.505,-29.2262,3.93956,-31.9915,12.2364,39.6926
1988,225.825,-27.8392,5.28485,222.138,3.68692,-13.0261,-14.8131,13.0075,-7.72268,239.588,-13.7632,0.502274,-28.3415,13.0014,-7.7166
2005,240.086,,,221.284,18.802,-16.5629,,12.4512,,225.91,14.176,-3.63242,,13.3935,
2030,233.983,,,226.298,7.68404,-20.121,,11.0297,,215.983,17.9995,-10.059,,13.2151,
2063,216.247,,,237.038,-20.7915,-20.8037,,8.58659,,218.518,-2.27123,-16.7261,,11.7508,
2096,204.908,,,243.489,-38.5806,-17.0899,,6.25173,,231.699,-26.7902,-19.2817,,9.38187,
2129,200.092,,,238.353,-38.2606,-10.6126,,4.73962,,244.511,-44.4183,-16.9427,,6.92922,
2162,168.762,,,220.179,-51.4173,-3.94604,,4.35295,,247.737,-78.9754,-11.0378,,5.1535,
2195,140.144,,,192.439,-52.2947,0.718599,,4.95008,,236.765,-96.6207,-3.79111,,4.47278,
2228,129.223,,,161.952,-32.7291,2.08905,,6.0532,,212.514,-83.2904,2.16423,,4.89948,
2261,118.304,,,135.865,-17.5604,0.355125,,7.04536,,181.125,-62.8206,5.09244,,6.00035,
2294,118.51,,,118.71,-0.200095,-3.29454,,7.46025,,150.011,-31.5015,4.45055,,7.20713,
2327,115.407,,,111.588,3.81911,-7.10736,,7.08561,,126.258,-10.8505,1.01849,,7.93854,
2360,114.999,,,111.717,3.28169,-9.56374,,6.05876,,113.044,1.9551,-3.49884,,7.89377,
2393,126.918,,,114.7,12.218,-9.89755,,4.71628,,110.088,16.8298,-7.35874,,7.05695,
2426,90.007,,,115.839,-25.8317,-8.21877,,3.48558,,113.516,-23.509,-9.19077,,5.71228,
2459,83.9457,,,112.341,-28.3948,-5.4318,,2.68798,,118.126,-34.1801,-8.67265,,4.29288,
2492,78.7067,,,103.733,-25.026,-2.64829,,2.44925,,119.398,-40.691,-6.24414,,3.19316,
