Name,zcmb,mu_obs,e_mu_obs,mu_model_lcdm,residual_lcdm,mu_model_Fixed-Size_Filament_Contraction_Model_(USMF)_Version_5,residual_Fixed-Size_Filament_Contraction_Model_(USMF)_Version_5
sn1999ac,0.01006,33.326159,0.174566,33.4027,-0.076541399,33.413529,-0.087370181
sn2004s,0.010291,33.372062,0.173593,33.452391,-0.080329448,33.463182,-0.091120299
sn1997do,0.01055,33.493014,0.17309,33.506806,-0.013792233,33.517555,-0.024540643
sn2002dp,0.010888,33.645204,0.169021,33.575859,0.06934453,33.586552,0.05865137
sn2006bh,0.011184,33.669922,0.166533,33.634607,0.035315186,33.645252,0.024670283
sn2005al,0.012317,34.294158,0.16145,33.846069,0.44808842,33.85653,0.43762714
sn2001ep,0.013324,33.906604,0.158624,34.018424,-0.11181998,34.028724,-0.12211952
sn1999dq,0.013533,33.720058,0.158393,34.052575,-0.33251731,34.062841,-0.34278345
sn2002ha,0.013652,34.091038,0.157774,34.071788,0.019250356,34.082035,0.0090032066
sn2001bt,0.014151,33.956815,0.157186,34.150586,-0.19377092,34.160754,-0.20393864
sn1997e,0.014256,34.107223,0.1564,34.166817,-0.059594087,34.176968,-0.06974514
sn1992al,0.014411,34.087975,0.156643,34.190561,-0.10258583,34.200687,-0.1127123
sn1999dk,0.01444,33.987297,0.157099,34.194975,-0.20767794,34.205097,-0.21779982
sn2005bo,0.014467,34.138903,0.154784,34.199077,-0.06017429,34.209195,-0.070291889
sn2001fe,0.014575,34.270406,0.155333,34.21541,0.05499592,34.225511,0.044895422
sn2006n,0.0147,34.33758,0.155008,34.234166,0.10341468,34.244246,0.093333954
sn2005kc,0.01496,34.231351,0.153548,34.272676,-0.041324686,34.282716,-0.051364348
sn2005el,0.015154,34.357711,0.153758,34.300982,0.05672869,34.310991,0.046719608
sn2004eo,0.015469,34.072352,0.153515,34.346189,-0.27383704,34.356149,-0.28379657
sn2001en,0.015482,34.246778,0.154168,34.348035,-0.10125672,34.357993,-0.11121422
sn2001cn,0.015487,34.107353,0.153742,34.348745,-0.24139196,34.358701,-0.25134867
sn2001bf,0.015504,34.190252,0.153374,34.351156,-0.16090354,34.36111,-0.17085758
sn2001cz,0.015554,34.244148,0.153417,34.358232,-0.11408375,34.368178,-0.12402993
sn1999aa,0.015573,34.45074,0.153276,34.360915,0.089825117,34.370858,0.07988191
sn1994s,0.015664,34.311808,0.154751,34.37372,-0.061912316,34.383649,-0.071841247
sn2004ey,0.015678,34.409554,0.151905,34.375684,0.033870427,34.385611,0.023943691
sn2001v,0.015791,34.104592,0.152742,34.39147,-0.28687792,34.401379,-0.29678695
sn2006td,0.015999,34.554597,0.153171,34.420236,0.13436043,34.430113,0.12448396
sn1996bv,0.016966,34.25655,0.153258,34.5493,-0.29274936,34.559026,-0.30247523
sn2006ax,0.017387,34.645289,0.148936,34.603235,0.042054344,34.612895,0.032393651
sn1998v,0.01745,34.396806,0.150702,34.611195,-0.21438915,34.620846,-0.22404011
sn2000dk,0.017483,34.451815,0.150122,34.615353,-0.16353763,34.624999,-0.17318349
sn1998ef,0.017672,34.225012,0.150611,34.63902,-0.414008,34.648636,-0.4236247
sn2007ci,0.018599,34.728819,0.149282,34.751598,-0.022779113,34.761073,-0.032253465
sn1992bo,0.018902,34.934901,0.149087,34.787198,0.14770294,34.796626,0.13827487
sn2002kf,0.019581,34.993089,0.147459,34.864974,0.12811478,34.874299,0.11878999
sn2006ej,0.02039,34.999875,0.147727,34.954243,0.045632739,34.963445,0.03643023
sn2005ki,0.020396,34.947831,0.145393,34.954892,-0.0070603475,34.964093,-0.016261953
sn1992bc,0.020792,34.860895,0.14683,34.997312,-0.13641621,35.006454,-0.14555828
sn2003w,0.020997,34.869301,0.145587,35.01896,-0.14965878,35.028071,-0.1587701
sn2002jy,0.021541,35.292985,0.145405,35.075414,0.21757123,35.084444,0.20854123
sn2007bc,0.021706,35.074451,0.146331,35.09226,-0.017808659,35.101265,-0.026814077
sn2006bq,0.021956,35.14196,0.145024,35.117545,0.024414862,35.126513,0.015446631
sn2008bf,0.022068,35.197767,0.144685,35.128781,0.068986032,35.137733,0.060034435
sn1995ak,0.022399,34.937705,0.149213,35.161663,-0.22395778,35.170565,-0.23286031
sn2006et,0.022466,35.024709,0.145994,35.16826,-0.14355179,35.177153,-0.15244441
sn2006mp,0.022629,35.41183,0.145184,35.184231,0.22759873,35.193099,0.21873021
sn2006ar,0.02298,35.353004,0.145076,35.218241,0.13476327,35.227057,0.12594652
sn2006cp,0.023321,35.074581,0.144025,35.250796,-0.17621453,35.259562,-0.18498113
sn2000ca,0.02336,35.249377,0.144317,35.254489,-0.0051125779,35.26325,-0.013873453
sn2006ac,0.023471,35.263038,0.143695,35.264968,-0.001929873,35.273713,-0.010674462
sn2000cn,0.023552,35.232154,0.144309,35.272584,-0.040430415,35.281317,-0.04916313
sn2007f,0.02381,35.453902,0.144315,35.296673,0.1572294,35.305368,0.14853445
sn2007qe,0.023867,35.312976,0.14435,35.30196,0.011015889,35.310647,0.0023292715
sn1993h,0.023909,35.350353,0.145547,35.305848,0.044504695,35.314529,0.035824215
sn2006sr,0.024159,35.27495,0.14338,35.328853,-0.053903023,35.337497,-0.062547021
sn2005bg,0.024586,35.322909,0.142334,35.367609,-0.044700131,35.376191,-0.053282003
sn2002he,0.024725,35.445406,0.145176,35.380083,0.065323387,35.388645,0.056761688
sn2002bf,0.024746,35.070075,0.147523,35.381961,-0.31188676,35.39052,-0.32044541
sn1994m,0.024951,35.222116,0.145319,35.400218,-0.17810209,35.408747,-0.18663104
sn1992ag,0.025198,35.242843,0.148276,35.42202,-0.17917626,35.430513,-0.18766949
sn2007cq,0.025468,35.194232,0.143429,35.445613,-0.2513811,35.454067,-0.25983537
sn2005ms,0.026567,35.627234,0.142099,35.539179,0.088054668,35.547476,0.079757996
sn1999gp,0.026677,35.602201,0.142999,35.548334,0.05386701,35.556615,0.045586028
sn2005na,0.026881,35.524407,0.141195,35.565215,-0.040808256,35.573467,-0.049060178
sn2007co,0.027064,35.45832,0.141685,35.580252,-0.12193143,35.588478,-0.13015733
sn2004gs,0.027499,35.806141,0.140928,35.615598,0.19054232,35.623763,0.18237811
sn1992p,0.027637,35.761539,0.144083,35.626697,0.13484133,35.634842,0.12669664
sn1998ab,0.027688,35.240115,0.143171,35.630786,-0.39067071,35.638923,-0.39880819
sn2002de,0.027748,35.731784,0.141846,35.635586,0.096198335,35.643715,0.088069332
sn2003u,0.028561,35.591369,0.14269,35.699642,-0.10827328,35.707657,-0.11628787
sn2005eq,0.029086,35.858819,0.141059,35.740065,0.11875448,35.748006,0.11081332
sn2006qo,0.029526,35.686443,0.142005,35.773396,-0.086953405,35.781276,-0.094833276
sn1990o,0.030325,35.747254,0.143169,35.832698,-0.085444743,35.840468,-0.09321394
sn2001ba,0.030381,35.918942,0.142175,35.836797,0.082144646,35.844559,0.074383176
sn2003ch,0.030416,35.941299,0.140939,35.839355,0.10194401,35.847112,0.094187366
sn1997dg,0.030482,36.197901,0.1417,35.844171,0.35373012,35.851919,0.34598258
sn1996c,0.030721,35.839872,0.142617,35.861525,-0.021653576,35.86924,-0.029368214
sn2006bt,0.031484,36.053917,0.140272,35.916058,0.13785931,35.923668,0.13024925
sn2006az,0.031485,35.938196,0.140346,35.916128,0.022067087,35.923738,0.014457162
sn2007bd,0.031638,35.835702,0.14121,35.926908,-0.091205933,35.934497,-0.098794974
sn1999cc,0.031764,35.884859,0.140686,35.935746,-0.050886771,35.943318,-0.058458636
sn2004as,0.032538,36.129874,0.14043,35.989301,0.14057387,35.996767,0.13310709
sn2004l,0.033173,35.996675,0.143111,36.032316,-0.035641158,36.039697,-0.043022271
sn2006s,0.033255,36.21217,0.139885,36.037812,0.17435815,36.045182,0.16698806
sn2006gr,0.033614,36.162256,0.139809,36.061719,0.10053682,36.069041,0.09321491
sn2005iq,0.034074,36.263162,0.138969,36.09199,0.17117187,36.09925,0.16391146
sn2005eu,0.034781,36.150741,0.141596,36.137746,0.012994982,36.144913,0.0058286008
sn1996bl,0.034854,35.992803,0.141007,36.142419,-0.14961574,36.149576,-0.15677245
sn2003iv,0.034971,36.260244,0.140126,36.149888,0.11035611,36.15703,0.1032149
sn1992bg,0.035218,36.134253,0.14465,36.165577,-0.031323969,36.172686,-0.038432536
sn2002hd,0.035755,35.942565,0.142258,36.199319,-0.2567539,36.206356,-0.26379174
SDSS17784,0.03652,36.331548,0.115396,36.246543,0.085005903,36.25348,0.078068222
sn2000cf,0.036934,36.375857,0.140956,36.271698,0.10415852,36.278582,0.097274752
sn2006nz,0.03695,36.320147,0.114021,36.272665,0.047481576,36.279547,0.040599884
sn2006mo,0.036969,36.387901,0.141722,36.273813,0.11408838,36.280692,0.10720916
sn2001eh,0.037075,36.277857,0.139296,36.280203,-0.0023460605,36.287069,-0.0092115182
sn2002hu,0.038086,36.296658,0.138952,36.340278,-0.043620585,36.347013,-0.050355427
sn1999aw,0.039083,36.509804,0.139901,36.39802,0.11178396,36.404627,0.10517673
sn2003fa,0.039219,36.406044,0.138984,36.405785,0.00025961795,36.412375,-0.0063302934
sn2001az,0.040259,36.605765,0.142119,36.464313,0.14145141,36.470771,0.13499319
sn2005lz,0.040689,36.527676,0.139014,36.488084,0.039592066,36.494488,0.033187927
sn1992bh,0.041657,36.777361,0.141016,36.540714,0.23664681,36.546997,0.23036361
sn1992bl,0.0424,36.547697,0.142756,36.580311,-0.032614096,36.586503,-0.038805209
SDSS10805,0.04413,36.522649,0.11486,36.669959,-0.14731004,36.675938,-0.15328923
SDSS14279,0.04428,36.542955,0.113705,36.677571,-0.13461582,36.683532,-0.1405768
sn2005hc,0.04492,36.813793,0.111373,36.709768,0.10402451,36.715652,0.098140932
sn2004gu,0.046856,36.696633,0.137271,36.804525,-0.10789197,36.810178,-0.11354425
sn1995ac,0.048984,36.599681,0.139079,36.904401,-0.30472071,36.909804,-0.31012369
sn1993ag,0.049325,36.840252,0.140167,36.920014,-0.079762708,36.925378,-0.085126224
sn1990af,0.049519,36.896049,0.139446,36.92885,-0.032801702,36.934191,-0.03814282
sn1993o,0.053126,37.097132,0.139575,37.087314,0.0098188172,37.092246,0.004886456
sn1998dx,0.05386,37.0011,0.140685,37.118284,-0.11718401,37.123135,-0.12203497
sn1999ao,0.054931,37.291241,0.143919,37.162751,0.12849018,37.167484,0.12375695
SDSS19968,0.05499,37.155275,0.112893,37.165176,-0.0099011105,37.169903,-0.014627892
SDSS6558,0.05634,37.255335,0.112867,37.219994,0.035341114,37.224574,0.030760846
SDSS14318,0.05654,37.11319,0.122398,37.228008,-0.11481736,37.232566,-0.11937609
SDSS17745,0.05874,37.467552,0.114585,37.314397,0.15315564,37.318722,0.14883095
sn2006ob,0.059289,37.302212,0.111086,37.335469,-0.033257509,37.339736,-0.037524604
sn2006oa,0.060959,37.39072,0.11093,37.398434,-0.0077139958,37.402528,-0.011807882
SDSS3901,0.062818,37.378504,0.112357,37.466604,-0.088099621,37.470509,-0.092004178
sn2007ae,0.062961,37.387267,0.140212,37.471767,-0.084500355,37.475658,-0.0883905
sn1992bs,0.063345,37.666991,0.141293,37.485577,0.18141428,37.489429,0.17756274
SDSS10028,0.064229,37.448507,0.112975,37.517065,-0.068557611,37.520828,-0.072320894
sn2006an,0.065193,37.623736,0.139912,37.550932,0.072803862,37.5546,0.069135902
SDSS6057,0.06651,37.545335,0.112612,37.596432,-0.051097206,37.599971,-0.054636497
sn2006al,0.069122,37.86837,0.145157,37.684174,0.18419666,37.687463,0.18090728
sn2006on,0.069751,37.544255,0.111409,37.704828,-0.16057271,37.708058,-0.16380295
sn1993b,0.070153,37.633652,0.146379,37.717935,-0.08428396,37.721128,-0.087476614
SDSS17240,0.07153,37.643365,0.157968,37.762295,-0.11893036,37.76536,-0.1219955
SDSS17880,0.07195,37.593299,0.112772,37.775663,-0.18236359,37.778689,-0.18539022
sn1992ae,0.074579,37.735149,0.141947,37.857682,-0.12253265,37.860471,-0.12532221
sn2005ir,0.07487,37.849941,0.110074,37.86659,-0.016649127,37.869354,-0.019412862
SDSS19155,0.07592,38.018827,0.112389,37.898461,0.12036684,37.901132,0.11769558
sn1999bp,0.078317,37.975452,0.138307,37.969669,0.0057831365,37.972133,0.0033189295
SDSS17186,0.07849,38.285205,0.113854,37.974728,0.31047749,37.977177,0.30802801
sn1992bp,0.07884,37.792706,0.138584,37.98493,-0.19222404,37.987349,-0.19464381
SDSS12779,0.07891,38.072741,0.117766,37.986965,0.085775878,37.989379,0.083362034
SDSS12898,0.07997,38.092961,0.112109,38.017575,0.075386,38.0199,0.073061337
sn2005ag,0.080103,37.91689,0.136253,38.021389,-0.10449911,38.023702,-0.10681266
SDSS12950,0.08133,38.185733,0.111814,38.056288,0.129445,38.0585,0.12723318
SDSS12781,0.08304,38.317541,0.115125,38.104098,0.21344238,38.106171,0.21136995
SDSS722,0.08522,38.220612,0.128423,38.16371,0.056902156,38.165609,0.055003424
SDSS3592,0.08528,38.178483,0.111932,38.16533,0.01315266,38.167224,0.011258646
SDSS21502,0.08784,38.239802,0.112907,38.233466,0.0063362029,38.235162,0.004640378
SDSS1241,0.08889,38.186699,0.11251,38.260868,-0.074169339,38.262485,-0.075785621
SDSS19899,0.09007,38.270945,0.111899,38.2913,-0.020355011,38.292828,-0.021883101
SDSS17258,0.0901,38.078707,0.124187,38.292068,-0.21336171,38.293594,-0.21488757
SDSS774,0.09243,38.409607,0.122156,38.351045,0.058562603,38.3524,0.057207117
SDSS18241,0.09391,38.584293,0.11374,38.387779,0.19651381,38.389029,0.19526403
SDSS2102,0.09401,38.461071,0.112725,38.390241,0.070829676,38.391484,0.06958696
SDSS16185,0.09582,38.533308,0.112716,38.434385,0.098923226,38.435501,0.097806977
SDSS13038,0.10264,38.777015,0.113322,38.593923,0.18309279,38.594588,0.1824275
SDSS10434,0.10289,38.727198,0.114221,38.599579,0.12761971,38.600228,0.1269702
SDSS13135,0.10337,38.651728,0.111598,38.610402,0.041325979,38.611021,0.04070661
SDSS20064,0.10391,38.506897,0.112416,38.622521,-0.11562471,38.623107,-0.1162104
SDSS14816,0.10589,38.51032,0.112285,38.666458,-0.15613747,38.666922,-0.15660175
SDSS18697,0.10602,38.638175,0.111682,38.669316,-0.031140613,38.669772,-0.031597032
SDSS20625,0.10667,38.779541,0.112607,38.683554,0.095987197,38.683971,0.095569858
SDSS18375,0.10725,38.455458,0.111743,38.69619,-0.24073269,38.696573,-0.24111545
SDSS21034,0.10751,38.794085,0.112402,38.701834,0.092251332,38.702201,0.091883982
SDSS7147,0.10924,38.800044,0.112096,38.739062,0.060981639,38.739328,0.060715426
SDSS18650,0.11271,38.964234,0.112009,38.81209,0.15214363,38.812161,0.152073
SDSS11067,0.11304,38.881139,0.112246,38.818925,0.062214074,38.818977,0.062161537
SDSS18612,0.11368,38.685221,0.111953,38.832126,-0.14690529,38.832144,-0.14692297
SDSS16641,0.11389,39.043562,0.113093,38.836443,0.20711925,38.836449,0.20711293
SDSS16619,0.11402,38.712592,0.11346,38.839111,-0.12651985,38.839111,-0.12651914
SDSS5395,0.11635,38.978748,0.111949,38.886459,0.092288343,38.886335,0.09241261
SDSS8719,0.11651,38.922422,0.113022,38.889678,0.032744408,38.889545,0.032877005
SDSS2561,0.11741,38.950183,0.112518,38.907705,0.042477949,38.907526,0.042657032
SDSS19953,0.11767,38.990858,0.111671,38.912889,0.077968782,38.912697,0.078161179
SDSS16259,0.11771,38.891708,0.113079,38.913686,-0.021978239,38.913491,-0.021783799
SDSS1371,0.11771,38.777081,0.11196,38.913686,-0.1366053,38.913491,-0.13641086
SDSS14871,0.11845,39.061558,0.111824,38.928377,0.13318124,38.928145,0.13341326
SDSS18298,0.11863,38.669532,0.127194,38.931937,-0.26240455,38.931696,-0.26216344
SDSS13894,0.11966,39.209273,0.113363,38.952213,0.25705917,38.951921,0.25735175
SDSS13044,0.11967,39.087358,0.112171,38.95241,0.13494803,38.952116,0.13524111
SDSS5549,0.11967,38.967698,0.111976,38.95241,0.015288615,38.952116,0.01558169
SDSS12860,0.12044,39.030567,0.113463,38.96746,0.063106799,38.967129,0.063437823
SDSS19543,0.12164,39.196958,0.112462,38.990736,0.20622231,38.990347,0.20661158
SDSS18835,0.12262,38.956586,0.11183,39.009586,-0.053000293,39.00915,-0.052564248
SDSS16021,0.12276,38.987525,0.112478,39.012267,-0.024741932,39.011824,-0.024299264
SDSS21669,0.12281,38.913864,0.129766,39.013224,-0.099360224,39.012779,-0.098915195
SDSS2916,0.12303,38.972486,0.119632,39.01743,-0.044944588,39.016975,-0.044489189
SDSS6406,0.12376,38.936366,0.111795,39.031336,-0.094970404,39.030847,-0.094480853
SDSS20470,0.1244,39.208689,0.113068,39.043465,0.16522438,39.042946,0.16574355
06D2fb,0.125298,39.06277,0.085713,39.060385,0.0023844438,39.059825,0.0029446592
SDSS13005,0.12593,39.181814,0.157613,39.072225,0.10958835,39.071637,0.1101771
SDSS2992,0.12608,38.877179,0.113495,39.075027,-0.19784781,39.074432,-0.19725233
SDSS744,0.12649,39.083386,0.118731,39.08267,0.00071604061,39.082056,0.0013298314
SDSS18855,0.12715,39.121925,0.111895,39.094925,0.027000264,39.094282,0.027643274
SDSS16069,0.12739,39.041874,0.113191,39.099366,-0.057492358,39.098713,-0.0568388
SDSS18809,0.12837,39.121917,0.112485,39.117421,0.0044957124,39.116725,0.0051919067
SDSS22075,0.12893,39.091935,0.113756,39.127681,-0.035746126,39.126961,-0.035025878
SDSS1032,0.12903,39.12637,0.115931,39.129509,-0.0031385469,39.128784,-0.0024140268
SDSS5751,0.12953,39.057113,0.112137,39.138627,-0.081514191,39.137881,-0.080768419
SDSS20084,0.12961,39.391752,0.113865,39.140083,0.25166953,39.139334,0.25241868
SDSS18415,0.12961,39.207549,0.113841,39.140083,0.067466146,39.139334,0.068215302
SDSS17280,0.13045,39.449672,0.147057,39.155319,0.29435248,39.154535,0.29513689
SDSS14108,0.13243,39.484723,0.112393,39.190874,0.29384868,39.190009,0.29471422
SDSS18602,0.13362,39.326815,0.113865,39.212005,0.11481022,39.211092,0.1157232
SDSS15508,0.13392,39.215092,0.111798,39.217304,-0.0022125813,39.21638,-0.0012877975
SDSS15234,0.13508,39.491549,0.113196,39.237691,0.25385792,39.236721,0.25482777
SDSS17629,0.13588,39.123799,0.113673,39.251656,-0.12785727,39.250656,-0.12685689
SDSS19775,0.13668,39.246318,0.113428,39.265545,-0.019227211,39.264514,-0.018196731
SDSS17366,0.13811,39.230733,0.112284,39.290183,-0.059449877,39.289099,-0.058366673
SDSS15171,0.13818,39.297665,0.11186,39.291382,0.006282194,39.290297,0.007367944
SDSS17208,0.13864,39.611275,0.119461,39.299254,0.3120209,39.298151,0.3131233
SDSS12928,0.13868,39.317355,0.116765,39.299937,0.017417841,39.298833,0.018521678
SDSS1794,0.14139,39.449513,0.113002,39.345808,0.10370485,39.344609,0.10490382
SDSS14437,0.14265,39.385841,0.112226,39.366857,0.018984129,39.365615,0.020225679
SDSS2635,0.1431,39.388173,0.112072,39.374333,0.013840156,39.373076,0.015096663
SDSS13796,0.1436,39.307355,0.111766,39.382613,-0.075258382,39.38134,-0.07398541
SDSS17497,0.14382,39.356151,0.111949,39.386248,-0.030096845,39.384968,-0.02881668
SDSS8921,0.14401,39.387021,0.114616,39.389383,-0.0023622904,39.388097,-0.0010759385
SDSS16073,0.14468,39.679811,0.112388,39.400408,0.27940343,39.3991,0.28071141
SDSS14024,0.14478,39.380007,0.114439,39.402049,-0.022042716,39.400738,-0.020731528
SDSS17605,0.14533,39.41477,0.119235,39.411058,0.0037118068,39.409729,0.0050405017
SDSS11300,0.14547,39.125438,0.113737,39.413346,-0.28790854,39.412013,-0.28657542
SDSS21062,0.14564,39.731821,0.114307,39.416122,0.31569942,39.414783,0.3170379
SDSS19940,0.14582,39.261311,0.112189,39.419058,-0.15774645,39.417713,-0.15640232
SDSS12930,0.14607,39.559066,0.117074,39.423129,0.13593708,39.421777,0.13728903
SDSS2308,0.148,39.554178,0.111944,39.454346,0.099831883,39.452935,0.10124283
SDSS21510,0.14839,39.404046,0.11378,39.460608,-0.05656273,39.459186,-0.055140141
SDSS16116,0.1486,39.644156,0.112448,39.463974,0.18018245,39.462545,0.18161127
SDSS13736,0.14901,39.511831,0.112283,39.470532,0.041299166,39.469091,0.042740061
SDSS16206,0.15065,39.371489,0.113842,39.496598,-0.12510894,39.49511,-0.12362077
SDSS2031,0.15186,39.453621,0.112035,39.515661,-0.062039722,39.514139,-0.060517735
SDSS15132,0.15295,39.624165,0.111718,39.532713,0.09145249,39.531161,0.093004177
SDSS19353,0.15322,39.521424,0.113617,39.536919,-0.015495538,39.53536,-0.013936606
SDSS18323,0.15363,39.69794,0.115274,39.543294,0.15464585,39.541724,0.1562157
SDSS17253,0.15463,39.621754,0.1715,39.558775,0.062979294,39.557179,0.06457535
SDSS5550,0.15473,39.583086,0.111655,39.560318,0.022768163,39.558719,0.024366808
SDSS18030,0.15506,39.762277,0.118308,39.565403,0.19687357,39.563796,0.19848071
SDSS18740,0.15575,39.392103,0.111931,39.576004,-0.18390055,39.574379,-0.18227585
SDSS16165,0.15596,39.593466,0.112725,39.579222,0.014244258,39.577592,0.015874244
SDSS13354,0.15653,39.470949,0.113012,39.587935,-0.11698629,39.586291,-0.11534208
SDSS17171,0.15895,39.623116,0.145393,39.624604,-0.0014871546,39.622901,0.00021530613
SDSS15425,0.15935,39.362701,0.111983,39.630615,-0.26791308,39.628903,-0.26620132
SDSS17825,0.15999,39.670906,0.113136,39.640203,0.030702921,39.638477,0.032429373
SDSS3317,0.15999,39.513772,0.113095,39.640203,-0.1264315,39.638477,-0.12470505
SDSS2689,0.16035,39.498811,0.114045,39.645581,-0.14676971,39.643846,-0.1450351
SDSS5103,0.1605,39.577501,0.113217,39.647819,-0.070317827,39.646081,-0.068579838
SDSS13411,0.1618,39.817103,0.120879,39.667129,0.14997313,39.665363,0.15173986
SDSS20430,0.16284,39.809749,0.114429,39.682475,0.12727414,39.680686,0.12906317
SDSS19174,0.16357,39.537404,0.114386,39.693192,-0.15578827,39.691388,-0.15398395
SDSS20764,0.16387,39.705099,0.113522,39.697583,0.007516022,39.695773,0.0093265427
SDSS3087,0.1644,39.614567,0.11306,39.705323,-0.090755906,39.703502,-0.088934558
SDSS19616,0.16455,39.637488,0.113442,39.70751,-0.070021448,39.705685,-0.068197064
SDSS12843,0.16565,39.453303,0.118455,39.723487,-0.27018369,39.721641,-0.26833742
SDSS12853,0.16817,39.584249,0.116716,39.759722,-0.17547305,39.757828,-0.17357914
SDSS15897,0.16869,39.796918,0.116161,39.767137,0.029781349,39.765233,0.031684663
05D3ne,0.169455,39.832052,0.088415,39.778006,0.054045993,39.776089,0.055962877
SDSS12856,0.17028,39.833327,0.112043,39.789677,0.043650053,39.787746,0.045581223
SDSS12855,0.17063,39.687683,0.114853,39.794613,-0.10692988,39.792676,-0.10499276
SDSS17220,0.17066,39.646053,0.115012,39.795036,-0.14898234,39.793098,-0.14704471
SDSS17389,0.1707,40.057622,0.115438,39.795599,0.2620229,39.793661,0.2639612
SDSS15453,0.17373,40.085507,0.114314,39.837924,0.24758256,39.835937,0.24956959
SDSS3080,0.17374,39.713598,0.112831,39.838063,-0.12446462,39.836075,-0.12247743
SDSS15648,0.17383,39.776759,0.122163,39.839309,-0.06254982,39.837321,-0.060561258
SDSS14421,0.17386,39.951083,0.112491,39.839725,0.11135844,39.837736,0.11334746
SDSS12927,0.17415,39.609482,0.118918,39.843737,-0.23425534,39.841744,-0.23226193
SDSS19969,0.1742,39.764467,0.113041,39.844428,-0.079960909,39.842434,-0.077966741
SDSS19282,0.17558,39.88391,0.113152,39.863432,0.020478298,39.861417,0.022492757
SDSS18807,0.17625,39.995197,0.113139,39.872608,0.1225885,39.870584,0.12461246
SDSS14979,0.17653,39.875133,0.11256,39.876434,-0.0013004019,39.874406,0.0007274648
SDSS18604,0.17656,40.065594,0.113509,39.876843,0.18875092,39.874815,0.1907792
SDSS15365,0.17656,40.035173,0.113446,39.876843,0.15832916,39.874815,0.16035744
SDSS17274,0.17658,40.394839,0.1635,39.877116,0.51772247,39.875088,0.51975103
SDSS15583,0.17706,39.916428,0.113873,39.88366,0.032768595,39.881624,0.034803744
SDSS17218,0.17757,39.884758,0.114576,39.890594,-0.0058360316,39.888552,-0.0037940073
SDSS14451,0.17789,39.824578,0.112906,39.894935,-0.070357495,39.892889,-0.068311223
SDSS5635,0.1781,40.302405,0.117139,39.89778,0.40462423,39.895731,0.40667326
SDSS15461,0.17865,39.947284,0.113319,39.905217,0.042067034,39.903161,0.044123191
SDSS2372,0.17962,39.812569,0.113572,39.918282,-0.10571291,39.916214,-0.10364456
SDSS6936,0.17969,39.936916,0.113497,39.919222,0.017693613,39.917153,0.019762834
SDSS13254,0.17981,40.23075,0.120493,39.920834,0.30991663,39.918763,0.31198732
SDSS14284,0.18037,39.698001,0.112763,39.928339,-0.23033798,39.926262,-0.2282605
SDSS13045,0.18055,39.793481,0.118342,39.930747,-0.13726567,39.928667,-0.13518605
SDSS20048,0.18056,40.04413,0.117002,39.930881,0.11324926,39.928801,0.115329
SDSS17215,0.18079,39.871011,0.117616,39.933954,-0.062943662,39.931872,-0.060861199
SDSS15443,0.18122,39.838453,0.112167,39.939691,-0.10123801,39.937603,-0.09915053
SDSS17332,0.18204,39.834302,0.115898,39.950595,-0.11629274,39.948498,-0.11419594
SDSS6422,0.18255,40.01337,0.112208,39.957354,0.056016162,39.955251,0.058118596
SDSS16281,0.18255,39.87841,0.114391,39.957354,-0.078944018,39.955251,-0.076841584
SDSS17168,0.18257,40.092058,0.115147,39.957618,0.13443948,39.955516,0.13654213
SDSS14984,0.1828,40.083279,0.115225,39.960661,0.1226188,39.958556,0.12472395
SDSS1580,0.18322,39.815183,0.114206,39.966207,-0.15102407,39.964097,-0.14891442
SDSS8213,0.18327,39.819882,0.117564,39.966866,-0.14698416,39.964756,-0.14487399
SDSS15421,0.18435,40.1016,0.112927,39.981071,0.12052887,39.978949,0.1226502
05D2ah,0.185371,40.044651,0.085522,39.994429,0.050222431,39.992297,0.052353799
SDSS19101,0.18563,39.908877,0.11449,39.997806,-0.088929268,39.995672,-0.08679543
SDSS5994,0.18581,40.075031,0.114889,40.000151,0.07488025,39.998016,0.077015786
SDSS21861,0.18655,39.874252,0.121972,40.009769,-0.13551785,40.007627,-0.1333755
SDSS18749,0.18667,39.972053,0.114334,40.011326,-0.039272601,40.009182,-0.037129161
SDSS20687,0.18772,39.871486,0.118492,40.024905,-0.15341899,40.022752,-0.15126636
SDSS6304,0.18965,39.962528,0.113593,40.049683,-0.087155147,40.047515,-0.084986933
SDSS762,0.1901,40.210589,0.114249,40.055427,0.15516259,40.053255,0.1573342
SDSS18804,0.19084,39.999776,0.112617,40.064845,-0.065069091,40.062668,-0.062892102
SDSS16276,0.19176,40.120262,0.114367,40.076507,0.043754455,40.074324,0.045937797
SDSS18787,0.19191,40.411807,0.114568,40.078404,0.33340347,40.076219,0.33558782
SDSS16618,0.19198,39.956519,0.114573,40.079288,-0.12276914,40.077104,-0.12058434
SDSS2440,0.19215,40.268783,0.114217,40.081435,0.18734733,40.07925,0.18953326
SDSS16100,0.19392,40.150249,0.117691,40.103687,0.046562517,40.10149,0.048759319
SDSS2246,0.19422,40.109546,0.11684,40.10744,0.0021068349,40.105241,0.0043053467
SDSS20575,0.19465,39.838415,0.114454,40.112809,-0.27439481,40.110608,-0.27219392
SDSS19149,0.19494,39.799909,0.11376,40.116425,-0.31651568,40.114222,-0.31431322
SDSS16099,0.1958,40.216343,0.113084,40.127117,0.089226482,40.12491,0.091433362
SDSS15674,0.19654,40.256476,0.117701,40.136282,0.12019357,40.134072,0.122404
SDSS18768,0.19671,40.330112,0.118689,40.138384,0.19172839,40.136172,0.19393961
SDSS15129,0.19699,40.094767,0.114008,40.141841,-0.047073957,40.139628,-0.044861473
SDSS13070,0.19709,40.229783,0.116183,40.143074,0.086709159,40.140861,0.088922087
SDSS15901,0.19794,40.204956,0.114551,40.153536,0.051419978,40.15132,0.05363651
SDSS15222,0.19801,40.027113,0.115064,40.154396,-0.1272833,40.152179,-0.12506648
SDSS19658,0.19863,40.272157,0.116081,40.161999,0.11015821,40.159779,0.11237745
SDSS17811,0.19867,40.236809,0.114249,40.162488,0.074320314,40.160269,0.076539702
SDSS16737,0.1988,39.99253,0.124264,40.164079,-0.17154916,40.16186,-0.16932928
SDSS13305,0.19959,40.251098,0.115206,40.173727,0.077370476,40.171505,0.079593151
SDSS6780,0.20061,40.102223,0.120729,40.186133,-0.083909552,40.183907,-0.081683636
SDSS15872,0.20203,40.164615,0.117009,40.203306,-0.038691147,40.201076,-0.036461418
SDSS7243,0.20231,40.247129,0.117808,40.206679,0.040449678,40.204449,0.042680063
SDSS16032,0.20318,40.280795,0.114994,40.217133,0.06366167,40.214901,0.065893897
SDSS14212,0.20399,40.265661,0.114245,40.226829,0.038832051,40.224595,0.041065724
SDSS18965,0.20466,40.276416,0.115117,40.234822,0.041594334,40.232587,0.04382901
SDSS17801,0.20515,40.440593,0.131465,40.240652,0.19994075,40.238417,0.20217605
SDSS20581,0.20554,40.22826,0.114345,40.245284,-0.01702373,40.243048,-0.014788002
SDSS19913,0.20557,40.31485,0.114899,40.24564,0.069210437,40.243404,0.071446196
SDSS13152,0.2056,39.974825,0.113718,40.245996,-0.27117043,40.24376,-0.26893464
SDSS15201,0.20704,40.634193,0.117479,40.263022,0.37117056,40.260785,0.37340739
SDSS13641,0.20852,40.302019,0.114386,40.280409,0.021610862,40.278171,0.023847957
SDSS15467,0.2091,40.214833,0.115699,40.287191,-0.072358297,40.284954,-0.070121325
SDSS13425,0.20953,40.223527,0.131221,40.292209,-0.068681406,40.289972,-0.066444605
SDSS16473,0.2096,40.348956,0.115465,40.293024,0.055931673,40.290788,0.058168439
04D1dc,0.210032,40.191993,0.085765,40.298054,-0.10606148,40.295818,-0.10382497
SDSS19425,0.21025,40.313695,0.128931,40.300589,0.013106074,40.298352,0.015342435
SDSS15259,0.21054,40.196013,0.11424,40.303956,-0.10794316,40.30172,-0.10570703
SDSS17875,0.21075,40.574565,0.116152,40.306392,0.26817289,40.304157,0.27040884
SDSS14157,0.21082,40.119522,0.11447,40.307204,-0.18768222,40.304968,-0.18544635
SDSS7847,0.21134,40.143408,0.115658,40.313225,-0.16981635,40.310989,-0.16758101
SDSS6933,0.21163,40.203016,0.114069,40.316577,-0.11356054,40.314342,-0.11132556
SDSS2330,0.21179,40.671436,0.124547,40.318424,0.35301134,40.316189,0.35524613
SDSS18466,0.21226,40.271235,0.115112,40.323844,-0.052609152,40.32161,-0.050375019
SDSS14331,0.2126,40.521942,0.116607,40.327757,0.194185,40.325524,0.19641861
SDSS8495,0.21295,40.297362,0.121443,40.33178,-0.034417808,40.329547,-0.032184776
SDSS18927,0.21323,40.107522,0.117876,40.334994,-0.22747241,40.332762,-0.22523987
SDSS20364,0.21382,40.382593,0.11761,40.341753,0.040839834,40.339522,0.043071238
SDSS7473,0.21457,40.463576,0.114262,40.350321,0.11325459,40.348091,0.11548437
SDSS15203,0.21468,40.262821,0.114437,40.351575,-0.088754398,40.349346,-0.086524868
SDSS14019,0.21513,40.756464,0.120494,40.356701,0.39976306,40.354472,0.40199151
SDSS17435,0.21674,40.473257,0.115124,40.374956,0.098300725,40.372732,0.10052472
SDSS9467,0.21698,40.613772,0.124622,40.377667,0.23610537,40.375444,0.23832863
SDSS19008,0.21757,40.271699,0.11934,40.384319,-0.11261971,40.382098,-0.11039835
SDSS5533,0.21829,40.380716,0.114544,40.392415,-0.011698823,40.390196,-0.0094799466
SDSS7512,0.21835,40.477375,0.116348,40.393088,0.084287309,40.390869,0.08650597
SDSS18940,0.21861,40.285682,0.114762,40.396005,-0.11032287,40.393787,-0.10810515
SDSS20144,0.21865,40.401512,0.11463,40.396453,0.0050593731,40.394235,0.007276944
05D3kx,0.219462,40.373686,0.085341,40.40554,-0.031854178,40.403325,-0.02963971
SDSS19230,0.21955,40.107276,0.119543,40.406523,-0.29924707,40.404309,-0.29703295
SDSS13727,0.21971,40.455796,0.115514,40.408309,0.047486973,40.406095,0.049700449
SDSS15433,0.21976,40.441446,0.114935,40.408867,0.032578736,40.406654,0.03479201
SDSS16793,0.22058,40.296436,0.138465,40.418,-0.12156432,40.415791,-0.11935449
SDSS15354,0.22068,40.239742,0.119891,40.419112,-0.17937004,40.416903,-0.17716063
SDSS15229,0.22256,40.52117,0.11527,40.439927,0.081243796,40.437726,0.083444434
SDSS14846,0.22328,40.469733,0.115872,40.447855,0.021877527,40.445658,0.024074507
SDSS13025,0.22351,40.551014,0.1168,40.450383,0.1006306,40.448188,0.10282638
SDSS19992,0.22452,40.735088,0.122907,40.461456,0.27363184,40.459265,0.27582214
SDSS19341,0.22667,40.418519,0.118938,40.484874,-0.066355732,40.482697,-0.06417816
SDSS13578,0.22668,40.458669,0.115846,40.484983,-0.026313818,40.482805,-0.024136309
SDSS21033,0.22786,40.461515,0.11565,40.497749,-0.036233687,40.495579,-0.034063766
SDSS3452,0.22893,40.514747,0.115979,40.509272,0.005474596,40.50711,0.0076372744
SDSS13072,0.22916,40.489831,0.122097,40.511743,-0.021911595,40.509582,-0.019750518
SDSS12881,0.2316,40.399083,0.118789,40.537813,-0.13872973,40.53567,-0.13658659
SDSS12971,0.2338,40.542595,0.115605,40.561104,-0.018509402,40.558979,-0.016383908
SDSS17223,0.23381,40.522903,0.118911,40.56121,-0.03830627,40.559084,-0.036180859
SDSS16350,0.23472,40.520922,0.116813,40.570784,-0.049861974,40.568667,-0.04774426
SDSS13511,0.23646,40.839103,0.117789,40.588998,0.25010497,40.586896,0.25220734
SDSS17884,0.23782,40.637121,0.116252,40.603148,0.033972459,40.601059,0.036062259
SDSS15868,0.24102,40.788612,0.116005,40.636153,0.15245829,40.634095,0.15451661
SDSS13506,0.24179,40.643588,0.122422,40.644035,-0.0004466542,40.641985,0.0016037009
SDSS19023,0.24185,40.693089,0.114848,40.644648,0.048441006,40.642599,0.050490734
SDSS20111,0.24348,40.68023,0.118064,40.661254,0.018976248,40.659221,0.021008601
SDSS20088,0.24352,40.70372,0.113403,40.66166,0.042060014,40.659628,0.044091933
SDSS3377,0.24448,40.491543,0.115275,40.671391,-0.17984775,40.669369,-0.17782638
SDSS19990,0.24495,40.763035,0.119541,40.676142,0.086893106,40.674126,0.088909231
SDSS18486,0.2454,40.546602,0.114389,40.680683,-0.13408121,40.678672,-0.13207016
SDSS17464,0.24555,40.240038,0.116206,40.682195,-0.44215754,40.680186,-0.44014819
SDSS20039,0.24558,40.592469,0.118174,40.682498,-0.09002883,40.680489,-0.088019817
SDSS12977,0.24562,40.611615,0.115338,40.682901,-0.071286098,40.680892,-0.069277541
SDSS15466,0.24568,40.391281,0.120181,40.683505,-0.29222381,40.681497,-0.29021593
SDSS13835,0.24625,40.705764,0.114566,40.689241,0.016523916,40.687239,0.01852526
SDSS16352,0.24647,40.623678,0.115433,40.691451,-0.067772916,40.689452,-0.065774113
05D3mq,0.246492,40.711377,0.086206,40.691672,0.019705325,40.689673,0.021703872
SDSS15301,0.2466,40.347858,0.114128,40.692756,-0.34489863,40.690759,-0.34290133
SDSS15219,0.24695,40.814013,0.114812,40.696267,0.11774586,40.694274,0.11973908
SDSS15161,0.2485,40.630674,0.117491,40.711762,-0.081088127,40.709787,-0.079113302
SDSS3451,0.24851,40.514398,0.116195,40.711862,-0.19746358,40.709887,-0.19548888
SDSS16213,0.24857,40.767362,0.115731,40.71246,0.054901948,40.710486,0.05687593
SDSS17552,0.24862,40.775706,0.11712,40.712958,0.062748427,40.710984,0.064721805
SDSS15504,0.24947,40.842596,0.131353,40.721414,0.121182,40.719451,0.12314503
SDSS3199,0.24961,41.058299,0.118164,40.722804,0.3354954,40.720842,0.33745671
SDSS16106,0.24973,40.698314,0.120462,40.723995,-0.025681236,40.722035,-0.023721397
SDSS13689,0.25012,40.88833,0.116581,40.727862,0.16046785,40.725907,0.16242286
SDSS5717,0.25037,40.92885,0.115791,40.730338,0.19851221,40.728386,0.20046412
06D3gn,0.250498,40.733628,0.086012,40.731605,0.0020228302,40.729655,0.0039731413
SDSS13655,0.25104,40.793163,0.119872,40.736963,0.05620006,40.735019,0.058143569
SDSS5736,0.25174,40.702304,0.115824,40.743867,-0.04156244,40.741932,-0.039627812
SDSS15440,0.25205,40.595558,0.11822,40.746919,-0.1513611,40.744988,-0.14943044
SDSS9032,0.25249,40.721733,0.126796,40.751244,-0.029510915,40.749319,-0.027585921
SDSS14481,0.25351,41.072086,0.123692,40.761246,0.31084042,40.759334,0.31275212
SDSS18325,0.25356,40.804462,0.120869,40.761735,0.042726696,40.759824,0.04463774
SDSS9457,0.25539,40.747194,0.130119,40.779584,-0.032389682,40.777697,-0.030503052
SDSS1112,0.25611,40.833795,0.12482,40.786574,0.047220494,40.784697,0.04909733
SDSS17340,0.25617,40.628367,0.119755,40.787156,-0.15878902,40.78528,-0.156913
SDSS12972,0.25655,40.873953,0.12587,40.790837,0.083116317,40.788966,0.084987116
SDSS19207,0.25721,40.801779,0.121726,40.797219,0.0045597003,40.795357,0.0064213715
SDSS6108,0.258,40.778624,0.117106,40.804838,-0.026214578,40.802988,-0.024363946
SDSS8046,0.25833,40.827869,0.119891,40.808015,0.019854313,40.806169,0.021700298
SDSS2017,0.26014,41.124314,0.122802,40.825371,0.29894325,40.823551,0.30076337
SDSS1253,0.26059,40.752157,0.120435,40.829669,-0.077512136,40.827856,-0.075698541
SDSS14298,0.2607,40.993775,0.117389,40.830719,0.16305638,40.828907,0.16486838
05D1hk,0.261984,40.715093,0.08739,40.84294,-0.12784744,40.841147,-0.1260543
04D3ez,0.263487,40.730792,0.08555,40.857177,-0.1263851,40.855406,-0.12461441
SDSS2422,0.26349,41.119147,0.115945,40.857205,0.2619417,40.855435,0.26371234
SDSS20345,0.26357,40.674107,0.11624,40.857961,-0.18385368,40.856192,-0.18208424
SDSS2943,0.26405,40.834936,0.117962,40.862491,-0.027554387,40.860728,-0.025792214
SDSS13099,0.26451,40.951835,0.119638,40.866824,0.085010827,40.865069,0.086766001
SDSS6315,0.26576,40.814381,0.114629,40.878566,-0.064185874,40.87683,-0.0624499
SDSS18463,0.26665,40.889717,0.120817,40.886896,0.0028209576,40.885174,0.0045430985
SDSS19002,0.2671,40.85367,0.116111,40.891098,-0.037428079,40.889383,-0.035712983
SDSS19702,0.26821,40.966273,0.121714,40.901435,0.064838035,40.899737,0.066535611
06D3fp,0.268489,40.852083,0.08555,40.904027,-0.051943621,40.902334,-0.05025048
SDSS18945,0.26856,41.066451,0.118128,40.904686,0.16176473,40.902994,0.16345674
03D4cj,0.268624,40.767919,0.086242,40.90528,-0.13736126,40.903589,-0.13567027
SDSS6192,0.27044,40.897172,0.118685,40.922084,-0.024912115,40.920422,-0.023250337
SDSS15287,0.27258,40.88661,0.11421,40.941754,-0.055144321,40.940127,-0.053517622
SDSS15356,0.27447,40.791311,0.118156,40.959009,-0.16769794,40.957414,-0.16610279
SDSS4046,0.27544,40.925407,0.119548,40.967822,-0.042415633,40.966243,-0.040836871
SDSS16072,0.27549,40.922313,0.127184,40.968276,-0.045963205,40.966698,-0.04438529
SDSS12869,0.27653,40.822597,0.126014,40.977692,-0.15509546,40.976132,-0.15353527
SDSS4000,0.27745,41.090428,0.128283,40.985995,0.10443289,40.984451,0.10597727
SDSS17791,0.27749,41.653409,0.136665,40.986356,0.66705304,40.984812,0.66859674
SDSS18485,0.27822,41.035649,0.117336,40.992925,0.042723744,40.991394,0.044254816
SDSS5957,0.27852,41.099812,0.118155,40.99562,0.10419217,40.994094,0.10571804
SDSS6196,0.27916,40.691538,0.11948,41.001361,-0.30982322,40.999846,-0.3083085
SDSS14261,0.27952,40.840327,0.121901,41.004585,-0.16425834,41.003077,-0.16274993
SDSS17809,0.28051,40.89843,0.122739,41.013431,-0.11500157,41.01194,-0.11351055
SDSS15584,0.28111,40.922902,0.11753,41.018779,-0.095876636,41.017298,-0.094396214
SDSS20227,0.28243,41.094486,0.11747,41.030507,0.063979083,41.02905,0.065436027
06D3dt,0.28251,41.187695,0.085709,41.031216,0.15647936,41.02976,0.15793487
SDSS20040,0.28351,40.987093,0.118366,41.040065,-0.052971717,41.038627,-0.051534136
03D4ag,0.28361,40.95229,0.086683,41.040948,-0.088658655,41.039512,-0.087222874
SDSS19128,0.28543,41.284683,0.119195,41.056975,0.22770781,41.055573,0.22911063
SDSS2165,0.28662,41.348336,0.11978,41.067404,0.28093159,41.066023,0.28231268
SDSS13757,0.28742,41.233155,0.118845,41.074393,0.15876193,41.073027,0.16012831
SDSS16402,0.28845,40.616348,0.116661,41.083365,-0.46701659,41.082017,-0.46566923
SDSS2789,0.28872,41.099743,0.124095,41.085712,0.014031425,41.084369,0.015373779
SDSS21006,0.29021,41.013195,0.116557,41.098628,-0.085432677,41.097313,-0.084118072
SDSS19596,0.29135,41.068969,0.12122,41.108469,-0.039499724,41.107175,-0.038206494
03D3ba,0.291718,41.007599,0.093479,41.111638,-0.10403936,41.110352,-0.10275306
SDSS19818,0.29192,40.988963,0.124168,41.113376,-0.12441342,41.112093,-0.12313093
SDSS6249,0.29287,41.066629,0.119196,41.121535,-0.054906001,41.120271,-0.053641456
SDSS19027,0.2935,40.742297,0.120303,41.126933,-0.38463624,41.12568,-0.38338364
SDSS19604,0.29448,41.328777,0.140875,41.135308,0.1934685,41.134074,0.19470245
SDSS19794,0.29542,41.060628,0.134209,41.143318,-0.082689956,41.142102,-0.081473982
SDSS13610,0.29678,40.989071,0.117785,41.154865,-0.165794,41.153675,-0.16460415
SDSS15057,0.29762,40.980684,0.131068,41.161973,-0.18128866,41.160799,-0.18011501
SDSS6137,0.29888,41.340708,0.124118,41.1726,0.1681076,41.171451,0.16925684
SDSS14735,0.30001,40.892737,0.119386,41.182096,-0.28935903,41.180969,-0.28823177
SDSS5391,0.30021,41.135079,0.128841,41.183774,-0.048694516,41.18265,-0.047571158
SDSS20245,0.30041,40.743364,0.125866,41.18545,-0.44208552,41.184331,-0.44096606
06D4dh,0.30159,41.31708,0.086081,41.195319,0.12176084,41.194223,0.12285722
SDSS7143,0.3024,41.2527,0.118973,41.202074,0.050626672,41.200993,0.051707154
SDSS12883,0.30569,40.793215,0.1459,41.229339,-0.43612459,41.228324,-0.43510905
SDSS15213,0.30632,41.290316,0.127264,41.23453,0.055786795,41.233527,0.056789821
SDSS19632,0.30702,41.291531,0.126631,41.240285,0.051246188,41.239296,0.052235296
SDSS6699,0.30915,41.434406,0.122358,41.257725,0.17668025,41.256779,0.17762687
SDSS5844,0.30929,41.371822,0.120483,41.258868,0.11295443,41.257924,0.11389825
SDSS16211,0.30933,41.142184,0.137464,41.259194,-0.11700975,41.258251,-0.11606674
SDSS21042,0.31065,41.149718,0.124489,41.269941,-0.12022341,41.269025,-0.11930684
SDSS15383,0.31088,41.295414,0.12279,41.271809,0.02360458,41.270898,0.024516539
SDSS6649,0.31288,41.26929,0.118305,41.288003,-0.01871275,41.287131,-0.017840999
SDSS20142,0.31468,40.992182,0.118861,41.302496,-0.31031377,41.30166,-0.30947832
SDSS15776,0.31646,41.280872,0.121555,41.316754,-0.035881104,41.315954,-0.035081643
SDSS18617,0.32038,41.340257,0.12816,41.347896,-0.0076389054,41.347176,-0.0069189482
SDSS7475,0.32045,41.458813,0.117246,41.348448,0.11036464,41.34773,0.11108318
05D2ab,0.324532,41.395653,0.086121,41.380503,0.015150612,41.379867,0.015786125
SDSS6924,0.3264,41.298415,0.11903,41.395048,-0.096633473,41.394451,-0.096035984
SDSS13830,0.32837,41.167032,0.134054,41.410306,-0.24327444,41.409749,-0.24271705
SDSS14456,0.32837,41.208462,0.124052,41.410306,-0.20184442,41.409749,-0.20128703
SDSS13934,0.32838,41.702025,0.136536,41.410383,0.2916418,41.409826,0.29219899
SDSS4241,0.33051,41.471577,0.12568,41.426786,0.044791376,41.426272,0.045305232
03D1fc,0.330932,41.306956,0.086437,41.430024,-0.12306808,41.429519,-0.12256281
SDSS4679,0.33103,41.24344,0.136212,41.430775,-0.18733554,41.430272,-0.18683226
SDSS20106,0.33136,41.562937,0.135299,41.433304,0.1296323,41.432808,0.13012887
SDSS16093,0.33436,41.503389,0.132618,41.456189,0.047199293,41.455754,0.04763496
04D3kr,0.337534,41.496434,0.086047,41.480198,0.016236406,41.479827,0.016607818
SDSS2533,0.3388,41.557603,0.129777,41.489717,0.06788589,41.489371,0.068231744
04D3nh,0.34052,41.534687,0.0859,41.502597,0.032090606,41.502286,0.032401811
03D1bp,0.345928,41.662223,0.087263,41.542709,0.11951329,41.542506,0.11971624
05D2ie,0.349557,41.747986,0.086821,41.569306,0.17868015,41.569175,0.17881116
04D2mc,0.34956,41.29619,0.089792,41.569328,-0.27313805,41.569197,-0.2730071
05D2hc,0.35156,41.7744,0.086351,41.583878,0.19052256,41.583786,0.19061415
SDSS19067,0.35346,41.352015,0.125157,41.59763,-0.24561503,41.597576,-0.24556062
05D2mp,0.355261,41.823388,0.088265,41.610603,0.21278511,41.610584,0.21280447
03D3bl,0.35582,41.599703,0.087008,41.614618,-0.014914454,41.614609,-0.014905932
04D3fk,0.358336,41.516078,0.086303,41.632615,-0.11653686,41.632655,-0.11657686
04D2fs,0.35857,41.550569,0.086485,41.634283,-0.083714071,41.634327,-0.083758561
SDSS4577,0.36193,41.635021,0.13291,41.658124,-0.023103082,41.658232,-0.023211622
SDSS15704,0.36397,41.88393,0.127982,41.6725,0.2114308,41.672647,0.21128379
SDSS13136,0.36441,42.006672,0.131873,41.675591,0.3310816,41.675746,0.33092633
SDSS16232,0.36554,41.761412,0.137024,41.683513,0.077898714,41.68369,0.077722319
04D1hd,0.367904,41.852504,0.086082,41.700015,0.15248852,41.700236,0.15226827
SDSS14397,0.36941,42.027675,0.131466,41.710477,0.31719713,41.710725,0.31694919
SDSS18091,0.37013,41.708319,0.138604,41.715465,-0.0071463051,41.715726,-0.0074074066
05D4bm,0.370511,41.752199,0.086476,41.718101,0.034097612,41.718369,0.033829563
05D3jr,0.370531,41.652391,0.086626,41.71824,-0.065849026,41.718508,-0.066117439
04D2cf,0.370586,41.685773,0.095747,41.71862,-0.03284731,41.718889,-0.033116725
03D3ay,0.371443,41.821628,0.091326,41.724539,0.097089671,41.724824,0.096804683
05D4fo,0.371508,41.799502,0.086225,41.724987,0.074515262,41.725273,0.074229096
05D4cw,0.373513,41.728807,0.086768,41.738784,-0.0099766982,41.739106,-0.010299015
SDSS15756,0.37835,42.362885,0.135103,41.77179,0.59109574,41.772198,0.59068784
SDSS7779,0.37986,41.724823,0.118539,41.782014,-0.057191495,41.782448,-0.057625626
SDSS11206,0.38026,41.92599,0.138121,41.784716,0.14127361,41.785157,0.14083257
SDSS15456,0.38047,41.391847,0.12548,41.786134,-0.39428672,41.786579,-0.39473137
SDSS18721,0.39135,41.834601,0.148848,41.858615,-0.024014219,41.859241,-0.024639531
05D4ff,0.400485,41.800259,0.087548,41.918057,-0.11779767,41.918823,-0.11856339
SDSS19757,0.40128,41.640447,0.134806,41.923171,-0.28272357,41.923948,-0.283501
06D3ed,0.404549,42.062807,0.086483,41.944102,0.11870483,41.944926,0.11788023
05D4dt,0.405478,42.110665,0.086962,41.950022,0.1606436,41.95086,0.15980587
06D4cq,0.40947,42.03372,0.086547,41.975319,0.058400801,41.976212,0.057508049
04D2fp,0.416632,42.054728,0.087194,42.020142,0.034585659,42.021127,0.033600107
05D2dw,0.418633,41.970356,0.087692,42.032538,-0.062182384,42.033548,-0.063192462
05D3cf,0.419569,42.176704,0.087595,42.038318,0.13838575,42.03934,0.13736442
04D4gg,0.422452,41.941732,0.08807,42.056047,-0.11431524,42.057102,-0.11537038
05D2cb,0.428646,42.331146,0.089103,42.093762,0.23738407,42.094885,0.23626082
04D1rh,0.434861,42.149286,0.087188,42.131104,0.018181235,42.13229,0.016996035
06D4co,0.435446,41.914081,0.086944,42.134594,-0.22051239,42.135785,-0.22170308
06D3df,0.442548,42.20644,0.08709,42.176616,0.029823331,42.177869,0.028570613
06D2gb,0.443668,42.109787,0.091594,42.183187,-0.073399045,42.184448,-0.074660743
03D3aw,0.449562,42.347024,0.091912,42.217512,0.12951193,42.218817,0.12820663
04D3gt,0.451556,41.918692,0.087828,42.229031,-0.31033868,42.230349,-0.31165733
04D2gb,0.451681,41.893792,0.088233,42.229751,-0.3359597,42.231071,-0.33727916
03D3cd,0.461274,42.269134,0.095948,42.284505,-0.015371423,42.285879,-0.016744813
05D3lc,0.461564,42.313544,0.087413,42.286144,0.02740022,42.287519,0.026025462
03D4au,0.466414,42.762836,0.09035,42.313411,0.44942446,42.314807,0.44802912
04D4jr,0.468406,42.343723,0.087451,42.324535,0.019187944,42.325937,0.017785404
04D4ju,0.470398,42.645934,0.088446,42.335615,0.31031982,42.337024,0.30891082
05D3mx,0.470573,42.332299,0.088704,42.336586,-0.0042869439,42.337995,-0.005696474
04D3df,0.470586,42.214609,0.087988,42.336658,-0.12204924,42.338068,-0.12345881
05D2bv,0.475707,42.336723,0.087947,42.364933,-0.028210747,42.366356,-0.029633344
05D3dd,0.480568,42.310218,0.088055,42.391514,-0.08129546,42.392944,-0.08272589
05D2ac,0.480704,42.295925,0.087736,42.392254,-0.096329057,42.393685,-0.097759642
05D1ix,0.4888,42.456845,0.08839,42.435965,0.020880184,42.437398,0.019446585
03D1ax,0.494795,42.467119,0.08811,42.467902,-0.00078262361,42.46933,-0.0022105478
05D4af,0.497379,42.503219,0.088758,42.481557,0.021661974,42.48298,0.020238565
06D2bk,0.500728,42.625951,0.089131,42.499157,0.12679415,42.500573,0.12537845
03D1au,0.503084,42.518239,0.088031,42.511474,0.0067654568,42.512883,0.0053564135
05D4av,0.507371,42.462488,0.089015,42.533748,-0.071259951,42.535142,-0.072654237
05D2dy,0.511746,42.744054,0.088554,42.5563,0.18775464,42.557676,0.1863789
04D1pg,0.513793,42.691363,0.090087,42.56679,0.12457321,42.568156,0.12320733
04D4in,0.514353,42.612349,0.088897,42.569653,0.042695885,42.571016,0.041332846
04D2mj,0.514746,42.809579,0.090306,42.571661,0.23791804,42.573022,0.23655703
05D3ci,0.515587,42.70065,0.106833,42.575952,0.12469751,42.577309,0.12334092
06D3el,0.519611,42.720224,0.088502,42.596395,0.12382919,42.597729,0.12249552
04D2gc,0.522762,42.731549,0.089115,42.612301,0.11924819,42.613614,0.1179345
06D2ca,0.532765,42.641076,0.08987,42.662209,-0.021132681,42.663447,-0.022371355
06D2cc,0.533766,42.42434,0.09473,42.667155,-0.24281513,42.668385,-0.24404534
05D4ek,0.534335,42.415314,0.090128,42.669962,-0.25464826,42.671188,-0.25587358
05D4be,0.535327,42.74951,0.08873,42.674851,0.074658892,42.676067,0.073442226
05D2eb,0.535771,42.587186,0.091256,42.677036,-0.089850396,42.678249,-0.091063135
04D4bq,0.548325,42.413991,0.09145,42.738133,-0.32414199,42.739221,-0.32523
06D4bo,0.550315,42.759037,0.089299,42.747698,0.011338923,42.748764,0.010273064
04D3hn,0.552605,42.479884,0.089654,42.758665,-0.27878054,42.759705,-0.27982014
06D2ck,0.553797,42.811558,0.091857,42.764357,0.047200787,42.765382,0.0461752
05D1ee,0.557743,42.737495,0.090291,42.783117,-0.045622159,42.784095,-0.046599806
05D1kl,0.558743,43.128545,0.092898,42.787852,0.34069278,42.788817,0.33972767
04D1hx,0.558746,42.693684,0.089573,42.787866,-0.094182371,42.788831,-0.095147448
05D1cc,0.562751,42.813991,0.090329,42.806749,0.0072414985,42.807663,0.0063281414
05D1dn,0.564741,42.823122,0.089709,42.816085,0.0070369512,42.816972,0.0061501891
05D2dt,0.575823,42.872458,0.091807,42.86752,0.004938461,42.868248,0.0042103151
06D3et,0.576612,42.799922,0.090075,42.871146,-0.071224651,42.871863,-0.071940845
03D4gf,0.578292,42.807454,0.090072,42.878853,-0.071398647,42.879543,-0.072089108
05D1dx,0.578745,42.810439,0.089343,42.880927,-0.070487942,42.881611,-0.071171399
05D3jq,0.5796,42.797521,0.08931,42.884838,-0.087317771,42.885509,-0.087987933
05D3gp,0.580604,42.943721,0.09835,42.889424,0.05429725,42.890079,0.053642824
03D1aw,0.580724,43.088081,0.090132,42.889972,0.19810926,42.890624,0.19745673
04D1jg,0.582932,42.934684,0.09012,42.900029,0.034654787,42.900646,0.034037363
05D4ej,0.58329,43.123741,0.090793,42.901656,0.22208534,42.902268,0.22147367
04D1sa,0.583743,43.008154,0.091595,42.903714,0.1044405,42.904318,0.10383613
04D1kj,0.583743,42.860907,0.089495,42.903714,-0.042807161,42.904318,-0.043411529
05D1hm,0.585743,43.082844,0.092677,42.912781,0.17006346,42.913353,0.16949166
05D4bf,0.587285,42.943391,0.091452,42.919752,0.023638709,42.920298,0.023092355
04D1oh,0.588721,42.900723,0.091211,42.926228,-0.025505492,42.926751,-0.026027873
03D4gg,0.59028,42.835173,0.092935,42.933243,-0.098069986,42.933739,-0.098566052
04D2mh,0.591835,42.837698,0.090444,42.940222,-0.10252377,42.940691,-0.10299329
05D3lr,0.600603,42.842236,0.094433,42.979254,-0.1370178,42.979568,-0.1373323
05D4ef,0.603272,43.116099,0.092267,42.991029,0.12506982,42.991295,0.12480424
03D4dy,0.608261,43.009642,0.090819,43.01291,-0.0032677177,43.013082,-0.00343981
05D2he,0.60986,43.048769,0.091831,43.019887,0.028882459,43.020028,0.028740875
04D3do,0.610643,43.111763,0.090588,43.023297,0.088465787,43.023423,0.088339235
03D1dt,0.610712,42.716945,0.092877,43.023597,-0.30665178,43.023722,-0.306777
04D4an,0.611252,43.201955,0.095195,43.025947,0.17600857,43.026061,0.17589375
05D1ck,0.615698,43.019718,0.092238,43.045215,-0.025496789,43.045243,-0.025524848
04D3co,0.620632,43.076127,0.093091,43.066445,0.0096818922,43.066375,0.0097522669
04D2an,0.621874,42.974793,0.092366,43.071764,-0.096971224,43.071669,-0.096875731
03D4dh,0.625233,42.977855,0.091453,43.0861,-0.10824489,43.085936,-0.10808081
04D4fx,0.627239,43.051558,0.092195,43.094627,-0.043069056,43.094421,-0.042863573
05D1cb,0.630699,42.961949,0.091576,43.109274,-0.14732459,43.108996,-0.14704696
05D2ci,0.631882,42.532295,0.097524,43.114264,-0.58196901,43.113962,-0.58166649
03D4at,0.632234,43.225022,0.093125,43.115748,0.1092744,43.115438,0.10958433
04D1pu,0.637701,42.755686,0.100758,43.138684,-0.38299828,43.138258,-0.38257195
05D4ag,0.638234,42.957682,0.097915,43.140911,-0.18322848,43.140473,-0.18279069
05D2ec,0.641893,43.269082,0.093291,43.156146,0.11293586,43.15563,0.11345278
05D3ax,0.643642,43.193279,0.098759,43.1634,0.02987873,43.162845,0.030433762
04D3cy,0.643646,43.143119,0.094148,43.163417,-0.020297578,43.162862,-0.019742458
05D3lb,0.647639,43.140557,0.09193,43.179908,-0.039351042,43.179265,-0.038708252
05D3kt,0.64864,43.03661,0.092708,43.184027,-0.14741714,43.183362,-0.14675224
04D1sk,0.662058,43.174229,0.093186,43.238668,-0.064439062,43.237702,-0.063473296
05D3hs,0.664638,43.433737,0.094448,43.249054,0.18468317,43.248029,0.18570758
05D3mh,0.670654,43.276258,0.095777,43.273124,0.0031338654,43.271962,0.0042957631
03D1co,0.677662,43.586828,0.098356,43.300907,0.28592115,43.299584,0.2872442
05D2bt,0.681942,43.342325,0.094158,43.317741,0.024584022,43.316319,0.026005834
06D3cc,0.683659,43.452756,0.115261,43.324466,0.12829082,43.323004,0.12975229
04D4ic,0.685179,43.331213,0.0983,43.330406,0.00080692653,43.328909,0.0023035241
05D1ke,0.688656,43.269693,0.092298,43.343947,-0.074253867,43.34237,-0.072676908
06D3em,0.690652,43.108129,0.095502,43.351691,-0.24356195,43.350068,-0.24193886
03D4cz,0.693165,43.3232,0.100242,43.36141,-0.038210015,43.359729,-0.036528882
04D4ib,0.697164,43.452946,0.093324,43.376809,0.076136882,43.375035,0.077910275
06D4ba,0.698167,43.428885,0.101565,43.380658,0.048227076,43.378861,0.050023579
05D4bj,0.699166,43.245392,0.094894,43.384486,-0.13909362,43.382666,-0.13727411
05D4cq,0.699169,43.507746,0.094016,43.384497,0.1232482,43.382678,0.12506777
05D2ck,0.69996,43.368489,0.097048,43.387525,-0.019035742,43.385687,-0.017197963
04D1si,0.700631,43.212814,0.094362,43.390091,-0.17727625,43.388237,-0.17542304
04D4hu,0.701158,43.557341,0.094504,43.392104,0.16523671,43.390239,0.16710204
04D2iu,0.701965,43.13382,0.100028,43.395185,-0.26136446,43.393301,-0.25948059
05D2le,0.701969,43.370141,0.095463,43.3952,-0.025058542,43.393316,-0.02317458
05D3gv,0.715652,43.378809,0.096706,43.446922,-0.068113231,43.444726,-0.065917372
05D3jh,0.71868,43.364753,0.094949,43.458241,-0.09348773,43.455976,-0.091223681
04D1aj,0.719626,43.35756,0.095665,43.461767,-0.1042076,43.459482,-0.10192233
05D4ev,0.72014,43.466283,0.098164,43.463682,0.0026015934,43.461385,0.0048983882
06D3gh,0.72068,43.466467,0.098773,43.465691,0.00077559667,43.463383,0.0030844796
06D3do,0.726679,43.506687,0.094974,43.487923,0.018764064,43.485481,0.021206328
06D3bz,0.727675,43.466346,0.099419,43.491597,-0.025250876,43.489133,-0.022786641
06D4bw,0.730128,43.261738,0.096543,43.500625,-0.23888702,43.498107,-0.2363689
04D1pp,0.733609,43.4594,0.094433,43.513387,-0.053987629,43.510793,-0.051393621
04D2gp,0.733996,43.759451,0.1029,43.514803,0.24464808,43.5122,0.24725048
05D2fq,0.734996,43.652232,0.095665,43.518456,0.13377597,43.515832,0.13640001
05D1eo,0.735608,43.555448,0.096764,43.52069,0.034758491,43.518053,0.037395748
05D2ct,0.736007,43.422327,0.104933,43.522145,-0.099818087,43.519499,-0.097172227
05D3jk,0.73669,43.509013,0.093659,43.524635,-0.015621336,43.521974,-0.012960773
04D2ja,0.742008,44.069947,0.103483,43.543943,0.52600391,43.541169,0.52877789
04D3fq,0.742697,43.462284,0.097111,43.546435,-0.084150998,43.543647,-0.081362465
05D3jb,0.745665,43.546632,0.094967,43.557144,-0.010512583,43.554293,-0.0076617627
04D2kr,0.746118,43.342278,0.095641,43.558775,-0.21649727,43.555915,-0.213637
04D4im,0.7491,43.159259,0.096075,43.569488,-0.41022866,43.566566,-0.40730658
04D3ks,0.750681,43.289826,0.099406,43.575151,-0.28532473,43.572196,-0.28237018
04D3oe,0.756687,43.978003,0.095935,43.59656,0.38144361,43.593484,0.38451966
05D2nt,0.75903,43.659557,0.09556,43.604868,0.054689012,43.601745,0.057811606
06D3gx,0.760691,43.684445,0.101218,43.610742,0.073703114,43.607587,0.076858397
05D3mn,0.760698,43.443254,0.094664,43.610767,-0.16751266,43.607612,-0.16435724
05D4cn,0.761089,43.581369,0.09585,43.612148,-0.030779043,43.608985,-0.027615965
05D1if,0.76158,43.541373,0.096723,43.613882,-0.072508469,43.610709,-0.069335795
04D1qd,0.765588,43.532152,0.09633,43.627991,-0.095839017,43.624741,-0.092588882
04D1de,0.76659,43.927025,0.096641,43.631507,0.29551763,43.628238,0.29878688
05D3hh,0.766684,43.677363,0.103932,43.631837,0.045525706,43.628566,0.048796748
04D4id,0.767075,44.131678,0.101187,43.633208,0.49847087,43.629929,0.50174934
04D1pc,0.768587,43.5354,0.097274,43.638502,-0.10310191,43.635195,-0.099794859
05D4bi,0.773081,43.930271,0.098805,43.654179,0.27609202,43.650789,0.27948263
04D1jd,0.776594,43.408996,0.098366,43.666374,-0.25737792,43.662919,-0.25392352
05D4cs,0.78806,43.810039,0.096033,43.705809,0.10423017,43.702156,0.10788293
03D4fd,0.789054,43.763946,0.099608,43.709202,0.05474466,43.705532,0.058413868
04D1ks,0.796552,43.234542,0.098413,43.734661,-0.50011888,43.730872,-0.49632968
03D1fq,0.798566,43.835978,0.101777,43.741461,0.094517657,43.73764,0.098337816
05D3dh,0.800697,43.146173,0.098997,43.748637,-0.60246388,43.744785,-0.59861155
05D3ha,0.805695,43.391627,0.106396,43.765396,-0.3737695,43.761471,-0.36984422
05D3cx,0.805696,43.79671,0.09721,43.765399,0.031310853,43.761474,0.035236152
05D4gw,0.806041,43.654389,0.105158,43.766553,-0.11216375,43.762622,-0.10823355
05D4dy,0.808048,44.242281,0.101592,43.773251,0.46902974,43.769293,0.47298814
04D4dm,0.809032,43.649176,0.101626,43.77653,-0.12735385,43.772558,-0.12338184
04D3ny,0.81072,43.569519,0.105587,43.782145,-0.21262594,43.77815,-0.2086309
04D3mk,0.813696,44.015091,0.099177,43.792017,0.22307322,43.787983,0.22710781
04D3nc,0.817732,43.996186,0.101608,43.80535,0.19083612,43.801264,0.1949222
06D2ce,0.822103,43.785247,0.104677,43.819719,-0.034471562,43.815579,-0.030332557
04D3lu,0.822697,43.981531,0.100111,43.821665,0.15986586,43.817519,0.16401183
05D1cl,0.828528,44.190985,0.100853,43.840705,0.35028012,43.836494,0.35449137
05D4fg,0.837004,44.018206,0.100539,43.868151,0.15005421,43.863855,0.1543503
04D2al,0.838126,43.734229,0.113632,43.871765,-0.13753532,43.867458,-0.13322892
Elvis,0.839734,43.711872,0.112754,43.876934,-0.16506235,43.872614,-0.16074155
05D4hn,0.840005,43.446447,0.103903,43.877805,-0.43135793,43.873482,-0.42703475
05D1az,0.840522,43.855269,0.101288,43.879464,-0.024194874,43.875137,-0.019867187
06D2ga,0.842123,43.94378,0.112024,43.884598,0.059182119,43.880256,0.063523467
06D4ce,0.847985,44.080784,0.110575,43.903312,0.17747144,43.898925,0.18185891
04D1hy,0.848509,43.924633,0.10052,43.904979,0.019653729,43.900588,0.024045018
05D3kp,0.850729,44.067234,0.098855,43.912029,0.15520465,43.907622,0.15961156
05D4dw,0.852994,43.804525,0.101921,43.919204,-0.11467941,43.914782,-0.11025749
05D1er,0.858507,43.747093,0.106173,43.936591,-0.18949833,43.932137,-0.18504389
04D1ff,0.858513,43.501937,0.101579,43.93661,-0.4346729,43.932156,-0.43021843
05D1iz,0.858516,44.31285,0.11645,43.93662,0.37623073,43.932165,0.38068522
04D4ii,0.863978,43.906142,0.1039,43.953739,-0.047596905,43.949258,-0.043115923
05D1em,0.864497,44.048877,0.102986,43.95536,0.093517011,43.950877,0.098000209
03D1ew,0.866494,43.902509,0.106037,43.96159,-0.059080487,43.957098,-0.054589251
05D2nn,0.872152,44.231164,0.119167,43.979163,0.25200094,43.974654,0.25651067
04D4bk,0.877971,44.221949,0.103099,43.997122,0.22482724,43.9926,0.22934928
05D3cq,0.890729,44.06375,0.103551,44.036094,0.027655619,44.031569,0.032180144
05D2by,0.893183,44.147398,0.106138,44.043528,0.1038704,44.039007,0.10839146
03D4di,0.896944,44.097911,0.109618,44.054882,0.043028263,44.050369,0.047541485
05D3ht,0.901736,44.313219,0.111342,44.069283,0.24393628,44.064784,0.24843505
04D3gx,0.910752,44.343432,0.112202,44.096175,0.24725666,44.091717,0.25171447
04D1ow,0.913473,44.136085,0.104751,44.10424,0.031845022,44.099798,0.036286882
05D2bw,0.92221,44.065799,0.117626,44.129979,-0.064179325,44.125599,-0.059800115
05D2ay,0.922221,43.82013,0.117413,44.130011,-0.30988054,44.125632,-0.30550142
03D4cy,0.924917,44.305059,0.125384,44.137905,0.1671542,44.133549,0.17151042
05D2ob,0.92622,44.095907,0.111056,44.141712,-0.045804932,44.137368,-0.041460386
04D4jy,0.927909,44.425781,0.121275,44.146639,0.27914208,44.14231,0.2834709
04D4ih,0.931901,44.405891,0.111047,44.15825,0.24764095,44.153961,0.25192993
06D2cd,0.932229,44.039882,0.130385,44.159202,-0.11932027,44.154917,-0.11503473
04D4hf,0.9339,44.112115,0.126556,44.164046,-0.051930723,44.159779,-0.047663101
Vilas,0.935774,43.868539,0.119916,44.169469,-0.30092917,44.165222,-0.29668244
05D3la,0.936755,44.086896,0.108686,44.172303,-0.085407181,44.168067,-0.08117172
03D4cx,0.94689,43.571182,0.115036,44.201416,-0.63023417,44.197311,-0.6261287
04D1pd,0.948455,43.874948,0.112213,44.205884,-0.33093658,44.201801,-0.32685339
04D3ml,0.950763,44.48579,0.112327,44.212461,0.27332901,44.208412,0.27737822
04D4jw,0.958871,44.594812,0.125337,44.23544,0.35937158,44.231521,0.36329109
05D3km,0.96074,44.564697,0.112338,44.240711,0.3239865,44.236823,0.3278738
04D3nr,0.960751,43.831189,0.116274,44.240742,-0.40955246,44.236854,-0.40566536
Patuxent,0.970782,44.981973,0.118744,44.268855,0.71311791,44.265156,0.71681719
Ombo,0.97423,44.440738,0.118033,44.278453,0.16228528,44.274824,0.16591414
05D2my,0.98328,44.24164,0.114718,44.303486,-0.061846017,44.300056,-0.058416385
04D1rx,0.983407,44.45169,0.114131,44.303836,0.14785428,44.300409,0.15128097
04D3lp,0.983777,44.059273,0.14188,44.304854,-0.2455811,44.301436,-0.24216302
04D1iv,0.99639,44.502238,0.112483,44.339351,0.1628871,44.336247,0.1659908
06D4cl,0.997826,44.262545,0.115855,44.343251,-0.080706115,44.340185,-0.077640829
04D3dd,1.002795,44.48442,0.13731,44.356704,0.12771637,44.353776,0.1306446
Eagle,1.020807,44.629845,0.118836,44.404925,0.22492067,44.402548,0.22729768
04D4dw,1.0288,44.481966,0.1248,44.426055,0.055911023,44.42395,0.058015881
06D3en,1.060801,44.364937,0.132013,44.509056,-0.14411899,44.508212,-0.14327522
Gabi,1.12085,44.767999,0.121686,44.65831,0.10968834,44.660581,0.10741705
Lancaster,1.230892,45.06621,0.128558,44.912206,0.15400383,44.922707,0.14350255
Torngasek,1.265901,45.01046,0.128614,44.988222,0.02223794,45.002006,0.008454035
Aphrodite,1.299106,45.053559,0.128055,45.058389,-0.0048299431,45.07557,-0.022011498
