Name,zcmb,mu_obs,e_mu_obs,mu_model_lcdm,residual_lcdm,mu_model_LambdaCDM,residual_LambdaCDM
sn1999ac,0.01006,33.076313,0.174566,33.153883,-0.077570156,33.153883,-0.077570156
sn2004s,0.010291,33.121922,0.173593,33.203563,-0.081640765,33.203563,-0.081640765
sn1997do,0.01055,33.243687,0.17309,33.257965,-0.014278421,33.257965,-0.014278421
sn2002dp,0.010888,33.394833,0.169021,33.327002,0.067831247,33.327002,0.067831247
sn2006bh,0.011184,33.418357,0.166533,33.385736,0.032621169,33.385736,0.032621169
sn2005al,0.012317,34.043068,0.16145,33.597143,0.44592589,33.597143,0.44592589
sn2001ep,0.013324,33.655632,0.158624,33.769449,-0.11381712,33.769449,-0.11381712
sn1999dq,0.013533,33.4709,0.158393,33.80359,-0.33268955,33.80359,-0.33268955
sn2002ha,0.013652,33.839835,0.157774,33.822796,0.017038838,33.822796,0.017038838
sn2001bt,0.014151,33.705787,0.157186,33.901571,-0.1957839,33.901571,-0.1957839
sn1997e,0.014256,33.855479,0.1564,33.917796,-0.062317408,33.917796,-0.062317408
sn1992al,0.014411,33.837916,0.156643,33.941533,-0.1036165,33.941533,-0.1036165
sn1999dk,0.01444,33.737233,0.157099,33.945946,-0.20871263,33.945946,-0.20871263
sn2005bo,0.014467,33.887535,0.154784,33.950047,-0.062511689,33.950047,-0.062511689
sn2001fe,0.014575,34.021211,0.155333,33.966374,0.054836213,33.966374,0.054836213
sn2006n,0.0147,34.085762,0.155008,33.985123,0.10063872,33.985123,0.10063872
sn2005kc,0.01496,33.980505,0.153548,34.023622,-0.043116413,34.023622,-0.043116413
sn2005el,0.015154,34.106559,0.153758,34.051918,0.054640503,34.051918,0.054640503
sn2004eo,0.015469,33.821144,0.153515,34.09711,-0.27596613,34.09711,-0.27596613
sn2001en,0.015482,33.99586,0.154168,34.098955,-0.10309483,34.098955,-0.10309483
sn2001cn,0.015487,33.856674,0.153742,34.099665,-0.24299006,34.099665,-0.24299006
sn2001bf,0.015504,33.940834,0.153374,34.102075,-0.16124073,34.102075,-0.16124073
sn2001cz,0.015554,33.994274,0.153417,34.109148,-0.11487402,34.109148,-0.11487402
sn1999aa,0.015573,34.202002,0.153276,34.11183,0.090171825,34.11183,0.090171825
sn1994s,0.015664,34.062095,0.154751,34.124632,-0.06253659,34.124632,-0.06253659
sn2004ey,0.015678,34.159785,0.151905,34.126595,0.033190362,34.126595,0.033190362
sn2001v,0.015791,33.855547,0.152742,34.142375,-0.28682793,34.142375,-0.28682793
sn2006td,0.015999,34.303185,0.153171,34.171131,0.13205395,34.171131,0.13205395
sn1996bv,0.016966,34.007209,0.153258,34.300148,-0.29293881,34.300148,-0.29293881
sn2006ax,0.017387,34.395547,0.148936,34.354063,0.04148459,34.354063,0.04148459
sn1998v,0.01745,34.146628,0.150702,34.362019,-0.21539104,34.362019,-0.21539104
sn2000dk,0.017483,34.199729,0.150122,34.366176,-0.16644664,34.366176,-0.16644664
sn1998ef,0.017672,33.973923,0.150611,34.389834,-0.41591115,34.389834,-0.41591115
sn2007ci,0.018599,34.476068,0.149282,34.502367,-0.026299241,34.502367,-0.026299241
sn1992bo,0.018902,34.68293,0.149087,34.537953,0.14497783,34.537953,0.14497783
sn2002kf,0.019581,34.742169,0.147459,34.615695,0.12647416,34.615695,0.12647416
sn2006ej,0.02039,34.748902,0.147727,34.704925,0.043976748,34.704925,0.043976748
sn2005ki,0.020396,34.69654,0.145393,34.705574,-0.0090333681,34.705574,-0.0090333681
sn1992bc,0.020792,34.611741,0.14683,34.747974,-0.1362332,34.747974,-0.1362332
sn2003w,0.020997,34.619272,0.145587,34.769613,-0.15034079,34.769613,-0.15034079
sn2002jy,0.021541,35.043998,0.145405,34.82604,0.21795733,34.82604,0.21795733
sn2007bc,0.021706,34.823241,0.146331,34.842878,-0.019636799,34.842878,-0.019636799
sn2006bq,0.021956,34.890393,0.145024,34.868151,0.022241651,34.868151,0.022241651
sn2008bf,0.022068,34.948236,0.144685,34.879382,0.068854152,34.879382,0.068854152
sn1995ak,0.022399,34.68654,0.149213,34.912248,-0.2257079,34.912248,-0.2257079
sn2006et,0.022466,34.775523,0.145994,34.918842,-0.14331869,34.918842,-0.14331869
sn2006mp,0.022629,35.162767,0.145184,34.934805,0.22796282,34.934805,0.22796282
sn2006ar,0.02298,35.101878,0.145076,34.968797,0.13308093,34.968797,0.13308093
sn2006cp,0.023321,34.824838,0.144025,35.001336,-0.17649811,35.001336,-0.17649811
sn2000ca,0.02336,34.999952,0.144317,35.005027,-0.0050755474,35.005027,-0.0050755474
sn2006ac,0.023471,35.012156,0.143695,35.015501,-0.0033450552,35.015501,-0.0033450552
sn2000cn,0.023552,34.97956,0.144309,35.023113,-0.043553676,35.023113,-0.043553676
sn2007f,0.02381,35.204577,0.144315,35.047189,0.15738712,35.047189,0.15738712
sn2007qe,0.023867,35.063685,0.14435,35.052474,0.011210605,35.052474,0.011210605
sn1993h,0.023909,35.098082,0.145547,35.05636,0.041721765,35.05636,0.041721765
sn2006sr,0.024159,35.023661,0.14338,35.079352,-0.055691176,35.079352,-0.055691176
sn2005bg,0.024586,35.073339,0.142334,35.118088,-0.044749407,35.118088,-0.044749407
sn2002he,0.024725,35.193717,0.145176,35.130555,0.063161932,35.130555,0.063161932
sn2002bf,0.024746,34.819134,0.147523,35.132433,-0.3132983,35.132433,-0.3132983
sn1994m,0.024951,34.970533,0.145319,35.150679,-0.18014573,35.150679,-0.18014573
sn1992ag,0.025198,34.99283,0.148276,35.172469,-0.17963843,35.172469,-0.17963843
sn2007cq,0.025468,34.943635,0.143429,35.196049,-0.25241435,35.196049,-0.25241435
sn2005ms,0.026567,35.377692,0.142099,35.289562,0.088130146,35.289562,0.088130146
sn1999gp,0.026677,35.353986,0.142999,35.298712,0.05527457,35.298712,0.05527457
sn2005na,0.026881,35.274075,0.141195,35.315583,-0.041507369,35.315583,-0.041507369
sn2007co,0.027064,35.208077,0.141685,35.330611,-0.1225333,35.330611,-0.1225333
sn2004gs,0.027499,35.554208,0.140928,35.365936,0.18827153,35.365936,0.18827153
sn1992p,0.027637,35.512376,0.144083,35.377028,0.13534778,35.377028,0.13534778
sn1998ab,0.027688,34.989967,0.143171,35.381114,-0.39114717,35.381114,-0.39114717
sn2002de,0.027748,35.482228,0.141846,35.385911,0.096317035,35.385911,0.096317035
sn2003u,0.028561,35.339311,0.14269,35.449928,-0.11061729,35.449928,-0.11061729
sn2005eq,0.029086,35.610269,0.141059,35.490325,0.11994321,35.490325,0.11994321
sn2006qo,0.029526,35.436744,0.142005,35.523635,-0.086891844,35.523635,-0.086891844
sn1990o,0.030325,35.497775,0.143169,35.582899,-0.085124527,35.582899,-0.085124527
sn2001ba,0.030381,35.669209,0.142175,35.586995,0.082213866,35.586995,0.082213866
sn2003ch,0.030416,35.690108,0.140939,35.589552,0.10055666,35.589552,0.10055666
sn1997dg,0.030482,35.947597,0.1417,35.594364,0.35323314,35.594364,0.35323314
sn1996c,0.030721,35.590467,0.142617,35.611707,-0.021240337,35.611707,-0.021240337
sn2006bt,0.031484,35.80412,0.140272,35.666202,0.1379175,35.666202,0.1379175
sn2006az,0.031485,35.68697,0.140346,35.666273,0.020696598,35.666273,0.020696598
sn2007bd,0.031638,35.584368,0.14121,35.677045,-0.092676269,35.677045,-0.092676269
sn1999cc,0.031764,35.633256,0.140686,35.685877,-0.052621214,35.685877,-0.052621214
sn2004as,0.032538,35.8802,0.14043,35.739394,0.14080608,35.739394,0.14080608
sn2004l,0.033173,35.745515,0.143111,35.782379,-0.036863149,35.782379,-0.036863149
sn2006s,0.033255,35.96312,0.139885,35.787871,0.17524918,35.787871,0.17524918
sn2006gr,0.033614,35.91306,0.139809,35.81176,0.10130016,35.81176,0.10130016
sn2005iq,0.034074,36.012203,0.138969,35.842009,0.170194,35.842009,0.170194
sn2005eu,0.034781,35.901769,0.141596,35.887731,0.014037678,35.887731,0.014037678
sn1996bl,0.034854,35.742786,0.141007,35.8924,-0.14961454,35.8924,-0.14961454
sn2003iv,0.034971,36.008294,0.140126,35.899864,0.10842992,35.899864,0.10842992
sn1992bg,0.035218,35.883836,0.14465,35.915541,-0.031705017,35.915541,-0.031705017
sn2002hd,0.035755,35.691602,0.142258,35.949256,-0.25765393,35.949256,-0.25765393
SDSS17784,0.03652,36.08076,0.115396,35.996443,0.084316672,35.996443,0.084316672
sn2000cf,0.036934,36.125246,0.140956,36.021579,0.10366722,36.021579,0.10366722
sn2006nz,0.03695,36.067055,0.114021,36.022545,0.044510002,36.022545,0.044510002
sn2006mo,0.036969,36.135765,0.141722,36.023691,0.11207353,36.023691,0.11207353
sn2001eh,0.037075,36.029637,0.139296,36.030077,-0.00044016929,36.030077,-0.00044016929
sn2002hu,0.038086,36.047263,0.138952,36.090103,-0.04284004,36.090103,-0.04284004
sn1999aw,0.039083,36.261874,0.139901,36.147796,0.11407834,36.147796,0.11407834
sn2003fa,0.039219,36.157637,0.138984,36.155555,0.0020821159,36.155555,0.0020821159
sn2001az,0.040259,36.35703,0.142119,36.214033,0.14299696,36.214033,0.14299696
sn2005lz,0.040689,36.276362,0.139014,36.237783,0.038579654,36.237783,0.038579654
sn1992bh,0.041657,36.527303,0.141016,36.290366,0.23693643,36.290366,0.23693643
sn1992bl,0.0424,36.296029,0.142756,36.329927,-0.033898645,36.329927,-0.033898645
SDSS10805,0.04413,36.27164,0.11486,36.419491,-0.14785148,36.419491,-0.14785148
SDSS14279,0.04428,36.292702,0.113705,36.427096,-0.13439359,36.427096,-0.13439359
sn2005hc,0.04492,36.564561,0.111373,36.459262,0.10529873,36.459262,0.10529873
sn2004gu,0.046856,36.447889,0.137271,36.553926,-0.1060365,36.553926,-0.1060365
sn1995ac,0.048984,36.350468,0.139079,36.653698,-0.30323005,36.653698,-0.30323005
sn1993ag,0.049325,36.589362,0.140167,36.669295,-0.079932721,36.669295,-0.079932721
sn1990af,0.049519,36.643828,0.139446,36.678121,-0.034293813,36.678121,-0.034293813
sn1993o,0.053126,36.846507,0.139575,36.83641,0.01009712,36.83641,0.01009712
sn1998dx,0.05386,36.749621,0.140685,36.867345,-0.11772419,36.867345,-0.11772419
sn1999ao,0.054931,37.041519,0.143919,36.91176,0.12975911,36.91176,0.12975911
SDSS19968,0.05499,36.903421,0.112893,36.914182,-0.010761536,36.914182,-0.010761536
SDSS6558,0.05634,37.006419,0.112867,36.968935,0.037483162,36.968935,0.037483162
SDSS14318,0.05654,36.864026,0.122398,36.976939,-0.1129128,36.976939,-0.1129128
SDSS17745,0.05874,37.218674,0.114585,37.063222,0.15545207,37.063222,0.15545207
sn2006ob,0.059289,37.049891,0.111086,37.084268,-0.034377055,37.084268,-0.034377055
sn2006oa,0.060959,37.14167,0.11093,37.147152,-0.0054818393,37.147152,-0.0054818393
SDSS3901,0.062818,37.129647,0.112357,37.215232,-0.085585197,37.215232,-0.085585197
sn2007ae,0.062961,37.139126,0.140212,37.220388,-0.081262375,37.220388,-0.081262375
sn1992bs,0.063345,37.416847,0.141293,37.234179,0.18266816,37.234179,0.18266816
SDSS10028,0.064229,37.197295,0.112975,37.265624,-0.068329096,37.265624,-0.068329096
sn2006an,0.065193,37.374426,0.139912,37.299445,0.074981159,37.299445,0.074981159
SDSS6057,0.06651,37.294806,0.112612,37.344881,-0.050075654,37.344881,-0.050075654
sn2006al,0.069122,37.617081,0.145157,37.432497,0.18458466,37.432497,0.18458466
sn2006on,0.069751,37.294725,0.111409,37.453121,-0.15839597,37.453121,-0.15839597
sn1993b,0.070153,37.383197,0.146379,37.466209,-0.083012024,37.466209,-0.083012024
SDSS17240,0.07153,37.392019,0.157968,37.510502,-0.11848269,37.510502,-0.11848269
SDSS17880,0.07195,37.342194,0.112772,37.523849,-0.18165487,37.523849,-0.18165487
sn1992ae,0.074579,37.484462,0.141947,37.605741,-0.12127947,37.605741,-0.12127947
sn2005ir,0.07487,37.600639,0.110074,37.614636,-0.013996744,37.614636,-0.013996744
SDSS19155,0.07592,37.770136,0.112389,37.646455,0.12368033,37.646455,0.12368033
sn1999bp,0.078317,37.726108,0.138307,37.717548,0.0085595962,37.717548,0.0085595962
SDSS17186,0.07849,38.035737,0.113854,37.722599,0.31313802,37.722599,0.31313802
sn1992bp,0.07884,37.541851,0.138584,37.732784,-0.19093251,37.732784,-0.19093251
SDSS12779,0.07891,37.822083,0.117766,37.734815,0.087267584,37.734815,0.087267584
SDSS12898,0.07997,37.842822,0.112109,37.765375,0.077447181,37.765375,0.077447181
sn2005ag,0.080103,37.667141,0.136253,37.769182,-0.10204088,37.769182,-0.10204088
SDSS12950,0.08133,37.935407,0.111814,37.804022,0.13138502,37.804022,0.13138502
SDSS12781,0.08304,38.065672,0.115125,37.85175,0.21392276,37.85175,0.21392276
SDSS722,0.08522,37.970228,0.128423,37.911256,0.058971563,37.911256,0.058971563
SDSS3592,0.08528,37.928381,0.111932,37.912874,0.015507269,37.912874,0.015507269
SDSS21502,0.08784,37.989534,0.112907,37.980886,0.0086480977,37.980886,0.0086480977
SDSS1241,0.08889,37.936103,0.11251,38.008238,-0.072135143,38.008238,-0.072135143
SDSS19899,0.09007,38.021375,0.111899,38.038612,-0.017236758,38.038612,-0.017236758
SDSS17258,0.0901,37.828996,0.124187,38.03938,-0.21038306,38.03938,-0.21038306
SDSS774,0.09243,38.160297,0.122156,38.098244,0.062053228,38.098244,0.062053228
SDSS18241,0.09391,38.333255,0.11374,38.134907,0.19834837,38.134907,0.19834837
SDSS2102,0.09401,38.212454,0.112725,38.137364,0.075089649,38.137364,0.075089649
SDSS16185,0.09582,38.280928,0.112716,38.18142,0.09950809,38.18142,0.09950809
SDSS13038,0.10264,38.528458,0.113322,38.34063,0.18782757,38.34063,0.18782757
SDSS10434,0.10289,38.47728,0.114221,38.346274,0.13100615,38.346274,0.13100615
SDSS13135,0.10337,38.400372,0.111598,38.357074,0.04329735,38.357074,0.04329735
SDSS20064,0.10391,38.25769,0.112416,38.369168,-0.11147758,38.369168,-0.11147758
SDSS14816,0.10589,38.259627,0.112285,38.413009,-0.15338282,38.413009,-0.15338282
SDSS18697,0.10602,38.388928,0.111682,38.415861,-0.026933143,38.415861,-0.026933143
SDSS20625,0.10667,38.529439,0.112607,38.430068,0.099370732,38.430068,0.099370732
SDSS18375,0.10725,38.205555,0.111743,38.442676,-0.23712135,38.442676,-0.23712135
SDSS21034,0.10751,38.544067,0.112402,38.448308,0.095759801,38.448308,0.095759801
SDSS7147,0.10924,38.548224,0.112096,38.485453,0.06277164,38.485453,0.06277164
SDSS18650,0.11271,38.715163,0.112009,38.558314,0.15684853,38.558314,0.15684853
SDSS11067,0.11304,38.632945,0.112246,38.565133,0.067812042,38.565133,0.067812042
SDSS18612,0.11368,38.434426,0.111953,38.578304,-0.14387753,38.578304,-0.14387753
SDSS16641,0.11389,38.794576,0.113093,38.58261,0.21196556,38.58261,0.21196556
SDSS16619,0.11402,38.462485,0.11346,38.585272,-0.12278699,38.585272,-0.12278699
SDSS5395,0.11635,38.729957,0.111949,38.632508,0.097448297,38.632508,0.097448297
SDSS8719,0.11651,38.672468,0.113022,38.635719,0.036748362,38.635719,0.036748362
SDSS2561,0.11741,38.700061,0.112518,38.653704,0.046357122,38.653704,0.046357122
SDSS19953,0.11767,38.741727,0.111671,38.658875,0.082852163,38.658875,0.082852163
SDSS16259,0.11771,38.640093,0.113079,38.65967,-0.019577395,38.65967,-0.019577395
SDSS1371,0.11771,38.527971,0.11196,38.65967,-0.13169847,38.65967,-0.13169847
SDSS14871,0.11845,38.812895,0.111824,38.674325,0.13857006,38.674325,0.13857006
SDSS18298,0.11863,38.416553,0.127194,38.677877,-0.26132395,38.677877,-0.26132395
SDSS13894,0.11966,38.95985,0.113363,38.698104,0.26174542,38.698104,0.26174542
SDSS13044,0.11967,38.837411,0.112171,38.6983,0.13911136,38.6983,0.13911136
SDSS5549,0.11967,38.717946,0.111976,38.6983,0.019646496,38.6983,0.019646496
SDSS12860,0.12044,38.780122,0.113463,38.713313,0.066809122,38.713313,0.066809122
SDSS19543,0.12164,38.946145,0.112462,38.736532,0.20961328,38.736532,0.20961328
SDSS18835,0.12262,38.707357,0.11183,38.755335,-0.047978199,38.755335,-0.047978199
SDSS16021,0.12276,38.737216,0.112478,38.758009,-0.020792918,38.758009,-0.020792918
SDSS21669,0.12281,38.662602,0.129766,38.758964,-0.096361669,38.758964,-0.096361669
SDSS2916,0.12303,38.721556,0.119632,38.763159,-0.041603352,38.763159,-0.041603352
SDSS6406,0.12376,38.686488,0.111795,38.777031,-0.090542535,38.777031,-0.090542535
SDSS20470,0.1244,38.959303,0.113068,38.789129,0.17017386,38.789129,0.17017386
06D2fb,0.125298,38.812432,0.085713,38.806006,0.0064266318,38.806006,0.0064266318
SDSS13005,0.12593,38.931494,0.157613,38.817816,0.11367789,38.817816,0.11367789
SDSS2992,0.12608,38.626104,0.113495,38.820611,-0.19450674,38.820611,-0.19450674
SDSS744,0.12649,38.834716,0.118731,38.828234,0.0064822622,38.828234,0.0064822622
SDSS18855,0.12715,38.872201,0.111895,38.840457,0.031743966,38.840457,0.031743966
SDSS16069,0.12739,38.792596,0.113191,38.844887,-0.052291095,38.844887,-0.052291095
SDSS18809,0.12837,38.870821,0.112485,38.862895,0.0079260224,38.862895,0.0079260224
SDSS22075,0.12893,38.840284,0.113756,38.873128,-0.032843968,38.873128,-0.032843968
SDSS1032,0.12903,38.873791,0.115931,38.874951,-0.0011598856,38.874951,-0.0011598856
SDSS5751,0.12953,38.807645,0.112137,38.884045,-0.076400585,38.884045,-0.076400585
SDSS20084,0.12961,39.141727,0.113865,38.885497,0.2562291,38.885497,0.2562291
SDSS18415,0.12961,38.956012,0.113841,38.885497,0.070514725,38.885497,0.070514725
SDSS17280,0.13045,39.199031,0.147057,38.900694,0.29833681,38.900694,0.29833681
SDSS14108,0.13243,39.234972,0.112393,38.936154,0.2988179,38.936154,0.2988179
SDSS18602,0.13362,39.077669,0.113865,38.957228,0.12044109,38.957228,0.12044109
SDSS15508,0.13392,38.966034,0.111798,38.962513,0.0035210836,38.962513,0.0035210836
SDSS15234,0.13508,39.242322,0.113196,38.982844,0.25947723,38.982844,0.25947723
SDSS17629,0.13588,38.873391,0.113673,38.996771,-0.12338022,38.996771,-0.12338022
SDSS19775,0.13668,38.995995,0.113428,39.010622,-0.014626398,39.010622,-0.014626398
SDSS17366,0.13811,38.981395,0.112284,39.035191,-0.05379571,39.035191,-0.05379571
SDSS15171,0.13818,39.048423,0.11186,39.036388,0.012035557,39.036388,0.012035557
SDSS17208,0.13864,39.36218,0.119461,39.044237,0.3179426,39.044237,0.3179426
SDSS12928,0.13868,39.066861,0.116765,39.044918,0.021942448,39.044918,0.021942448
SDSS1794,0.14139,39.200636,0.113002,39.09066,0.10997558,39.09066,0.10997558
SDSS14437,0.14265,39.13653,0.112226,39.111649,0.024881061,39.111649,0.024881061
SDSS2635,0.1431,39.139085,0.112072,39.119103,0.019981826,39.119103,0.019981826
SDSS13796,0.1436,39.058163,0.111766,39.12736,-0.069196723,39.12736,-0.069196723
SDSS17497,0.14382,39.107025,0.111949,39.130984,-0.023959489,39.130984,-0.023959489
SDSS8921,0.14401,39.137892,0.114616,39.13411,0.0037812958,39.13411,0.0037812958
SDSS16073,0.14468,39.430541,0.112388,39.145103,0.28543813,39.145103,0.28543813
SDSS14024,0.14478,39.128046,0.114439,39.14674,-0.01869412,39.14674,-0.01869412
SDSS17605,0.14533,39.165471,0.119235,39.155723,0.0097481353,39.155723,0.0097481353
SDSS11300,0.14547,38.873755,0.113737,39.158004,-0.28424878,39.158004,-0.28424878
SDSS21062,0.14564,39.482628,0.114307,39.160772,0.32185599,39.160772,0.32185599
SDSS19940,0.14582,39.01236,0.112189,39.163699,-0.15133839,39.163699,-0.15133839
SDSS12930,0.14607,39.310932,0.117074,39.167758,0.14317357,39.167758,0.14317357
SDSS2308,0.148,39.305036,0.111944,39.198884,0.10615188,39.198884,0.10615188
SDSS21510,0.14839,39.153355,0.11378,39.205127,-0.05177173,39.205127,-0.05177173
SDSS16116,0.1486,39.394763,0.112448,39.208483,0.18628019,39.208483,0.18628019
SDSS13736,0.14901,39.262975,0.112283,39.215021,0.047953655,39.215021,0.047953655
SDSS16206,0.15065,39.118932,0.113842,39.241009,-0.12207699,39.241009,-0.12207699
SDSS2031,0.15186,39.204258,0.112035,39.260015,-0.055757018,39.260015,-0.055757018
SDSS15132,0.15295,39.375366,0.111718,39.277015,0.098351681,39.277015,0.098351681
SDSS19353,0.15322,39.272281,0.113617,39.281208,-0.0089268984,39.281208,-0.0089268984
SDSS18323,0.15363,39.448143,0.115274,39.287563,0.16057943,39.287563,0.16057943
SDSS17253,0.15463,39.371679,0.1715,39.302997,0.068682469,39.302997,0.068682469
SDSS5550,0.15473,39.335028,0.111655,39.304535,0.030492709,39.304535,0.030492709
SDSS18030,0.15506,39.511723,0.118308,39.309605,0.20211814,39.309605,0.20211814
SDSS18740,0.15575,39.142044,0.111931,39.320173,-0.17812926,39.320173,-0.17812926
SDSS16165,0.15596,39.343842,0.112725,39.323381,0.020461541,39.323381,0.020461541
SDSS13354,0.15653,39.221901,0.113012,39.332067,-0.11016604,39.332067,-0.11016604
SDSS17171,0.15895,39.372873,0.145393,39.368621,0.0042527443,39.368621,0.0042527443
SDSS15425,0.15935,39.113679,0.111983,39.374613,-0.26093381,39.374613,-0.26093381
SDSS17825,0.15999,39.420751,0.113136,39.384171,0.036579999,39.384171,0.036579999
SDSS3317,0.15999,39.263229,0.113095,39.384171,-0.12094219,39.384171,-0.12094219
SDSS2689,0.16035,39.250122,0.114045,39.389532,-0.13940913,39.389532,-0.13940913
SDSS5103,0.1605,39.327255,0.113217,39.391762,-0.064506787,39.391762,-0.064506787
SDSS13411,0.1618,39.568869,0.120879,39.411011,0.15785774,39.411011,0.15785774
SDSS20430,0.16284,39.558532,0.114429,39.426307,0.13222519,39.426307,0.13222519
SDSS19174,0.16357,39.286594,0.114386,39.43699,-0.15039604,39.43699,-0.15039604
SDSS20764,0.16387,39.453797,0.113522,39.441367,0.012430213,39.441367,0.012430213
SDSS3087,0.1644,39.365084,0.11306,39.449082,-0.083997693,39.449082,-0.083997693
SDSS19616,0.16455,39.387664,0.113442,39.451261,-0.06359764,39.451261,-0.06359764
SDSS12843,0.16565,39.202247,0.118455,39.467186,-0.26493925,39.467186,-0.26493925
SDSS12853,0.16817,39.333731,0.116716,39.503302,-0.16957154,39.503302,-0.16957154
SDSS15897,0.16869,39.544445,0.116161,39.510692,0.033752564,39.510692,0.033752564
05D3ne,0.169455,39.580732,0.088415,39.521526,0.059206052,39.521526,0.059206052
SDSS12856,0.17028,39.584277,0.112043,39.533158,0.051119625,39.533158,0.051119625
SDSS12855,0.17063,39.435724,0.114853,39.538077,-0.10235243,39.538077,-0.10235243
SDSS17220,0.17066,39.397723,0.115012,39.538498,-0.14077466,39.538498,-0.14077466
SDSS17389,0.1707,39.808694,0.115438,39.539059,0.26963454,39.539059,0.26963454
SDSS15453,0.17373,39.836681,0.114314,39.581241,0.25543958,39.581241,0.25543958
SDSS3080,0.17374,39.463768,0.112831,39.581379,-0.11761164,39.581379,-0.11761164
SDSS15648,0.17383,39.525192,0.122163,39.582622,-0.057429712,39.582622,-0.057429712
SDSS14421,0.17386,39.700435,0.112491,39.583036,0.11739948,39.583036,0.11739948
SDSS12927,0.17415,39.359493,0.118918,39.587034,-0.22754143,39.587034,-0.22754143
SDSS19969,0.1742,39.514497,0.113041,39.587723,-0.073225992,39.587723,-0.073225992
SDSS19282,0.17558,39.635173,0.113152,39.606662,0.028511612,39.606662,0.028511612
SDSS18807,0.17625,39.745679,0.113139,39.615807,0.12987262,39.615807,0.12987262
SDSS14979,0.17653,39.625476,0.11256,39.619619,0.0058570266,39.619619,0.0058570266
SDSS18604,0.17656,39.813561,0.113509,39.620027,0.1935344,39.620027,0.1935344
SDSS15365,0.17656,39.786039,0.113446,39.620027,0.16601212,39.620027,0.16601212
SDSS17274,0.17658,40.146933,0.1635,39.620299,0.52663417,39.620299,0.52663417
SDSS15583,0.17706,39.666107,0.113873,39.62682,0.039286871,39.62682,0.039286871
SDSS17218,0.17757,39.634082,0.114576,39.63373,0.00035238313,39.63373,0.00035238313
SDSS14451,0.17789,39.574974,0.112906,39.638056,-0.063082271,39.638056,-0.063082271
SDSS5635,0.1781,40.052473,0.117139,39.640891,0.41158197,39.640891,0.41158197
SDSS15461,0.17865,39.697223,0.113319,39.648302,0.048920135,39.648302,0.048920135
SDSS2372,0.17962,39.562818,0.113572,39.661321,-0.098503055,39.661321,-0.098503055
SDSS6936,0.17969,39.686965,0.113497,39.662258,0.024706487,39.662258,0.024706487
SDSS13254,0.17981,39.981137,0.120493,39.663864,0.31727321,39.663864,0.31727321
SDSS14284,0.18037,39.447761,0.112763,39.671343,-0.2235822,39.671343,-0.2235822
SDSS13045,0.18055,39.543292,0.118342,39.673743,-0.13045069,39.673743,-0.13045069
SDSS20048,0.18056,39.793426,0.117002,39.673876,0.11955048,39.673876,0.11955048
SDSS17215,0.18079,39.621278,0.117616,39.676938,-0.055660362,39.676938,-0.055660362
SDSS15443,0.18122,39.590054,0.112167,39.682654,-0.092600084,39.682654,-0.092600084
SDSS17332,0.18204,39.584028,0.115898,39.69352,-0.10949165,39.69352,-0.10949165
SDSS6422,0.18255,39.764285,0.112208,39.700255,0.064029647,39.700255,0.064029647
SDSS16281,0.18255,39.62761,0.114391,39.700255,-0.072645344,39.700255,-0.072645344
SDSS17168,0.18257,39.842601,0.115147,39.700519,0.14208224,39.700519,0.14208224
SDSS14984,0.1828,39.834222,0.115225,39.70355,0.13067211,39.70355,0.13067211
SDSS1580,0.18322,39.566101,0.114206,39.709077,-0.14297568,39.709077,-0.14297568
SDSS8213,0.18327,39.569065,0.117564,39.709734,-0.14066847,39.709734,-0.14066847
SDSS15421,0.18435,39.851818,0.112927,39.723887,0.12793087,39.723887,0.12793087
05D2ah,0.185371,39.794575,0.085522,39.737197,0.057377687,39.737197,0.057377687
SDSS19101,0.18563,39.658661,0.11449,39.740563,-0.081901047,39.740563,-0.081901047
SDSS5994,0.18581,39.82584,0.114889,39.742899,0.082940664,39.742899,0.082940664
SDSS21861,0.18655,39.624409,0.121972,39.752482,-0.128073,39.752482,-0.128073
SDSS18749,0.18667,39.720546,0.114334,39.754033,-0.033486722,39.754033,-0.033486722
SDSS20687,0.18772,39.620767,0.118492,39.767563,-0.14679557,39.767563,-0.14679557
SDSS6304,0.18965,39.711922,0.113593,39.79225,-0.080328306,39.79225,-0.080328306
SDSS762,0.1901,39.961754,0.114249,39.797973,0.1637813,39.797973,0.1637813
SDSS18804,0.19084,39.750769,0.112617,39.807356,-0.056586862,39.807356,-0.056586862
SDSS16276,0.19176,39.870269,0.114367,39.818975,0.051294167,39.818975,0.051294167
SDSS18787,0.19191,40.161918,0.114568,39.820865,0.3410528,39.820865,0.3410528
SDSS16618,0.19198,39.705824,0.114573,39.821746,-0.1159225,39.821746,-0.1159225
SDSS2440,0.19215,40.019265,0.114217,39.823885,0.19538019,39.823885,0.19538019
SDSS16100,0.19392,39.899804,0.117691,39.846053,0.053750919,39.846053,0.053750919
SDSS2246,0.19422,39.859825,0.11684,39.849792,0.010033084,39.849792,0.010033084
SDSS20575,0.19465,39.588541,0.114454,39.855142,-0.26660046,39.855142,-0.26660046
SDSS19149,0.19494,39.551078,0.11376,39.858743,-0.30766541,39.858743,-0.30766541
SDSS16099,0.1958,39.968351,0.113084,39.869395,0.098955254,39.869395,0.098955254
SDSS15674,0.19654,40.006128,0.117701,39.878526,0.12760198,39.878526,0.12760198
SDSS18768,0.19671,40.079696,0.118689,39.880619,0.19907643,39.880619,0.19907643
SDSS15129,0.19699,39.844063,0.114008,39.884063,-0.040000155,39.884063,-0.040000155
SDSS13070,0.19709,39.980877,0.116183,39.885292,0.095584937,39.885292,0.095584937
SDSS15901,0.19794,39.955027,0.114551,39.895714,0.059312661,39.895714,0.059312661
SDSS15222,0.19801,39.775762,0.115064,39.896571,-0.12080873,39.896571,-0.12080873
SDSS19658,0.19863,40.022234,0.116081,39.904144,0.11808948,39.904144,0.11808948
SDSS17811,0.19867,39.987938,0.114249,39.904632,0.083305456,39.904632,0.083305456
SDSS16737,0.1988,39.742162,0.124264,39.906217,-0.16405489,39.906217,-0.16405489
SDSS13305,0.19959,40.002195,0.115206,39.915828,0.08636695,39.915828,0.08636695
SDSS6780,0.20061,39.850487,0.120729,39.928186,-0.07769907,39.928186,-0.07769907
SDSS15872,0.20203,39.91546,0.117009,39.945293,-0.029832198,39.945293,-0.029832198
SDSS7243,0.20231,39.997872,0.117808,39.948653,0.049219077,39.948653,0.049219077
SDSS16032,0.20318,40.030084,0.114994,39.959066,0.071017943,39.959066,0.071017943
SDSS14212,0.20399,40.015354,0.114245,39.968724,0.046630053,39.968724,0.046630053
SDSS18965,0.20466,40.025888,0.115117,39.976685,0.049202905,39.976685,0.049202905
SDSS17801,0.20515,40.189933,0.131465,39.982493,0.20743962,39.982493,0.20743962
SDSS20581,0.20554,39.977925,0.114345,39.987106,-0.0091816044,39.987106,-0.0091816044
SDSS19913,0.20557,40.064992,0.114899,39.987461,0.07753113,39.987461,0.07753113
SDSS13152,0.2056,39.725076,0.113718,39.987815,-0.26273912,39.987815,-0.26273912
SDSS15201,0.20704,40.382853,0.117479,40.004775,0.37807813,40.004775,0.37807813
SDSS13641,0.20852,40.053077,0.114386,40.022092,0.030985115,40.022092,0.030985115
SDSS15467,0.2091,39.965702,0.115699,40.028847,-0.063145299,40.028847,-0.063145299
SDSS13425,0.20953,39.97229,0.131221,40.033845,-0.061554762,40.033845,-0.061554762
SDSS16473,0.2096,40.098031,0.115465,40.034657,0.063373892,40.034657,0.063373892
04D1dc,0.210032,39.940759,0.085765,40.039667,-0.09890778,40.039667,-0.09890778
SDSS19425,0.21025,40.06196,0.128931,40.042191,0.019768601,40.042191,0.019768601
SDSS15259,0.21054,39.946447,0.11424,40.045545,-0.099097999,40.045545,-0.099097999
SDSS17875,0.21075,40.325716,0.116152,40.047972,0.27774466,40.047972,0.27774466
SDSS14157,0.21082,39.870705,0.11447,40.04878,-0.17807449,40.04878,-0.17807449
SDSS7847,0.21134,39.893376,0.115658,40.054777,-0.16140026,40.054777,-0.16140026
SDSS6933,0.21163,39.953113,0.114069,40.058115,-0.10500219,40.058115,-0.10500219
SDSS2330,0.21179,40.41951,0.124547,40.059955,0.35955514,40.059955,0.35955514
SDSS18466,0.21226,40.021027,0.115112,40.065353,-0.044325535,40.065353,-0.044325535
SDSS14331,0.2126,40.27207,0.116607,40.06925,0.20281921,40.06925,0.20281921
SDSS8495,0.21295,40.048138,0.121443,40.073257,-0.025119163,40.073257,-0.025119163
SDSS18927,0.21323,39.856819,0.117876,40.076458,-0.21963916,40.076458,-0.21963916
SDSS20364,0.21382,40.133128,0.11761,40.08319,0.049938196,40.08319,0.049938196
SDSS7473,0.21457,40.213491,0.114262,40.091722,0.12176846,40.091722,0.12176846
SDSS15203,0.21468,40.01396,0.114437,40.092972,-0.079011449,40.092972,-0.079011449
SDSS14019,0.21513,40.506169,0.120494,40.098076,0.40809339,40.098076,0.40809339
SDSS17435,0.21674,40.224268,0.115124,40.116256,0.1080112,40.116256,0.1080112
SDSS9467,0.21698,40.362519,0.124622,40.118956,0.24356258,40.118956,0.24356258
SDSS19008,0.21757,40.022694,0.11934,40.125581,-0.10288705,40.125581,-0.10288705
SDSS5533,0.21829,40.130614,0.114544,40.133643,-0.0030290292,40.133643,-0.0030290292
SDSS7512,0.21835,40.22788,0.116348,40.134313,0.093566241,40.134313,0.093566241
SDSS18940,0.21861,40.034787,0.114762,40.137218,-0.1024312,40.137218,-0.1024312
SDSS20144,0.21865,40.151814,0.11463,40.137664,0.014149455,40.137664,0.014149455
05D3kx,0.219462,40.124424,0.085341,40.146713,-0.022288832,40.146713,-0.022288832
SDSS19230,0.21955,39.855575,0.119543,40.147692,-0.29211709,40.147692,-0.29211709
SDSS13727,0.21971,40.207089,0.115514,40.149471,0.057618384,40.149471,0.057618384
SDSS15433,0.21976,40.191425,0.114935,40.150026,0.041398551,40.150026,0.041398551
SDSS16793,0.22058,40.047012,0.138465,40.159122,-0.11210976,40.159122,-0.11210976
SDSS15354,0.22068,39.987392,0.119891,40.160229,-0.17283673,40.160229,-0.17283673
SDSS15229,0.22256,40.271888,0.11527,40.180956,0.090931829,40.180956,0.090931829
SDSS14846,0.22328,40.220412,0.115872,40.188852,0.031560137,40.188852,0.031560137
SDSS13025,0.22351,40.301727,0.1168,40.191369,0.11035835,40.191369,0.11035835
SDSS19992,0.22452,40.485442,0.122907,40.202394,0.2830477,40.202394,0.2830477
SDSS19341,0.22667,40.166936,0.118938,40.225713,-0.058777425,40.225713,-0.058777425
SDSS13578,0.22668,40.208463,0.115846,40.225821,-0.01735777,40.225821,-0.01735777
SDSS21033,0.22786,40.210809,0.11565,40.238532,-0.027723284,40.238532,-0.027723284
SDSS3452,0.22893,40.265744,0.115979,40.250006,0.015737437,40.250006,0.015737437
SDSS13072,0.22916,40.240237,0.122097,40.252466,-0.012229491,40.252466,-0.012229491
SDSS12881,0.2316,40.149821,0.118789,40.278424,-0.12860293,40.278424,-0.12860293
SDSS12971,0.2338,40.293871,0.115605,40.301613,-0.0077420194,40.301613,-0.0077420194
SDSS17223,0.23381,40.273987,0.118911,40.301718,-0.027730798,40.301718,-0.027730798
SDSS16350,0.23472,40.269667,0.116813,40.311251,-0.04158366,40.311251,-0.04158366
SDSS13511,0.23646,40.587645,0.117789,40.329384,0.25826069,40.329384,0.25826069
SDSS17884,0.23782,40.387909,0.116252,40.343472,0.044437681,40.343472,0.044437681
SDSS15868,0.24102,40.539081,0.116005,40.376329,0.1627524,40.376329,0.1627524
SDSS13506,0.24179,40.39325,0.122422,40.384175,0.0090747202,40.384175,0.0090747202
SDSS19023,0.24185,40.444511,0.114848,40.384786,0.059725062,40.384786,0.059725062
SDSS20111,0.24348,40.430191,0.118064,40.401316,0.0288755,40.401316,0.0288755
SDSS20088,0.24352,40.453641,0.113403,40.40172,0.051920971,40.40172,0.051920971
SDSS3377,0.24448,40.242662,0.115275,40.411407,-0.1687452,40.411407,-0.1687452
SDSS19990,0.24495,40.511808,0.119541,40.416137,0.0956713,40.416137,0.0956713
SDSS18486,0.2454,40.297824,0.114389,40.420657,-0.12283329,40.420657,-0.12283329
SDSS17464,0.24555,39.990067,0.116206,40.422162,-0.43209564,40.422162,-0.43209564
SDSS20039,0.24558,40.343133,0.118174,40.422463,-0.07932978,40.422463,-0.07932978
SDSS12977,0.24562,40.361734,0.115338,40.422864,-0.061130895,40.422864,-0.061130895
SDSS15466,0.24568,40.140192,0.120181,40.423466,-0.28327459,40.423466,-0.28327459
SDSS13835,0.24625,40.456468,0.114566,40.429175,0.027292503,40.429175,0.027292503
SDSS16352,0.24647,40.374093,0.115433,40.431375,-0.057282229,40.431375,-0.057282229
05D3mq,0.246492,40.460694,0.086206,40.431595,0.029098488,40.431595,0.029098488
SDSS15301,0.2466,40.097657,0.114128,40.432675,-0.33501732,40.432675,-0.33501732
SDSS15219,0.24695,40.564021,0.114812,40.43617,0.12785121,40.43617,0.12785121
SDSS15161,0.2485,40.380443,0.117491,40.451593,-0.071150325,40.451593,-0.071150325
SDSS3451,0.24851,40.265104,0.116195,40.451692,-0.18658858,40.451692,-0.18658858
SDSS16213,0.24857,40.517738,0.115731,40.452288,0.065450716,40.452288,0.065450716
SDSS17552,0.24862,40.526949,0.11712,40.452784,0.074165311,40.452784,0.074165311
SDSS15504,0.24947,40.594727,0.131353,40.4612,0.13352692,40.4612,0.13352692
SDSS3199,0.24961,40.809913,0.118164,40.462584,0.34732906,40.462584,0.34732906
SDSS16106,0.24973,40.447835,0.120462,40.46377,-0.015934808,40.46377,-0.015934808
SDSS13689,0.25012,40.639639,0.116581,40.467619,0.17202007,40.467619,0.17202007
SDSS5717,0.25037,40.680298,0.115791,40.470083,0.21021443,40.470083,0.21021443
06D3gn,0.250498,40.482986,0.086012,40.471344,0.011641355,40.471344,0.011641355
SDSS13655,0.25104,40.541741,0.119872,40.476677,0.065063585,40.476677,0.065063585
SDSS5736,0.25174,40.452095,0.115824,40.483549,-0.031453765,40.483549,-0.031453765
SDSS15440,0.25205,40.344868,0.11822,40.486587,-0.14171881,40.486587,-0.14171881
SDSS9032,0.25249,40.47259,0.126796,40.490892,-0.018302593,40.490892,-0.018302593
SDSS14481,0.25351,40.821218,0.123692,40.500847,0.32037134,40.500847,0.32037134
SDSS18325,0.25356,40.55491,0.120869,40.501334,0.053575921,40.501334,0.053575921
SDSS9457,0.25539,40.496854,0.130119,40.519099,-0.022244827,40.519099,-0.022244827
SDSS1112,0.25611,40.583198,0.12482,40.526056,0.057141919,40.526056,0.057141919
SDSS17340,0.25617,40.378298,0.119755,40.526635,-0.14833726,40.526635,-0.14833726
SDSS12972,0.25655,40.62415,0.12587,40.530299,0.093851266,40.530299,0.093851266
SDSS19207,0.25721,40.552203,0.121726,40.536651,0.015552398,40.536651,0.015552398
SDSS6108,0.258,40.529043,0.117106,40.544234,-0.015191044,40.544234,-0.015191044
SDSS8046,0.25833,40.578072,0.119891,40.547395,0.030676689,40.547395,0.030676689
SDSS2017,0.26014,40.875812,0.122802,40.564669,0.31114353,40.564669,0.31114353
SDSS1253,0.26059,40.501317,0.120435,40.568946,-0.067629736,40.568946,-0.067629736
SDSS14298,0.2607,40.745154,0.117389,40.569991,0.17516355,40.569991,0.17516355
05D1hk,0.261984,40.466483,0.08739,40.582154,-0.1156703,40.582154,-0.1156703
04D3ez,0.263487,40.479682,0.08555,40.596322,-0.11663993,40.596322,-0.11663993
SDSS2422,0.26349,40.870308,0.115945,40.59635,0.27395791,40.59635,0.27395791
SDSS20345,0.26357,40.422532,0.11624,40.597102,-0.17456954,40.597102,-0.17456954
SDSS2943,0.26405,40.585497,0.117962,40.60161,-0.016113126,40.60161,-0.016113126
SDSS13099,0.26451,40.702204,0.119638,40.605923,0.096281773,40.605923,0.096281773
SDSS6315,0.26576,40.564483,0.114629,40.617608,-0.053124348,40.617608,-0.053124348
SDSS18463,0.26665,40.640702,0.120817,40.625897,0.014805414,40.625897,0.014805414
SDSS19002,0.2671,40.604091,0.116111,40.630078,-0.025987286,40.630078,-0.025987286
SDSS19702,0.26821,40.71525,0.121714,40.640364,0.074885625,40.640364,0.074885625
06D3fp,0.268489,40.601963,0.08555,40.642944,-0.040980303,40.642944,-0.040980303
SDSS18945,0.26856,40.816638,0.118128,40.6436,0.17303852,40.6436,0.17303852
03D4cj,0.268624,40.51915,0.086242,40.644191,-0.12504119,40.644191,-0.12504119
SDSS6192,0.27044,40.645286,0.118685,40.660912,-0.015626539,40.660912,-0.015626539
SDSS15287,0.27258,40.638106,0.11421,40.680485,-0.042378658,40.680485,-0.042378658
SDSS15356,0.27447,40.540653,0.118156,40.697654,-0.15700063,40.697654,-0.15700063
SDSS4046,0.27544,40.676202,0.119548,40.706423,-0.030220648,40.706423,-0.030220648
SDSS16072,0.27549,40.672605,0.127184,40.706874,-0.034269668,40.706874,-0.034269668
SDSS12869,0.27653,40.572846,0.126014,40.716243,-0.14339773,40.716243,-0.14339773
SDSS4000,0.27745,40.839397,0.128283,40.724505,0.11489286,40.724505,0.11489286
SDSS17791,0.27749,41.403843,0.136665,40.724863,0.67898002,40.724863,0.67898002
SDSS18485,0.27822,40.787053,0.117336,40.7314,0.055653017,40.7314,0.055653017
SDSS5957,0.27852,40.849748,0.118155,40.734081,0.11566669,40.734081,0.11566669
SDSS6196,0.27916,40.440035,0.11948,40.739793,-0.29975776,40.739793,-0.29975776
SDSS14261,0.27952,40.591051,0.121901,40.743001,-0.15194955,40.743001,-0.15194955
SDSS17809,0.28051,40.649922,0.122739,40.751802,-0.10187955,40.751802,-0.10187955
SDSS15584,0.28111,40.673262,0.11753,40.757122,-0.083860258,40.757122,-0.083860258
SDSS20227,0.28243,40.843344,0.11747,40.76879,0.074553685,40.76879,0.074553685
06D3dt,0.28251,40.937694,0.085709,40.769496,0.16819759,40.769496,0.16819759
SDSS20040,0.28351,40.737908,0.118366,40.7783,-0.040392346,40.7783,-0.040392346
03D4ag,0.28361,40.703312,0.086683,40.779179,-0.07586653,40.779179,-0.07586653
SDSS19128,0.28543,41.0361,0.119195,40.795124,0.24097692,40.795124,0.24097692
SDSS2165,0.28662,41.098935,0.11978,40.805499,0.29343633,40.805499,0.29343633
SDSS13757,0.28742,40.98442,0.118845,40.812451,0.17196915,40.812451,0.17196915
SDSS16402,0.28845,40.365663,0.116661,40.821377,-0.45571381,40.821377,-0.45571381
SDSS2789,0.28872,40.849092,0.124095,40.823711,0.025380789,40.823711,0.025380789
SDSS21006,0.29021,40.763225,0.116557,40.83656,-0.07333485,40.83656,-0.07333485
SDSS19596,0.29135,40.819653,0.12122,40.84635,-0.026696492,40.84635,-0.026696492
03D3ba,0.291718,40.758243,0.093479,40.849502,-0.091259288,40.849502,-0.091259288
SDSS19818,0.29192,40.740149,0.124168,40.851231,-0.11108242,40.851231,-0.11108242
SDSS6249,0.29287,40.817174,0.119196,40.859348,-0.042174488,40.859348,-0.042174488
SDSS19027,0.2935,40.492773,0.120303,40.864717,-0.37194435,40.864717,-0.37194435
SDSS19604,0.29448,41.079777,0.140875,40.873048,0.20672848,40.873048,0.20672848
SDSS19794,0.29542,40.808155,0.134209,40.881016,-0.072860646,40.881016,-0.072860646
SDSS13610,0.29678,40.739246,0.117785,40.892502,-0.15325592,40.892502,-0.15325592
SDSS15057,0.29762,40.728258,0.131068,40.899572,-0.17131369,40.899572,-0.17131369
SDSS6137,0.29888,41.091218,0.124118,40.910143,0.18107542,40.910143,0.18107542
SDSS14735,0.30001,40.642617,0.119386,40.919588,-0.27697095,40.919588,-0.27697095
SDSS5391,0.30021,40.885371,0.128841,40.921256,-0.035885438,40.921256,-0.035885438
SDSS20245,0.30041,40.492716,0.125866,40.922924,-0.43020726,40.922924,-0.43020726
06D4dh,0.30159,41.067761,0.086081,40.93274,0.13502102,40.93274,0.13502102
SDSS7143,0.3024,41.002212,0.118973,40.939458,0.062753605,40.939458,0.062753605
SDSS12883,0.30569,40.541317,0.1459,40.966576,-0.4252596,40.966576,-0.4252596
SDSS15213,0.30632,41.040319,0.127264,40.971739,0.0685801,40.971739,0.0685801
SDSS19632,0.30702,41.04173,0.126631,40.977463,0.06426695,40.977463,0.06426695
SDSS6699,0.30915,41.183872,0.122358,40.994808,0.1890637,40.994808,0.1890637
SDSS5844,0.30929,41.122357,0.120483,40.995944,0.1264132,40.995944,0.1264132
SDSS16211,0.30933,40.890216,0.137464,40.996269,-0.10605275,40.996269,-0.10605275
SDSS21042,0.31065,40.901058,0.124489,41.006957,-0.10589846,41.006957,-0.10589846
SDSS15383,0.31088,41.04566,0.12279,41.008815,0.036845445,41.008815,0.036845445
SDSS6649,0.31288,41.020099,0.118305,41.024919,-0.0048197581,41.024919,-0.0048197581
SDSS20142,0.31468,40.743123,0.118861,41.039332,-0.29620896,41.039332,-0.29620896
SDSS15776,0.31646,41.028737,0.121555,41.05351,-0.024773269,41.05351,-0.024773269
SDSS18617,0.32038,41.090022,0.12816,41.084478,0.0055442788,41.084478,0.0055442788
SDSS7475,0.32045,41.20966,0.117246,41.085028,0.12463217,41.085028,0.12463217
05D2ab,0.324532,41.145546,0.086121,41.116901,0.028644982,41.116901,0.028644982
SDSS6924,0.3264,41.049397,0.11903,41.131364,-0.081967325,41.131364,-0.081967325
SDSS13830,0.32837,40.91823,0.134054,41.146535,-0.22830407,41.146535,-0.22830407
SDSS14456,0.32837,40.95845,0.124052,41.146535,-0.18808446,41.146535,-0.18808446
SDSS13934,0.32838,41.451418,0.136536,41.146611,0.3048063,41.146611,0.3048063
SDSS4241,0.33051,41.221878,0.12568,41.16292,0.058958511,41.16292,0.058958511
03D1fc,0.330932,41.057624,0.086437,41.166139,-0.10851538,41.166139,-0.10851538
SDSS4679,0.33103,40.994302,0.136212,41.166886,-0.17258406,41.166886,-0.17258406
SDSS20106,0.33136,41.312067,0.135299,41.169401,0.14266645,41.169401,0.14266645
SDSS16093,0.33436,41.254482,0.132618,41.192153,0.062328085,41.192153,0.062328085
04D3kr,0.337534,41.247685,0.086047,41.216022,0.031662299,41.216022,0.031662299
SDSS2533,0.3388,41.30944,0.129777,41.225485,0.083955007,41.225485,0.083955007
04D3nh,0.34052,41.285303,0.0859,41.23829,0.047013666,41.23829,0.047013666
03D1bp,0.345928,41.411108,0.087263,41.278165,0.13294293,41.278165,0.13294293
05D2ie,0.349557,41.497971,0.086821,41.304603,0.19336828,41.304603,0.19336828
04D2mc,0.34956,41.044308,0.089792,41.304625,-0.26031656,41.304625,-0.26031656
05D2hc,0.35156,41.523688,0.086351,41.319087,0.20460114,41.319087,0.20460114
SDSS19067,0.35346,41.102633,0.125157,41.332757,-0.23012387,41.332757,-0.23012387
05D2mp,0.355261,41.574652,0.088265,41.345651,0.22900043,41.345651,0.22900043
03D3bl,0.35582,41.349554,0.087008,41.349641,-8.7253675e-05,41.349641,-8.7253675e-05
04D3fk,0.358336,41.265612,0.086303,41.367529,-0.10191697,41.367529,-0.10191697
04D2fs,0.35857,41.300602,0.086485,41.369187,-0.068584823,41.369187,-0.068584823
SDSS4577,0.36193,41.385403,0.13291,41.392882,-0.0074785242,41.392882,-0.0074785242
SDSS15704,0.36397,41.634053,0.127982,41.407169,0.2268839,41.407169,0.2268839
SDSS13136,0.36441,41.757434,0.131873,41.410241,0.34719233,41.410241,0.34719233
SDSS16232,0.36554,41.511378,0.137024,41.418115,0.093262665,41.418115,0.093262665
04D1hd,0.367904,41.603385,0.086082,41.434515,0.16887024,41.434515,0.16887024
SDSS14397,0.36941,41.776703,0.131466,41.444912,0.33179097,41.444912,0.33179097
SDSS18091,0.37013,41.457867,0.138604,41.449868,0.0079981008,41.449868,0.0079981008
05D4bm,0.370511,41.502519,0.086476,41.452488,0.050030726,41.452488,0.050030726
05D3jr,0.370531,41.401449,0.086626,41.452625,-0.051176397,41.452625,-0.051176397
04D2cf,0.370586,41.434925,0.095747,41.453003,-0.018078274,41.453003,-0.018078274
03D3ay,0.371443,41.572252,0.091326,41.458885,0.1133673,41.458885,0.1133673
05D4fo,0.371508,41.548853,0.086225,41.459331,0.089522162,41.459331,0.089522162
05D4cw,0.373513,41.478103,0.086768,41.473041,0.0050623856,41.473041,0.0050623856
SDSS15756,0.37835,42.112175,0.135103,41.505838,0.6063364,41.505838,0.6063364
SDSS7779,0.37986,41.476242,0.118539,41.515998,-0.039756105,41.515998,-0.039756105
SDSS11206,0.38026,41.674685,0.138121,41.518683,0.15600202,41.518683,0.15600202
SDSS15456,0.38047,41.140725,0.12548,41.520092,-0.37936675,41.520092,-0.37936675
SDSS18721,0.39135,41.584881,0.148848,41.592108,-0.0072266741,41.592108,-0.0072266741
05D4ff,0.400485,41.549539,0.087548,41.65116,-0.10162188,41.65116,-0.10162188
SDSS19757,0.40128,41.390726,0.134806,41.656241,-0.26551437,41.656241,-0.26551437
06D3ed,0.404549,41.81249,0.086483,41.677033,0.1354571,41.677033,0.1354571
05D4dt,0.405478,41.859724,0.086962,41.682914,0.17681013,41.682914,0.17681013
06D4cq,0.40947,41.784188,0.086547,41.708043,0.07614556,41.708043,0.07614556
04D2fp,0.416632,41.805162,0.087194,41.752564,0.05259852,41.752564,0.05259852
05D2dw,0.418633,41.721512,0.087692,41.764876,-0.043363878,41.764876,-0.043363878
05D3cf,0.419569,41.926438,0.087595,41.770617,0.15582084,41.770617,0.15582084
04D4gg,0.422452,41.692885,0.08807,41.788225,-0.095339741,41.788225,-0.095339741
05D2cb,0.428646,42.081888,0.089103,41.825682,0.25620663,41.825682,0.25620663
04D1rh,0.434861,41.900171,0.087188,41.862765,0.037405747,41.862765,0.037405747
06D4co,0.435446,41.663732,0.086944,41.86623,-0.2024982,41.86623,-0.2024982
06D3df,0.442548,41.957619,0.08709,41.907959,0.049659956,41.907959,0.049659956
06D2gb,0.443668,41.858169,0.091594,41.914483,-0.056313801,41.914483,-0.056313801
03D3aw,0.449562,42.09792,0.091912,41.948566,0.14935446,41.948566,0.14935446
04D3gt,0.451556,41.668287,0.087828,41.960002,-0.29171532,41.960002,-0.29171532
04D2gb,0.451681,41.642176,0.088233,41.960718,-0.31854201,41.960718,-0.31854201
03D3cd,0.461274,42.021038,0.095948,42.015079,0.0059594075,42.015079,0.0059594075
05D3lc,0.461564,42.062843,0.087413,42.016706,0.046136462,42.016706,0.046136462
03D4au,0.466414,42.51309,0.09035,42.043776,0.4693145,42.043776,0.4693145
04D4jr,0.468406,42.095314,0.087451,42.054818,0.040495299,42.054818,0.040495299
04D4ju,0.470398,42.396229,0.088446,42.065817,0.33041176,42.065817,0.33041176
05D3mx,0.470573,42.080709,0.088704,42.066782,0.01392717,42.066782,0.01392717
04D3df,0.470586,41.962434,0.087988,42.066853,-0.1044195,42.066853,-0.1044195
05D2bv,0.475707,42.086819,0.087947,42.094921,-0.0081018547,42.094921,-0.0081018547
05D3dd,0.480568,42.060041,0.088055,42.121306,-0.061265161,42.121306,-0.061265161
05D2ac,0.480704,42.047102,0.087736,42.12204,-0.074937876,42.12204,-0.074937876
05D1ix,0.4888,42.207458,0.08839,42.165426,0.042032298,42.165426,0.042032298
03D1ax,0.494795,42.21649,0.08811,42.197124,0.019366424,42.197124,0.019366424
05D4af,0.497379,42.25339,0.088758,42.210676,0.042713871,42.210676,0.042713871
06D2bk,0.500728,42.376417,0.089131,42.228143,0.14827375,42.228143,0.14827375
03D1au,0.503084,42.269525,0.088031,42.240366,0.029158743,42.240366,0.029158743
05D4av,0.507371,42.213205,0.089015,42.26247,-0.049265866,42.26247,-0.049265866
05D2dy,0.511746,42.495409,0.088554,42.28485,0.21055958,42.28485,0.21055958
04D1pg,0.513793,42.442246,0.090087,42.295259,0.14698685,42.295259,0.14698685
04D4in,0.514353,42.363951,0.088897,42.298101,0.06584998,42.298101,0.06584998
04D2mj,0.514746,42.560964,0.090306,42.300093,0.26087183,42.300093,0.26087183
05D3ci,0.515587,42.452603,0.106833,42.304351,0.14825226,42.304351,0.14825226
06D3el,0.519611,42.471136,0.088502,42.324636,0.14649994,42.324636,0.14649994
04D2gc,0.522762,42.482671,0.089115,42.340418,0.14225234,42.340418,0.14225234
06D2ca,0.532765,42.392305,0.08987,42.389937,0.0023683143,42.389937,0.0023683143
06D2cc,0.533766,42.173706,0.09473,42.394844,-0.22113834,42.394844,-0.22113834
05D4ek,0.534335,42.165507,0.090128,42.39763,-0.23212257,42.39763,-0.23212257
05D4be,0.535327,42.500563,0.08873,42.402479,0.098083446,42.402479,0.098083446
05D2eb,0.535771,42.338122,0.091256,42.404647,-0.066525681,42.404647,-0.066525681
04D4bq,0.548325,42.164539,0.09145,42.465261,-0.30072196,42.465261,-0.30072196
06D4bo,0.550315,42.509848,0.089299,42.474749,0.035098766,42.474749,0.035098766
04D3hn,0.552605,42.229237,0.089654,42.485629,-0.25639157,42.485629,-0.25639157
06D2ck,0.553797,42.561602,0.091857,42.491275,0.07032698,42.491275,0.07032698
05D1ee,0.557743,42.486901,0.090291,42.509885,-0.022984301,42.509885,-0.022984301
05D1kl,0.558743,42.87907,0.092898,42.514581,0.36448846,42.514581,0.36448846
04D1hx,0.558746,42.443857,0.089573,42.514595,-0.070738127,42.514595,-0.070738127
05D1cc,0.562751,42.563852,0.090329,42.533326,0.030525356,42.533326,0.030525356
05D1dn,0.564741,42.574373,0.089709,42.542587,0.031786324,42.542587,0.031786324
05D2dt,0.575823,42.622597,0.091807,42.593603,0.028993979,42.593603,0.028993979
06D3et,0.576612,42.548631,0.090075,42.5972,-0.04856886,42.5972,-0.04856886
03D4gf,0.578292,42.558,0.090072,42.604843,-0.046843629,42.604843,-0.046843629
05D1dx,0.578745,42.561135,0.089343,42.606901,-0.04576518,42.606901,-0.04576518
05D3jq,0.5796,42.549007,0.08931,42.61078,-0.061772499,42.61078,-0.061772499
05D3gp,0.580604,42.693325,0.09835,42.615328,0.077997289,42.615328,0.077997289
03D1aw,0.580724,42.83908,0.090132,42.615871,0.2232095,42.615871,0.2232095
04D1jg,0.582932,42.685053,0.09012,42.625845,0.05920801,42.625845,0.05920801
05D4ej,0.58329,42.873994,0.090793,42.627459,0.24653444,42.627459,0.24653444
04D1sa,0.583743,42.757778,0.091595,42.6295,0.12827781,42.6295,0.12827781
04D1kj,0.583743,42.611188,0.089495,42.6295,-0.018312487,42.6295,-0.018312487
05D1hm,0.585743,42.833794,0.092677,42.638493,0.19530106,42.638493,0.19530106
05D4bf,0.587285,42.693483,0.091452,42.645406,0.048076801,42.645406,0.048076801
04D1oh,0.588721,42.650725,0.091211,42.651829,-0.0011039124,42.651829,-0.0011039124
03D4gg,0.59028,42.586162,0.092935,42.658785,-0.072623059,42.658785,-0.072623059
04D2mh,0.591835,42.589256,0.090444,42.665706,-0.076450048,42.665706,-0.076450048
05D3lr,0.600603,42.592308,0.094433,42.704414,-0.11210574,42.704414,-0.11210574
05D4ef,0.603272,42.864607,0.092267,42.716091,0.14851568,42.716091,0.14851568
03D4dy,0.608261,42.760878,0.090819,42.737788,0.023090168,42.737788,0.023090168
05D2he,0.60986,42.798854,0.091831,42.744707,0.054147043,42.744707,0.054147043
04D3do,0.610643,42.861051,0.090588,42.748088,0.11296261,42.748088,0.11296261
03D1dt,0.610712,42.465879,0.092877,42.748386,-0.2825071,42.748386,-0.2825071
04D4an,0.611252,42.951574,0.095195,42.750715,0.20085872,42.750715,0.20085872
05D1ck,0.615698,42.769514,0.092238,42.769821,-0.00030697229,42.769821,-0.00030697229
04D3co,0.620632,42.825478,0.093091,42.790872,0.034605843,42.790872,0.034605843
04D2an,0.621874,42.72454,0.092366,42.796146,-0.071606814,42.796146,-0.071606814
03D4dh,0.625233,42.729026,0.091453,42.81036,-0.081334219,42.81036,-0.081334219
04D4fx,0.627239,42.802545,0.092195,42.818815,-0.016269123,42.818815,-0.016269123
05D1cb,0.630699,42.711701,0.091576,42.833337,-0.12163553,42.833337,-0.12163553
05D2ci,0.631882,42.281286,0.097524,42.838284,-0.55699844,42.838284,-0.55699844
03D4at,0.632234,42.975281,0.093125,42.839755,0.13552606,42.839755,0.13552606
04D1pu,0.637701,42.503968,0.100758,42.862495,-0.35852711,42.862495,-0.35852711
05D4ag,0.638234,42.708074,0.097915,42.864703,-0.15662822,42.864703,-0.15662822
05D2ec,0.641893,43.018975,0.093291,42.879808,0.13916772,42.879808,0.13916772
05D3ax,0.643642,42.943933,0.098759,42.886999,0.056933811,42.886999,0.056933811
04D3cy,0.643646,42.892942,0.094148,42.887015,0.0059268528,42.887015,0.0059268528
05D3lb,0.647639,42.890834,0.09193,42.903364,-0.012529651,42.903364,-0.012529651
05D3kt,0.64864,42.786103,0.092708,42.907447,-0.12134411,42.907447,-0.12134411
04D1sk,0.662058,42.92459,0.093186,42.961614,-0.03702431,42.961614,-0.03702431
05D3hs,0.664638,43.18447,0.094448,42.971909,0.21256041,42.971909,0.21256041
05D3mh,0.670654,43.026774,0.095777,42.995769,0.031005269,42.995769,0.031005269
03D1co,0.677662,43.337486,0.098356,43.023308,0.31417827,43.023308,0.31417827
05D2bt,0.681942,43.093016,0.094158,43.039993,0.053022883,43.039993,0.053022883
06D3cc,0.683659,43.203449,0.115261,43.046659,0.15678982,43.046659,0.15678982
04D4ic,0.685179,43.080358,0.0983,43.052547,0.027811274,43.052547,0.027811274
05D1ke,0.688656,43.020028,0.092298,43.065968,-0.045939579,43.065968,-0.045939579
06D3em,0.690652,42.857798,0.095502,43.073643,-0.21584502,43.073643,-0.21584502
03D4cz,0.693165,43.071513,0.100242,43.083277,-0.011763197,43.083277,-0.011763197
04D4ib,0.697164,43.20406,0.093324,43.098538,0.10552184,43.098538,0.10552184
06D4ba,0.698167,43.179661,0.101565,43.102353,0.077308742,43.102353,0.077308742
05D4bj,0.699166,42.995502,0.094894,43.106147,-0.11064502,43.106147,-0.11064502
05D4cq,0.699169,43.258556,0.094016,43.106158,0.15239764,43.106158,0.15239764
05D2ck,0.69996,43.115842,0.097048,43.109159,0.0066829416,43.109159,0.0066829416
04D1si,0.700631,42.962963,0.094362,43.111702,-0.14873901,43.111702,-0.14873901
04D4hu,0.701158,43.307463,0.094504,43.113697,0.19376637,43.113697,0.19376637
04D2iu,0.701965,42.881871,0.100028,43.11675,-0.23487875,43.11675,-0.23487875
05D2le,0.701969,43.120664,0.095463,43.116765,0.0038988977,43.116765,0.0038988977
05D3gv,0.715652,43.128067,0.096706,43.168024,-0.039957247,43.168024,-0.039957247
05D3jh,0.71868,43.114277,0.094949,43.179241,-0.064964209,43.179241,-0.064964209
04D1aj,0.719626,43.107985,0.095665,43.182736,-0.074751025,43.182736,-0.074751025
05D4ev,0.72014,43.215209,0.098164,43.184633,0.030576113,43.184633,0.030576113
06D3gh,0.72068,43.216773,0.098773,43.186625,0.030148596,43.186625,0.030148596
06D3do,0.726679,43.257374,0.094974,43.208655,0.048718543,43.208655,0.048718543
06D3bz,0.727675,43.215658,0.099419,43.212296,0.0033620287,43.212296,0.0033620287
06D4bw,0.730128,43.012407,0.096543,43.221243,-0.20883551,43.221243,-0.20883551
04D1pp,0.733609,43.208172,0.094433,43.233889,-0.02571719,43.233889,-0.02571719
04D2gp,0.733996,43.50824,0.1029,43.235292,0.27294795,43.235292,0.27294795
05D2fq,0.734996,43.403144,0.095665,43.238912,0.16423179,43.238912,0.16423179
05D1eo,0.735608,43.304036,0.096764,43.241126,0.062910174,43.241126,0.062910174
05D2ct,0.736007,43.172548,0.104933,43.242568,-0.070019403,43.242568,-0.070019403
05D3jk,0.73669,43.259919,0.093659,43.245035,0.014884519,43.245035,0.014884519
04D2ja,0.742008,43.820507,0.103483,43.264167,0.55633918,43.264167,0.55633918
04D3fq,0.742697,43.211895,0.097111,43.266637,-0.054741563,43.266637,-0.054741563
05D3jb,0.745665,43.297634,0.094967,43.277248,0.020385834,43.277248,0.020385834
04D2kr,0.746118,43.093092,0.095641,43.278864,-0.18577271,43.278864,-0.18577271
04D4im,0.7491,42.910163,0.096075,43.289479,-0.37931591,43.289479,-0.37931591
04D3ks,0.750681,43.04048,0.099406,43.29509,-0.25461046,43.29509,-0.25461046
04D3oe,0.756687,43.727246,0.095935,43.316303,0.41094315,43.316303,0.41094315
05D2nt,0.75903,43.411082,0.09556,43.324535,0.086547378,43.324535,0.086547378
06D3gx,0.760691,43.435126,0.101218,43.330356,0.10477036,43.330356,0.10477036
05D3mn,0.760698,43.193176,0.094664,43.33038,-0.1372043,43.33038,-0.1372043
05D4cn,0.761089,43.332429,0.09585,43.331749,0.00068067107,43.331749,0.00068067107
05D1if,0.76158,43.291607,0.096723,43.333466,-0.041858977,43.333466,-0.041858977
04D1qd,0.765588,43.282321,0.09633,43.347446,-0.065125028,43.347446,-0.065125028
04D1de,0.76659,43.678049,0.096641,43.35093,0.3271197,43.35093,0.3271197
05D3hh,0.766684,43.427868,0.103932,43.351256,0.076611401,43.351256,0.076611401
04D4id,0.767075,43.882533,0.101187,43.352614,0.52991828,43.352614,0.52991828
04D1pc,0.768587,43.284981,0.097274,43.35786,-0.072879349,43.35786,-0.072879349
05D4bi,0.773081,43.681452,0.098805,43.373393,0.30805901,43.373393,0.30805901
04D1jd,0.776594,43.159032,0.098366,43.385475,-0.22644291,43.385475,-0.22644291
05D4cs,0.78806,43.561544,0.096033,43.424545,0.13699958,43.424545,0.13699958
03D4fd,0.789054,43.514773,0.099608,43.427906,0.086867246,43.427906,0.086867246
04D1ks,0.796552,42.985147,0.098413,43.453129,-0.46798189,43.453129,-0.46798189
03D1fq,0.798566,43.584978,0.101777,43.459865,0.12511291,43.459865,0.12511291
05D3dh,0.800697,42.89614,0.098997,43.466974,-0.57083425,43.466974,-0.57083425
05D3ha,0.805695,43.141352,0.106396,43.483577,-0.34222511,43.483577,-0.34222511
05D3cx,0.805696,43.54754,0.09721,43.48358,0.063960192,43.48358,0.063960192
05D4gw,0.806041,43.404381,0.105158,43.484723,-0.0803419,43.484723,-0.0803419
05D4dy,0.808048,43.991993,0.101592,43.491359,0.5006342,43.491359,0.5006342
04D4dm,0.809032,43.398908,0.101626,43.494607,-0.095699088,43.494607,-0.095699088
04D3ny,0.81072,43.319459,0.105587,43.500169,-0.18070985,43.500169,-0.18070985
04D3mk,0.813696,43.764969,0.099177,43.509949,0.25501979,43.509949,0.25501979
04D3nc,0.817732,43.747459,0.101608,43.523157,0.22430212,43.523157,0.22430212
06D2ce,0.822103,43.537252,0.104677,43.53739,-0.00013776549,43.53739,-0.00013776549
04D3lu,0.822697,43.731099,0.100111,43.539319,0.19178035,43.539319,0.19178035
05D1cl,0.828528,43.943345,0.100853,43.558179,0.38516543,43.558179,0.38516543
05D4fg,0.837004,43.768646,0.100539,43.585367,0.18327909,43.585367,0.18327909
04D2al,0.838126,43.483006,0.113632,43.588946,-0.10594019,43.588946,-0.10594019
Elvis,0.839734,43.46181,0.112754,43.594067,-0.1322571,43.594067,-0.1322571
05D4hn,0.840005,43.197607,0.103903,43.594929,-0.39732233,43.594929,-0.39732233
05D1az,0.840522,43.607144,0.101288,43.596573,0.010571371,43.596573,0.010571371
06D2ga,0.842123,43.6951,0.112024,43.601658,0.093442534,43.601658,0.093442534
06D4ce,0.847985,43.832645,0.110575,43.620195,0.21244982,43.620195,0.21244982
04D1hy,0.848509,43.675838,0.10052,43.621846,0.053991789,43.621846,0.053991789
05D3kp,0.850729,43.818657,0.098855,43.62883,0.18982678,43.62883,0.18982678
05D4dw,0.852994,43.554866,0.101921,43.635937,-0.081070637,43.635937,-0.081070637
05D1er,0.858507,43.497432,0.106173,43.653159,-0.15572665,43.653159,-0.15572665
04D1ff,0.858513,43.252618,0.101579,43.653178,-0.4005593,43.653178,-0.4005593
05D1iz,0.858516,44.064145,0.11645,43.653187,0.41095861,43.653187,0.41095861
04D4ii,0.863978,43.657487,0.1039,43.670144,-0.012656818,43.670144,-0.012656818
05D1em,0.864497,43.79925,0.102986,43.671749,0.1275007,43.671749,0.1275007
03D1ew,0.866494,43.652949,0.106037,43.677919,-0.024970607,43.677919,-0.024970607
05D2nn,0.872152,43.980618,0.119167,43.695326,0.28529224,43.695326,0.28529224
04D4bk,0.877971,43.973804,0.103099,43.713113,0.26069109,43.713113,0.26069109
05D3cq,0.890729,43.813231,0.103551,43.751712,0.061518842,43.751712,0.061518842
05D2by,0.893183,43.89875,0.106138,43.759075,0.13967528,43.759075,0.13967528
03D4di,0.896944,43.849449,0.109618,43.770321,0.07912838,43.770321,0.07912838
05D3ht,0.901736,44.064275,0.111342,43.784583,0.27969262,43.784583,0.27969262
04D3gx,0.910752,44.093128,0.112202,43.811217,0.28191163,43.811217,0.28191163
04D1ow,0.913473,43.886202,0.104751,43.819204,0.066997532,43.819204,0.066997532
05D2bw,0.92221,43.815627,0.117626,43.844695,-0.029067822,43.844695,-0.029067822
05D2ay,0.922221,43.56967,0.117413,43.844727,-0.27505716,43.844727,-0.27505716
03D4cy,0.924917,44.05598,0.125384,43.852545,0.20343529,43.852545,0.20343529
05D2ob,0.92622,43.84699,0.111056,43.856315,-0.0093253568,43.856315,-0.0093253568
04D4jy,0.927909,44.175982,0.121275,43.861195,0.31478699,43.861195,0.31478699
04D4ih,0.931901,44.156423,0.111047,43.872694,0.28372961,43.872694,0.28372961
06D2cd,0.932229,43.790117,0.130385,43.873636,-0.083519399,43.873636,-0.083519399
04D4hf,0.9339,43.862922,0.126556,43.878434,-0.015511413,43.878434,-0.015511413
Vilas,0.935774,43.618621,0.119916,43.883804,-0.26518279,43.883804,-0.26518279
05D3la,0.936755,43.836807,0.108686,43.886611,-0.049803596,43.886611,-0.049803596
03D4cx,0.94689,43.32103,0.115036,43.915442,-0.59441243,43.915442,-0.59441243
04D1pd,0.948455,43.625089,0.112213,43.919867,-0.29477787,43.919867,-0.29477787
04D3ml,0.950763,44.237097,0.112327,43.92638,0.3107173,43.92638,0.3107173
04D4jw,0.958871,44.34431,0.125337,43.949137,0.39517382,43.949137,0.39517382
05D3km,0.96074,44.315234,0.112338,43.954355,0.36087817,43.954355,0.36087817
04D3nr,0.960751,43.581363,0.116274,43.954386,-0.37302321,43.954386,-0.37302321
Patuxent,0.970782,44.732088,0.118744,43.982227,0.7498618,43.982227,0.7498618
Ombo,0.97423,44.192459,0.118033,43.991731,0.20072814,43.991731,0.20072814
05D2my,0.98328,43.992852,0.114718,44.016521,-0.023668313,44.016521,-0.023668313
04D1rx,0.983407,44.202384,0.114131,44.016867,0.18551726,44.016867,0.18551726
04D3lp,0.983777,43.807878,0.14188,44.017876,-0.20999783,44.017876,-0.20999783
04D1iv,0.99639,44.253642,0.112483,44.052036,0.2016064,44.052036,0.2016064
06D4cl,0.997826,44.013808,0.115855,44.055898,-0.042089763,44.055898,-0.042089763
04D3dd,1.002795,44.235108,0.13731,44.06922,0.16588867,44.06922,0.16588867
Eagle,1.020807,44.380255,0.118836,44.116969,0.26328525,44.116969,0.26328525
04D4dw,1.0288,44.23321,0.1248,44.137893,0.095317705,44.137893,0.095317705
06D3en,1.060801,44.114142,0.132013,44.22008,-0.10593819,44.22008,-0.10593819
Gabi,1.12085,44.518694,0.121686,44.367869,0.15082577,44.367869,0.15082577
Lancaster,1.230892,44.816045,0.128558,44.619268,0.196777,44.619268,0.196777
Torngasek,1.265901,44.760726,0.128614,44.694539,0.066186799,44.694539,0.066186799
Aphrodite,1.299106,44.804213,0.128055,44.764019,0.040194278,44.764019,0.040194278
