Name,zcmb,mu_obs,e_mu_obs,mu_model_lcdm,residual_lcdm,mu_model_LambdaCDM,residual_LambdaCDM
sn1999ac,0.01006,33.326159,0.174566,33.402708,-0.076548565,33.402708,-0.076548565
sn2004s,0.010291,33.372062,0.173593,33.452399,-0.080336598,33.452399,-0.080336598
sn1997do,0.01055,33.493014,0.17309,33.506813,-0.013799366,33.506813,-0.013799366
sn2002dp,0.010888,33.645204,0.169021,33.575866,0.069337419,33.575866,0.069337419
sn2006bh,0.011184,33.669922,0.166533,33.634614,0.035308095,33.634614,0.035308095
sn2005al,0.012317,34.294158,0.16145,33.846076,0.44808141,33.846076,0.44808141
sn2001ep,0.013324,33.906604,0.158624,34.018431,-0.11182693,34.018431,-0.11182693
sn1999dq,0.013533,33.720058,0.158393,34.052582,-0.33252425,34.052582,-0.33252425
sn2002ha,0.013652,34.091038,0.157774,34.071795,0.019243428,34.071795,0.019243428
sn2001bt,0.014151,33.956815,0.157186,34.150593,-0.19377781,34.150593,-0.19377781
sn1997e,0.014256,34.107223,0.1564,34.166824,-0.059600975,34.166824,-0.059600975
sn1992al,0.014411,34.087975,0.156643,34.190568,-0.10259271,34.190568,-0.10259271
sn1999dk,0.01444,33.987297,0.157099,34.194982,-0.20768482,34.194982,-0.20768482
sn2005bo,0.014467,34.138903,0.154784,34.199084,-0.060181165,34.199084,-0.060181165
sn2001fe,0.014575,34.270406,0.155333,34.215417,0.054989052,34.215417,0.054989052
sn2006n,0.0147,34.33758,0.155008,34.234172,0.10340782,34.234172,0.10340782
sn2005kc,0.01496,34.231351,0.153548,34.272683,-0.041331528,34.272683,-0.041331528
sn2005el,0.015154,34.357711,0.153758,34.300989,0.056721861,34.300989,0.056721861
sn2004eo,0.015469,34.072352,0.153515,34.346196,-0.27384384,34.346196,-0.27384384
sn2001en,0.015482,34.246778,0.154168,34.348042,-0.10126353,34.348042,-0.10126353
sn2001cn,0.015487,34.107353,0.153742,34.348752,-0.24139877,34.348752,-0.24139877
sn2001bf,0.015504,34.190252,0.153374,34.351163,-0.16091035,34.351163,-0.16091035
sn2001cz,0.015554,34.244148,0.153417,34.358239,-0.11409055,34.358239,-0.11409055
sn1999aa,0.015573,34.45074,0.153276,34.360922,0.089818315,34.360922,0.089818315
sn1994s,0.015664,34.311808,0.154751,34.373727,-0.061919112,34.373727,-0.061919112
sn2004ey,0.015678,34.409554,0.151905,34.375691,0.033863632,34.375691,0.033863632
sn2001v,0.015791,34.104592,0.152742,34.391476,-0.28688471,34.391476,-0.28688471
sn2006td,0.015999,34.554597,0.153171,34.420243,0.13435366,34.420243,0.13435366
sn1996bv,0.016966,34.25655,0.153258,34.549306,-0.29275607,34.549306,-0.29275607
sn2006ax,0.017387,34.645289,0.148936,34.603241,0.042047661,34.603241,0.042047661
sn1998v,0.01745,34.396806,0.150702,34.611201,-0.21439583,34.611201,-0.21439583
sn2000dk,0.017483,34.451815,0.150122,34.61536,-0.16354431,34.61536,-0.16354431
sn1998ef,0.017672,34.225012,0.150611,34.639026,-0.41401466,34.639026,-0.41401466
sn2007ci,0.018599,34.728819,0.149282,34.751605,-0.022785717,34.751605,-0.022785717
sn1992bo,0.018902,34.934901,0.149087,34.787205,0.14769635,34.787205,0.14769635
sn2002kf,0.019581,34.993089,0.147459,34.86498,0.12810824,34.86498,0.12810824
sn2006ej,0.02039,34.999875,0.147727,34.954249,0.045626251,34.954249,0.045626251
sn2005ki,0.020396,34.947831,0.145393,34.954898,-0.0070668348,34.954898,-0.0070668348
sn1992bc,0.020792,34.860895,0.14683,34.997318,-0.13642267,34.997318,-0.13642267
sn2003w,0.020997,34.869301,0.145587,35.018966,-0.14966523,35.018966,-0.14966523
sn2002jy,0.021541,35.292985,0.145405,35.07542,0.21756482,35.07542,0.21756482
sn2007bc,0.021706,35.074451,0.146331,35.092266,-0.017815061,35.092266,-0.017815061
sn2006bq,0.021956,35.14196,0.145024,35.117551,0.024408475,35.117551,0.024408475
sn2008bf,0.022068,35.197767,0.144685,35.128788,0.068979653,35.128788,0.068979653
sn1995ak,0.022399,34.937705,0.149213,35.161669,-0.22396413,35.161669,-0.22396413
sn2006et,0.022466,35.024709,0.145994,35.168267,-0.14355815,35.168267,-0.14355815
sn2006mp,0.022629,35.41183,0.145184,35.184237,0.22759239,35.184237,0.22759239
sn2006ar,0.02298,35.353004,0.145076,35.218247,0.13475695,35.218247,0.13475695
sn2006cp,0.023321,35.074581,0.144025,35.250802,-0.17622082,35.250802,-0.17622082
sn2000ca,0.02336,35.249377,0.144317,35.254495,-0.0051188737,35.254495,-0.0051188737
sn2006ac,0.023471,35.263038,0.143695,35.264975,-0.0019361616,35.264975,-0.0019361616
sn2000cn,0.023552,35.232154,0.144309,35.272591,-0.040436698,35.272591,-0.040436698
sn2007f,0.02381,35.453902,0.144315,35.296679,0.15722314,35.296679,0.15722314
sn2007qe,0.023867,35.312976,0.14435,35.301966,0.011009626,35.301966,0.011009626
sn1993h,0.023909,35.350353,0.145547,35.305854,0.044498435,35.305854,0.044498435
sn2006sr,0.024159,35.27495,0.14338,35.328859,-0.053909267,35.328859,-0.053909267
sn2005bg,0.024586,35.322909,0.142334,35.367615,-0.044706348,35.367615,-0.044706348
sn2002he,0.024725,35.445406,0.145176,35.380089,0.065317179,35.380089,0.065317179
sn2002bf,0.024746,35.070075,0.147523,35.381968,-0.31189297,35.381968,-0.31189297
sn1994m,0.024951,35.222116,0.145319,35.400224,-0.17810828,35.400224,-0.17810828
sn1992ag,0.025198,35.242843,0.148276,35.422026,-0.17918243,35.422026,-0.17918243
sn2007cq,0.025468,35.194232,0.143429,35.445619,-0.25138726,35.445619,-0.25138726
sn2005ms,0.026567,35.627234,0.142099,35.539185,0.088048578,35.539185,0.088048578
sn1999gp,0.026677,35.602201,0.142999,35.54834,0.053860927,35.54834,0.053860927
sn2005na,0.026881,35.524407,0.141195,35.565221,-0.040814326,35.565221,-0.040814326
sn2007co,0.027064,35.45832,0.141685,35.580258,-0.12193749,35.580258,-0.12193749
sn2004gs,0.027499,35.806141,0.140928,35.615605,0.19053629,35.615605,0.19053629
sn1992p,0.027637,35.761539,0.144083,35.626703,0.1348353,35.626703,0.1348353
sn1998ab,0.027688,35.240115,0.143171,35.630792,-0.39067673,35.630792,-0.39067673
sn2002de,0.027748,35.731784,0.141846,35.635592,0.096192321,35.635592,0.096192321
sn2003u,0.028561,35.591369,0.14269,35.699648,-0.10827924,35.699648,-0.10827924
sn2005eq,0.029086,35.858819,0.141059,35.740071,0.11874855,35.740071,0.11874855
sn2006qo,0.029526,35.686443,0.142005,35.773402,-0.086959306,35.773402,-0.086959306
sn1990o,0.030325,35.747254,0.143169,35.832704,-0.085450593,35.832704,-0.085450593
sn2001ba,0.030381,35.918942,0.142175,35.836803,0.082138799,35.836803,0.082138799
sn2003ch,0.030416,35.941299,0.140939,35.839361,0.10193816,35.839361,0.10193816
sn1997dg,0.030482,36.197901,0.1417,35.844177,0.35372428,35.844177,0.35372428
sn1996c,0.030721,35.839872,0.142617,35.861531,-0.021659401,35.861531,-0.021659401
sn2006bt,0.031484,36.053917,0.140272,35.916064,0.13785353,35.916064,0.13785353
sn2006az,0.031485,35.938196,0.140346,35.916134,0.02206131,35.916134,0.02206131
sn2007bd,0.031638,35.835702,0.14121,35.926913,-0.0912117,35.926913,-0.0912117
sn1999cc,0.031764,35.884859,0.140686,35.935752,-0.050892531,35.935752,-0.050892531
sn2004as,0.032538,36.129874,0.14043,35.989306,0.14056816,35.989306,0.14056816
sn2004l,0.033173,35.996675,0.143111,36.032321,-0.035646829,36.032321,-0.035646829
sn2006s,0.033255,36.21217,0.139885,36.037817,0.17435248,36.037817,0.17435248
sn2006gr,0.033614,36.162256,0.139809,36.061724,0.10053118,36.061724,0.10053118
sn2005iq,0.034074,36.263162,0.138969,36.091996,0.17116626,36.091996,0.17116626
sn2005eu,0.034781,36.150741,0.141596,36.137752,0.012989412,36.137752,0.012989412
sn1996bl,0.034854,35.992803,0.141007,36.142425,-0.1496213,36.142425,-0.1496213
sn2003iv,0.034971,36.260244,0.140126,36.149894,0.11035056,36.149894,0.11035056
sn1992bg,0.035218,36.134253,0.14465,36.165583,-0.031329511,36.165583,-0.031329511
sn2002hd,0.035755,35.942565,0.142258,36.199324,-0.25675941,36.199324,-0.25675941
SDSS17784,0.03652,36.331548,0.115396,36.246548,0.085000442,36.246548,0.085000442
sn2000cf,0.036934,36.375857,0.140956,36.271704,0.10415309,36.271704,0.10415309
sn2006nz,0.03695,36.320147,0.114021,36.272671,0.047476141,36.272671,0.047476141
sn2006mo,0.036969,36.387901,0.141722,36.273818,0.11408295,36.273818,0.11408295
sn2001eh,0.037075,36.277857,0.139296,36.280209,-0.0023514869,36.280209,-0.0023514869
sn2002hu,0.038086,36.296658,0.138952,36.340284,-0.043625949,36.340284,-0.043625949
sn1999aw,0.039083,36.509804,0.139901,36.398025,0.11177866,36.398025,0.11177866
sn2003fa,0.039219,36.406044,0.138984,36.40579,0.00025432486,36.40579,0.00025432486
sn2001az,0.040259,36.605765,0.142119,36.464318,0.14144618,36.464318,0.14144618
sn2005lz,0.040689,36.527676,0.139014,36.488089,0.039586864,36.488089,0.039586864
sn1992bh,0.041657,36.777361,0.141016,36.540719,0.23664167,36.540719,0.23664167
sn1992bl,0.0424,36.547697,0.142756,36.580317,-0.032619192,36.580317,-0.032619192
SDSS10805,0.04413,36.522649,0.11486,36.669964,-0.14731503,36.669964,-0.14731503
SDSS14279,0.04428,36.542955,0.113705,36.677576,-0.1346208,36.677576,-0.1346208
sn2005hc,0.04492,36.813793,0.111373,36.709773,0.10401957,36.709773,0.10401957
sn2004gu,0.046856,36.696633,0.137271,36.80453,-0.10789679,36.80453,-0.10789679
sn1995ac,0.048984,36.599681,0.139079,36.904406,-0.3047254,36.904406,-0.3047254
sn1993ag,0.049325,36.840252,0.140167,36.920019,-0.079767383,36.920019,-0.079767383
sn1990af,0.049519,36.896049,0.139446,36.928855,-0.032806364,36.928855,-0.032806364
sn1993o,0.053126,37.097132,0.139575,37.087318,0.0098143716,37.087318,0.0098143716
sn1998dx,0.05386,37.0011,0.140685,37.118288,-0.11718842,37.118288,-0.11718842
sn1999ao,0.054931,37.291241,0.143919,37.162755,0.12848584,37.162755,0.12848584
SDSS19968,0.05499,37.155275,0.112893,37.16518,-0.0099054448,37.16518,-0.0099054448
SDSS6558,0.05634,37.255335,0.112867,37.219998,0.03533686,37.219998,0.03533686
SDSS14318,0.05654,37.11319,0.122398,37.228012,-0.1148216,37.228012,-0.1148216
SDSS17745,0.05874,37.467552,0.114585,37.314401,0.15315153,37.314401,0.15315153
sn2006ob,0.059289,37.302212,0.111086,37.335473,-0.033261589,37.335473,-0.033261589
sn2006oa,0.060959,37.39072,0.11093,37.398438,-0.0077179774,37.398438,-0.0077179774
SDSS3901,0.062818,37.378504,0.112357,37.466608,-0.088103494,37.466608,-0.088103494
sn2007ae,0.062961,37.387267,0.140212,37.471771,-0.08450422,37.471771,-0.08450422
sn1992bs,0.063345,37.666991,0.141293,37.485581,0.18141044,37.485581,0.18141044
SDSS10028,0.064229,37.448507,0.112975,37.517069,-0.068561402,37.517069,-0.068561402
sn2006an,0.065193,37.623736,0.139912,37.550935,0.072800127,37.550935,0.072800127
SDSS6057,0.06651,37.545335,0.112612,37.596436,-0.051100864,37.596436,-0.051100864
sn2006al,0.069122,37.86837,0.145157,37.684177,0.18419316,37.684177,0.18419316
sn2006on,0.069751,37.544255,0.111409,37.704832,-0.16057618,37.704832,-0.16057618
sn1993b,0.070153,37.633652,0.146379,37.717939,-0.084287409,37.717939,-0.084287409
SDSS17240,0.07153,37.643365,0.157968,37.762298,-0.11893373,37.762298,-0.11893373
SDSS17880,0.07195,37.593299,0.112772,37.775666,-0.18236693,37.775666,-0.18236693
sn1992ae,0.074579,37.735149,0.141947,37.857685,-0.12253585,37.857685,-0.12253585
sn2005ir,0.07487,37.849941,0.110074,37.866593,-0.016652309,37.866593,-0.016652309
SDSS19155,0.07592,38.018827,0.112389,37.898464,0.12036372,37.898464,0.12036372
sn1999bp,0.078317,37.975452,0.138307,37.969672,0.0057801486,37.969672,0.0057801486
SDSS17186,0.07849,38.285205,0.113854,37.974731,0.31047451,37.974731,0.31047451
sn1992bp,0.07884,37.792706,0.138584,37.984933,-0.192227,37.984933,-0.192227
SDSS12779,0.07891,38.072741,0.117766,37.986968,0.085772923,37.986968,0.085772923
SDSS12898,0.07997,38.092961,0.112109,38.017578,0.075383104,38.017578,0.075383104
sn2005ag,0.080103,37.91689,0.136253,38.021392,-0.104502,38.021392,-0.104502
SDSS12950,0.08133,38.185733,0.111814,38.056291,0.12944218,38.056291,0.12944218
SDSS12781,0.08304,38.317541,0.115125,38.104101,0.21343965,38.104101,0.21343965
SDSS722,0.08522,38.220612,0.128423,38.163713,0.056899549,38.163713,0.056899549
SDSS3592,0.08528,38.178483,0.111932,38.165333,0.013150057,38.165333,0.013150057
SDSS21502,0.08784,38.239802,0.112907,38.233468,0.0063337394,38.233468,0.0063337394
SDSS1241,0.08889,38.186699,0.11251,38.260871,-0.074171746,38.260871,-0.074171746
SDSS19899,0.09007,38.270945,0.111899,38.291302,-0.020357354,38.291302,-0.020357354
SDSS17258,0.0901,38.078707,0.124187,38.292071,-0.21336405,38.292071,-0.21336405
SDSS774,0.09243,38.409607,0.122156,38.351047,0.058560387,38.351047,0.058560387
SDSS18241,0.09391,38.584293,0.11374,38.387781,0.19651168,38.387781,0.19651168
SDSS2102,0.09401,38.461071,0.112725,38.390243,0.070827545,38.390243,0.070827545
SDSS16185,0.09582,38.533308,0.112716,38.434387,0.09892119,38.434387,0.09892119
SDSS13038,0.10264,38.777015,0.113322,38.593924,0.18309111,38.593924,0.18309111
SDSS10434,0.10289,38.727198,0.114221,38.59958,0.12761805,38.59958,0.12761805
SDSS13135,0.10337,38.651728,0.111598,38.610403,0.041324339,38.610403,0.041324339
SDSS20064,0.10391,38.506897,0.112416,38.622523,-0.11562632,38.622523,-0.11562632
SDSS14816,0.10589,38.51032,0.112285,38.666459,-0.15613898,38.666459,-0.15613898
SDSS18697,0.10602,38.638175,0.111682,38.669317,-0.031142116,38.669317,-0.031142116
SDSS20625,0.10667,38.779541,0.112607,38.683555,0.095985726,38.683555,0.095985726
SDSS18375,0.10725,38.455458,0.111743,38.696192,-0.24073413,38.696192,-0.24073413
SDSS21034,0.10751,38.794085,0.112402,38.701835,0.092249905,38.701835,0.092249905
SDSS7147,0.10924,38.800044,0.112096,38.739063,0.0609803,38.739063,0.0609803
SDSS18650,0.11271,38.964234,0.112009,38.812091,0.15214247,38.812091,0.15214247
SDSS11067,0.11304,38.881139,0.112246,38.818926,0.062212926,38.818926,0.062212926
SDSS18612,0.11368,38.685221,0.111953,38.832127,-0.1469064,38.832127,-0.1469064
SDSS16641,0.11389,39.043562,0.113093,38.836444,0.20711814,38.836444,0.20711814
SDSS16619,0.11402,38.712592,0.11346,38.839112,-0.12652095,38.839112,-0.12652095
SDSS5395,0.11635,38.978748,0.111949,38.88646,0.092287361,38.88646,0.092287361
SDSS8719,0.11651,38.922422,0.113022,38.889679,0.032743433,38.889679,0.032743433
SDSS2561,0.11741,38.950183,0.112518,38.907706,0.042477019,38.907706,0.042477019
SDSS19953,0.11767,38.990858,0.111671,38.91289,0.077967865,38.91289,0.077967865
SDSS16259,0.11771,38.891708,0.113079,38.913687,-0.021979154,38.913687,-0.021979154
SDSS1371,0.11771,38.777081,0.11196,38.913687,-0.13660621,38.913687,-0.13660621
SDSS14871,0.11845,39.061558,0.111824,38.928377,0.13318036,38.928377,0.13318036
SDSS18298,0.11863,38.669532,0.127194,38.931938,-0.26240542,38.931938,-0.26240542
SDSS13894,0.11966,39.209273,0.113363,38.952214,0.25705835,38.952214,0.25705835
SDSS13044,0.11967,39.087358,0.112171,38.95241,0.13494722,38.95241,0.13494722
SDSS5549,0.11967,38.967698,0.111976,38.95241,0.015287796,38.95241,0.015287796
SDSS12860,0.12044,39.030567,0.113463,38.967461,0.063106018,38.967461,0.063106018
SDSS19543,0.12164,39.196958,0.112462,38.990737,0.20622159,38.990737,0.20622159
SDSS18835,0.12262,38.956586,0.11183,39.009587,-0.053000968,39.009587,-0.053000968
SDSS16021,0.12276,38.987525,0.112478,39.012268,-0.0247426,39.012268,-0.0247426
SDSS21669,0.12281,38.913864,0.129766,39.013225,-0.09936089,39.013225,-0.09936089
SDSS2916,0.12303,38.972486,0.119632,39.017431,-0.044945243,39.017431,-0.044945243
SDSS6406,0.12376,38.936366,0.111795,39.031337,-0.094971024,39.031337,-0.094971024
SDSS20470,0.1244,39.208689,0.113068,39.043466,0.16522379,39.043466,0.16522379
06D2fb,0.125298,39.06277,0.085713,39.060386,0.0023838982,39.060386,0.0023838982
SDSS13005,0.12593,39.181814,0.157613,39.072226,0.10958783,39.072226,0.10958783
SDSS2992,0.12608,38.877179,0.113495,39.075028,-0.19784832,39.075028,-0.19784832
SDSS744,0.12649,39.083386,0.118731,39.082671,0.00071555217,39.082671,0.00071555217
SDSS18855,0.12715,39.121925,0.111895,39.094925,0.026999807,39.094925,0.026999807
SDSS16069,0.12739,39.041874,0.113191,39.099367,-0.057492803,39.099367,-0.057492803
SDSS18809,0.12837,39.121917,0.112485,39.117422,0.0044953137,39.117422,0.0044953137
SDSS22075,0.12893,39.091935,0.113756,39.127681,-0.035746499,39.127681,-0.035746499
SDSS1032,0.12903,39.12637,0.115931,39.129509,-0.0031389143,39.129509,-0.0031389143
SDSS5751,0.12953,39.057113,0.112137,39.138627,-0.081514535,39.138627,-0.081514535
SDSS20084,0.12961,39.391752,0.113865,39.140083,0.25166919,39.140083,0.25166919
SDSS18415,0.12961,39.207549,0.113841,39.140083,0.067465806,39.140083,0.067465806
SDSS17280,0.13045,39.449672,0.147057,39.15532,0.29435218,39.15532,0.29435218
SDSS14108,0.13243,39.484723,0.112393,39.190875,0.29384847,39.190875,0.29384847
SDSS18602,0.13362,39.326815,0.113865,39.212005,0.11481007,39.212005,0.11481007
SDSS15508,0.13392,39.215092,0.111798,39.217304,-0.0022127188,39.217304,-0.0022127188
SDSS15234,0.13508,39.491549,0.113196,39.237691,0.25385784,39.237691,0.25385784
SDSS17629,0.13588,39.123799,0.113673,39.251656,-0.12785732,39.251656,-0.12785732
SDSS19775,0.13668,39.246318,0.113428,39.265545,-0.019227221,39.265545,-0.019227221
SDSS17366,0.13811,39.230733,0.112284,39.290183,-0.059449821,39.290183,-0.059449821
SDSS15171,0.13818,39.297665,0.11186,39.291382,0.0062822535,39.291382,0.0062822535
SDSS17208,0.13864,39.611275,0.119461,39.299254,0.31202098,39.299254,0.31202098
SDSS12928,0.13868,39.317355,0.116765,39.299937,0.017417924,39.299937,0.017417924
SDSS1794,0.14139,39.449513,0.113002,39.345808,0.10370506,39.345808,0.10370506
SDSS14437,0.14265,39.385841,0.112226,39.366857,0.018984392,39.366857,0.018984392
SDSS2635,0.1431,39.388173,0.112072,39.374332,0.01384044,39.374332,0.01384044
SDSS13796,0.1436,39.307355,0.111766,39.382613,-0.075258076,39.382613,-0.075258076
SDSS17497,0.14382,39.356151,0.111949,39.386248,-0.03009653,39.386248,-0.03009653
SDSS8921,0.14401,39.387021,0.114616,39.389383,-0.0023619664,39.389383,-0.0023619664
SDSS16073,0.14468,39.679811,0.112388,39.400407,0.27940378,39.400407,0.27940378
SDSS14024,0.14478,39.380007,0.114439,39.402049,-0.022042358,39.402049,-0.022042358
SDSS17605,0.14533,39.41477,0.119235,39.411058,0.0037121899,39.411058,0.0037121899
SDSS11300,0.14547,39.125438,0.113737,39.413346,-0.28790815,39.413346,-0.28790815
SDSS21062,0.14564,39.731821,0.114307,39.416122,0.31569982,39.416122,0.31569982
SDSS19940,0.14582,39.261311,0.112189,39.419057,-0.15774605,39.419057,-0.15774605
SDSS12930,0.14607,39.559066,0.117074,39.423129,0.1359375,39.423129,0.1359375
SDSS2308,0.148,39.554178,0.111944,39.454346,0.099832385,39.454346,0.099832385
SDSS21510,0.14839,39.404046,0.11378,39.460608,-0.056562211,39.460608,-0.056562211
SDSS16116,0.1486,39.644156,0.112448,39.463973,0.18018298,39.463973,0.18018298
SDSS13736,0.14901,39.511831,0.112283,39.470532,0.041299712,39.470532,0.041299712
SDSS16206,0.15065,39.371489,0.113842,39.496597,-0.12510832,39.496597,-0.12510832
SDSS2031,0.15186,39.453621,0.112035,39.51566,-0.062039051,39.51566,-0.062039051
SDSS15132,0.15295,39.624165,0.111718,39.532712,0.091453209,39.532712,0.091453209
SDSS19353,0.15322,39.521424,0.113617,39.536919,-0.015494808,39.536919,-0.015494808
SDSS18323,0.15363,39.69794,0.115274,39.543293,0.1546466,39.543293,0.1546466
SDSS17253,0.15463,39.621754,0.1715,39.558774,0.062980085,39.558774,0.062980085
SDSS5550,0.15473,39.583086,0.111655,39.560317,0.022768959,39.560317,0.022768959
SDSS18030,0.15506,39.762277,0.118308,39.565402,0.19687438,39.565402,0.19687438
SDSS18740,0.15575,39.392103,0.111931,39.576003,-0.18389971,39.576003,-0.18389971
SDSS16165,0.15596,39.593466,0.112725,39.579221,0.014245106,39.579221,0.014245106
SDSS13354,0.15653,39.470949,0.113012,39.587934,-0.11698542,39.587934,-0.11698542
SDSS17171,0.15895,39.623116,0.145393,39.624603,-0.0014861793,39.624603,-0.0014861793
SDSS15425,0.15935,39.362701,0.111983,39.630614,-0.26791209,39.630614,-0.26791209
SDSS17825,0.15999,39.670906,0.113136,39.640202,0.03070394,39.640202,0.03070394
SDSS3317,0.15999,39.513772,0.113095,39.640202,-0.12643048,39.640202,-0.12643048
SDSS2689,0.16035,39.498811,0.114045,39.64558,-0.14676867,39.64558,-0.14676867
SDSS5103,0.1605,39.577501,0.113217,39.647817,-0.070316786,39.647817,-0.070316786
SDSS13411,0.1618,39.817103,0.120879,39.667128,0.14997422,39.667128,0.14997422
SDSS20430,0.16284,39.809749,0.114429,39.682474,0.12727528,39.682474,0.12727528
SDSS19174,0.16357,39.537404,0.114386,39.693191,-0.1557871,39.693191,-0.1557871
SDSS20764,0.16387,39.705099,0.113522,39.697582,0.0075172033,39.697582,0.0075172033
SDSS3087,0.1644,39.614567,0.11306,39.705322,-0.090754703,39.705322,-0.090754703
SDSS19616,0.16455,39.637488,0.113442,39.707509,-0.070020239,39.707509,-0.070020239
SDSS12843,0.16565,39.453303,0.118455,39.723486,-0.27018243,39.723486,-0.27018243
SDSS12853,0.16817,39.584249,0.116716,39.759721,-0.17547169,39.759721,-0.17547169
SDSS15897,0.16869,39.796918,0.116161,39.767135,0.029782728,39.767135,0.029782728
05D3ne,0.169455,39.832052,0.088415,39.778005,0.054047403,39.778005,0.054047403
SDSS12856,0.17028,39.833327,0.112043,39.789676,0.043651496,39.789676,0.043651496
SDSS12855,0.17063,39.687683,0.114853,39.794612,-0.10692842,39.794612,-0.10692842
SDSS17220,0.17066,39.646053,0.115012,39.795034,-0.14898088,39.795034,-0.14898088
SDSS17389,0.1707,40.057622,0.115438,39.795598,0.26202436,39.795598,0.26202436
SDSS15453,0.17373,40.085507,0.114314,39.837923,0.24758414,39.837923,0.24758414
SDSS3080,0.17374,39.713598,0.112831,39.838061,-0.12446303,39.838061,-0.12446303
SDSS15648,0.17383,39.776759,0.122163,39.839308,-0.062548234,39.839308,-0.062548234
SDSS14421,0.17386,39.951083,0.112491,39.839723,0.11136003,39.839723,0.11136003
SDSS12927,0.17415,39.609482,0.118918,39.843735,-0.23425375,39.843735,-0.23425375
SDSS19969,0.1742,39.764467,0.113041,39.844427,-0.079959309,39.844427,-0.079959309
SDSS19282,0.17558,39.88391,0.113152,39.86343,0.020479952,39.86343,0.020479952
SDSS18807,0.17625,39.995197,0.113139,39.872607,0.12259018,39.872607,0.12259018
SDSS14979,0.17653,39.875133,0.11256,39.876432,-0.0012987097,39.876432,-0.0012987097
SDSS18604,0.17656,40.065594,0.113509,39.876842,0.18875261,39.876842,0.18875261
SDSS15365,0.17656,40.035173,0.113446,39.876842,0.15833085,39.876842,0.15833085
SDSS17274,0.17658,40.394839,0.1635,39.877115,0.51772416,39.877115,0.51772416
SDSS15583,0.17706,39.916428,0.113873,39.883658,0.032770308,39.883658,0.032770308
SDSS17218,0.17757,39.884758,0.114576,39.890592,-0.0058342987,39.890592,-0.0058342987
SDSS14451,0.17789,39.824578,0.112906,39.894934,-0.07035575,39.894934,-0.07035575
SDSS5635,0.1781,40.302405,0.117139,39.897779,0.40462598,39.897779,0.40462598
SDSS15461,0.17865,39.947284,0.113319,39.905216,0.042068809,39.905216,0.042068809
SDSS2372,0.17962,39.812569,0.113572,39.91828,-0.1057111,39.91828,-0.1057111
SDSS6936,0.17969,39.936916,0.113497,39.919221,0.017695428,39.919221,0.017695428
SDSS13254,0.17981,40.23075,0.120493,39.920832,0.30991845,39.920832,0.30991845
SDSS14284,0.18037,39.698001,0.112763,39.928337,-0.23033614,39.928337,-0.23033614
SDSS13045,0.18055,39.793481,0.118342,39.930745,-0.13726382,39.930745,-0.13726382
SDSS20048,0.18056,40.04413,0.117002,39.930879,0.11325111,39.930879,0.11325111
SDSS17215,0.18079,39.871011,0.117616,39.933952,-0.062941805,39.933952,-0.062941805
SDSS15443,0.18122,39.838453,0.112167,39.939689,-0.10123614,39.939689,-0.10123614
SDSS17332,0.18204,39.834302,0.115898,39.950593,-0.11629084,39.950593,-0.11629084
SDSS6422,0.18255,40.01337,0.112208,39.957352,0.056018088,39.957352,0.056018088
SDSS16281,0.18255,39.87841,0.114391,39.957352,-0.078942092,39.957352,-0.078942092
SDSS17168,0.18257,40.092058,0.115147,39.957617,0.1344414,39.957617,0.1344414
SDSS14984,0.1828,40.083279,0.115225,39.960659,0.12262073,39.960659,0.12262073
SDSS1580,0.18322,39.815183,0.114206,39.966205,-0.15102211,39.966205,-0.15102211
SDSS8213,0.18327,39.819882,0.117564,39.966864,-0.14698221,39.966864,-0.14698221
SDSS15421,0.18435,40.1016,0.112927,39.981069,0.12053086,39.981069,0.12053086
05D2ah,0.185371,40.044651,0.085522,39.994427,0.050224463,39.994427,0.050224463
SDSS19101,0.18563,39.908877,0.11449,39.997804,-0.088927225,39.997804,-0.088927225
SDSS5994,0.18581,40.075031,0.114889,40.000149,0.074882299,40.000149,0.074882299
SDSS21861,0.18655,39.874252,0.121972,40.009767,-0.13551578,40.009767,-0.13551578
SDSS18749,0.18667,39.972053,0.114334,40.011324,-0.03927052,40.011324,-0.03927052
SDSS20687,0.18772,39.871486,0.118492,40.024903,-0.15341687,40.024903,-0.15341687
SDSS6304,0.18965,39.962528,0.113593,40.049681,-0.087152955,40.049681,-0.087152955
SDSS762,0.1901,40.210589,0.114249,40.055425,0.1551648,40.055425,0.1551648
SDSS18804,0.19084,39.999776,0.112617,40.064843,-0.065066855,40.064843,-0.065066855
SDSS16276,0.19176,40.120262,0.114367,40.076505,0.043756724,40.076505,0.043756724
SDSS18787,0.19191,40.411807,0.114568,40.078401,0.33340575,40.078401,0.33340575
SDSS16618,0.19198,39.956519,0.114573,40.079286,-0.12276686,40.079286,-0.12276686
SDSS2440,0.19215,40.268783,0.114217,40.081433,0.18734962,40.081433,0.18734962
SDSS16100,0.19392,40.150249,0.117691,40.103684,0.046564865,40.103684,0.046564865
SDSS2246,0.19422,40.109546,0.11684,40.107437,0.002109194,40.107437,0.002109194
SDSS20575,0.19465,39.838415,0.114454,40.112807,-0.27439244,40.112807,-0.27439244
SDSS19149,0.19494,39.799909,0.11376,40.116422,-0.31651329,40.116422,-0.31651329
SDSS16099,0.1958,40.216343,0.113084,40.127114,0.089228898,40.127114,0.089228898
SDSS15674,0.19654,40.256476,0.117701,40.13628,0.12019601,40.13628,0.12019601
SDSS18768,0.19671,40.330112,0.118689,40.138381,0.19173084,40.138381,0.19173084
SDSS15129,0.19699,40.094767,0.114008,40.141838,-0.047071498,40.141838,-0.047071498
SDSS13070,0.19709,40.229783,0.116183,40.143072,0.086711621,40.143072,0.086711621
SDSS15901,0.19794,40.204956,0.114551,40.153534,0.051422471,40.153534,0.051422471
SDSS15222,0.19801,40.027113,0.115064,40.154394,-0.1272808,40.154394,-0.1272808
SDSS19658,0.19863,40.272157,0.116081,40.161996,0.11016073,40.161996,0.11016073
SDSS17811,0.19867,40.236809,0.114249,40.162486,0.074322832,40.162486,0.074322832
SDSS16737,0.1988,39.99253,0.124264,40.164077,-0.17154664,40.164077,-0.17154664
SDSS13305,0.19959,40.251098,0.115206,40.173725,0.077373026,40.173725,0.077373026
SDSS6780,0.20061,40.102223,0.120729,40.18613,-0.083906965,40.18613,-0.083906965
SDSS15872,0.20203,40.164615,0.117009,40.203303,-0.038688511,40.203303,-0.038688511
SDSS7243,0.20231,40.247129,0.117808,40.206677,0.040452324,40.206677,0.040452324
SDSS16032,0.20318,40.280795,0.114994,40.21713,0.063664346,40.21713,0.063664346
SDSS14212,0.20399,40.265661,0.114245,40.226826,0.038834754,40.226826,0.038834754
SDSS18965,0.20466,40.276416,0.115117,40.234819,0.041597061,40.234819,0.041597061
SDSS17801,0.20515,40.440593,0.131465,40.24065,0.1999435,40.24065,0.1999435
SDSS20581,0.20554,40.22826,0.114345,40.245281,-0.017020973,40.245281,-0.017020973
SDSS19913,0.20557,40.31485,0.114899,40.245637,0.069213195,40.245637,0.069213195
SDSS13152,0.2056,39.974825,0.113718,40.245993,-0.27116767,40.245993,-0.27116767
SDSS15201,0.20704,40.634193,0.117479,40.263019,0.37117336,40.263019,0.37117336
SDSS13641,0.20852,40.302019,0.114386,40.280406,0.02161372,40.280406,0.02161372
SDSS15467,0.2091,40.214833,0.115699,40.287188,-0.072355419,40.287188,-0.072355419
SDSS13425,0.20953,40.223527,0.131221,40.292206,-0.068678514,40.292206,-0.068678514
SDSS16473,0.2096,40.348956,0.115465,40.293022,0.055934567,40.293022,0.055934567
04D1dc,0.210032,40.191993,0.085765,40.298051,-0.10605857,40.298051,-0.10605857
SDSS19425,0.21025,40.313695,0.128931,40.300586,0.01310899,40.300586,0.01310899
SDSS15259,0.21054,40.196013,0.11424,40.303953,-0.10794024,40.303953,-0.10794024
SDSS17875,0.21075,40.574565,0.116152,40.30639,0.26817583,40.30639,0.26817583
SDSS14157,0.21082,40.119522,0.11447,40.307201,-0.18767929,40.307201,-0.18767929
SDSS7847,0.21134,40.143408,0.115658,40.313222,-0.1698134,40.313222,-0.1698134
SDSS6933,0.21163,40.203016,0.114069,40.316574,-0.11355758,40.316574,-0.11355758
SDSS2330,0.21179,40.671436,0.124547,40.318421,0.35301431,40.318421,0.35301431
SDSS18466,0.21226,40.271235,0.115112,40.323841,-0.05260617,40.323841,-0.05260617
SDSS14331,0.2126,40.521942,0.116607,40.327754,0.194188,40.327754,0.194188
SDSS8495,0.21295,40.297362,0.121443,40.331777,-0.034414803,40.331777,-0.034414803
SDSS18927,0.21323,40.107522,0.117876,40.334991,-0.22746939,40.334991,-0.22746939
SDSS20364,0.21382,40.382593,0.11761,40.34175,0.040842868,40.34175,0.040842868
SDSS7473,0.21457,40.463576,0.114262,40.350318,0.11325764,40.350318,0.11325764
SDSS15203,0.21468,40.262821,0.114437,40.351572,-0.088751336,40.351572,-0.088751336
SDSS14019,0.21513,40.756464,0.120494,40.356697,0.39976614,40.356697,0.39976614
SDSS17435,0.21674,40.473257,0.115124,40.374953,0.098303854,40.374953,0.098303854
SDSS9467,0.21698,40.613772,0.124622,40.377664,0.23610851,40.377664,0.23610851
SDSS19008,0.21757,40.271699,0.11934,40.384316,-0.11261655,40.384316,-0.11261655
SDSS5533,0.21829,40.380716,0.114544,40.392411,-0.011695644,40.392411,-0.011695644
SDSS7512,0.21835,40.477375,0.116348,40.393085,0.084290489,40.393085,0.084290489
SDSS18940,0.21861,40.285682,0.114762,40.396001,-0.11031968,40.396001,-0.11031968
SDSS20144,0.21865,40.401512,0.11463,40.39645,0.0050625629,40.39645,0.0050625629
05D3kx,0.219462,40.373686,0.085341,40.405537,-0.031850962,40.405537,-0.031850962
SDSS19230,0.21955,40.107276,0.119543,40.406519,-0.29924385,40.406519,-0.29924385
SDSS13727,0.21971,40.455796,0.115514,40.408306,0.047490196,40.408306,0.047490196
SDSS15433,0.21976,40.441446,0.114935,40.408864,0.032581961,40.408864,0.032581961
SDSS16793,0.22058,40.296436,0.138465,40.417997,-0.12156107,40.417997,-0.12156107
SDSS15354,0.22068,40.239742,0.119891,40.419109,-0.17936678,40.419109,-0.17936678
SDSS15229,0.22256,40.52117,0.11527,40.439923,0.081247109,40.439923,0.081247109
SDSS14846,0.22328,40.469733,0.115872,40.447852,0.021880862,40.447852,0.021880862
SDSS13025,0.22351,40.551014,0.1168,40.45038,0.10063394,40.45038,0.10063394
SDSS19992,0.22452,40.735088,0.122907,40.461452,0.27363522,40.461452,0.27363522
SDSS19341,0.22667,40.418519,0.118938,40.484871,-0.066352292,40.484871,-0.066352292
SDSS13578,0.22668,40.458669,0.115846,40.484979,-0.026310379,40.484979,-0.026310379
SDSS21033,0.22786,40.461515,0.11565,40.497745,-0.036230211,40.497745,-0.036230211
SDSS3452,0.22893,40.514747,0.115979,40.509269,0.0054781038,40.509269,0.0054781038
SDSS13072,0.22916,40.489831,0.122097,40.511739,-0.02190808,40.511739,-0.02190808
SDSS12881,0.2316,40.399083,0.118789,40.53781,-0.13872614,40.53781,-0.13872614
SDSS12971,0.2338,40.542595,0.115605,40.5611,-0.01850575,40.5611,-0.01850575
SDSS17223,0.23381,40.522903,0.118911,40.561206,-0.038302618,40.561206,-0.038302618
SDSS16350,0.23472,40.520922,0.116813,40.570781,-0.049858295,40.570781,-0.049858295
SDSS13511,0.23646,40.839103,0.117789,40.588994,0.2501087,40.588994,0.2501087
SDSS17884,0.23782,40.637121,0.116252,40.603145,0.033976226,40.603145,0.033976226
SDSS15868,0.24102,40.788612,0.116005,40.636149,0.15246214,40.636149,0.15246214
SDSS13506,0.24179,40.643588,0.122422,40.644031,-0.00044277492,40.644031,-0.00044277492
SDSS19023,0.24185,40.693089,0.114848,40.644644,0.048444887,40.644644,0.048444887
SDSS20111,0.24348,40.68023,0.118064,40.66125,0.018980174,40.66125,0.018980174
SDSS20088,0.24352,40.70372,0.113403,40.661656,0.042063941,40.661656,0.042063941
SDSS3377,0.24448,40.491543,0.115275,40.671387,-0.1798438,40.671387,-0.1798438
SDSS19990,0.24495,40.763035,0.119541,40.676138,0.086897072,40.676138,0.086897072
SDSS18486,0.2454,40.546602,0.114389,40.680679,-0.13407724,40.680679,-0.13407724
SDSS17464,0.24555,40.240038,0.116206,40.682191,-0.44215356,40.682191,-0.44215356
SDSS20039,0.24558,40.592469,0.118174,40.682494,-0.090024846,40.682494,-0.090024846
SDSS12977,0.24562,40.611615,0.115338,40.682897,-0.071282114,40.682897,-0.071282114
SDSS15466,0.24568,40.391281,0.120181,40.683501,-0.29221982,40.683501,-0.29221982
SDSS13835,0.24625,40.705764,0.114566,40.689237,0.016527918,40.689237,0.016527918
SDSS16352,0.24647,40.623678,0.115433,40.691447,-0.067768908,40.691447,-0.067768908
05D3mq,0.246492,40.711377,0.086206,40.691668,0.019709332,40.691668,0.019709332
SDSS15301,0.2466,40.347858,0.114128,40.692752,-0.34489462,40.692752,-0.34489462
SDSS15219,0.24695,40.814013,0.114812,40.696263,0.11774988,40.696263,0.11774988
SDSS15161,0.2485,40.630674,0.117491,40.711758,-0.081084066,40.711758,-0.081084066
SDSS3451,0.24851,40.514398,0.116195,40.711858,-0.19745952,40.711858,-0.19745952
SDSS16213,0.24857,40.767362,0.115731,40.712456,0.054906011,40.712456,0.054906011
SDSS17552,0.24862,40.775706,0.11712,40.712954,0.062752491,40.712954,0.062752491
SDSS15504,0.24947,40.842596,0.131353,40.72141,0.12118608,40.72141,0.12118608
SDSS3199,0.24961,41.058299,0.118164,40.7228,0.33549949,40.7228,0.33549949
SDSS16106,0.24973,40.698314,0.120462,40.723991,-0.025677142,40.723991,-0.025677142
SDSS13689,0.25012,40.88833,0.116581,40.727858,0.16047195,40.727858,0.16047195
SDSS5717,0.25037,40.92885,0.115791,40.730334,0.19851632,40.730334,0.19851632
06D3gn,0.250498,40.733628,0.086012,40.731601,0.0020269444,40.731601,0.0020269444
SDSS13655,0.25104,40.793163,0.119872,40.736959,0.056204189,40.736959,0.056204189
SDSS5736,0.25174,40.702304,0.115824,40.743863,-0.041558293,40.743863,-0.041558293
SDSS15440,0.25205,40.595558,0.11822,40.746914,-0.15135694,40.746914,-0.15135694
SDSS9032,0.25249,40.721733,0.126796,40.75124,-0.029506749,40.75124,-0.029506749
SDSS14481,0.25351,41.072086,0.123692,40.761242,0.31084461,40.761242,0.31084461
SDSS18325,0.25356,40.804462,0.120869,40.761731,0.04273089,40.761731,0.04273089
SDSS9457,0.25539,40.747194,0.130119,40.77958,-0.032385441,40.77958,-0.032385441
SDSS1112,0.25611,40.833795,0.12482,40.78657,0.047224753,40.78657,0.047224753
SDSS17340,0.25617,40.628367,0.119755,40.787152,-0.15878476,40.787152,-0.15878476
SDSS12972,0.25655,40.873953,0.12587,40.790833,0.083120587,40.790833,0.083120587
SDSS19207,0.25721,40.801779,0.121726,40.797215,0.0045639864,40.797215,0.0045639864
SDSS6108,0.258,40.778624,0.117106,40.804834,-0.026210273,40.804834,-0.026210273
SDSS8046,0.25833,40.827869,0.119891,40.80801,0.019858627,40.80801,0.019858627
SDSS2017,0.26014,41.124314,0.122802,40.825367,0.29894761,40.825367,0.29894761
SDSS1253,0.26059,40.752157,0.120435,40.829665,-0.077507767,40.829665,-0.077507767
SDSS14298,0.2607,40.993775,0.117389,40.830714,0.16306076,40.830714,0.16306076
05D1hk,0.261984,40.715093,0.08739,40.842936,-0.12784303,40.842936,-0.12784303
04D3ez,0.263487,40.730792,0.08555,40.857172,-0.12638066,40.857172,-0.12638066
SDSS2422,0.26349,41.119147,0.115945,40.857201,0.26194614,40.857201,0.26194614
SDSS20345,0.26357,40.674107,0.11624,40.857957,-0.18384923,40.857957,-0.18384923
SDSS2943,0.26405,40.834936,0.117962,40.862486,-0.027549933,40.862486,-0.027549933
SDSS13099,0.26451,40.951835,0.119638,40.86682,0.085015291,40.86682,0.085015291
SDSS6315,0.26576,40.814381,0.114629,40.878562,-0.06418138,40.878562,-0.06418138
SDSS18463,0.26665,40.889717,0.120817,40.886891,0.0028254719,40.886891,0.0028254719
SDSS19002,0.2671,40.85367,0.116111,40.891093,-0.037423554,40.891093,-0.037423554
SDSS19702,0.26821,40.966273,0.121714,40.90143,0.064842586,40.90143,0.064842586
06D3fp,0.268489,40.852083,0.08555,40.904022,-0.051939064,40.904022,-0.051939064
SDSS18945,0.26856,41.066451,0.118128,40.904682,0.16176928,40.904682,0.16176928
03D4cj,0.268624,40.767919,0.086242,40.905276,-0.1373567,40.905276,-0.1373567
SDSS6192,0.27044,40.897172,0.118685,40.92208,-0.024907514,40.92208,-0.024907514
SDSS15287,0.27258,40.88661,0.11421,40.941749,-0.055139672,40.941749,-0.055139672
SDSS15356,0.27447,40.791311,0.118156,40.959004,-0.16769325,40.959004,-0.16769325
SDSS4046,0.27544,40.925407,0.119548,40.967818,-0.04241092,40.967818,-0.04241092
SDSS16072,0.27549,40.922313,0.127184,40.968271,-0.045958491,40.968271,-0.045958491
SDSS12869,0.27653,40.822597,0.126014,40.977687,-0.15509072,40.977687,-0.15509072
SDSS4000,0.27745,41.090428,0.128283,40.98599,0.10443765,40.98599,0.10443765
SDSS17791,0.27749,41.653409,0.136665,40.986351,0.6670578,40.986351,0.6670578
SDSS18485,0.27822,41.035649,0.117336,40.99292,0.042728517,40.99292,0.042728517
SDSS5957,0.27852,41.099812,0.118155,40.995615,0.10419695,40.995615,0.10419695
SDSS6196,0.27916,40.691538,0.11948,41.001356,-0.30981842,41.001356,-0.30981842
SDSS14261,0.27952,40.840327,0.121901,41.00458,-0.16425354,41.00458,-0.16425354
SDSS17809,0.28051,40.89843,0.122739,41.013426,-0.11499675,41.013426,-0.11499675
SDSS15584,0.28111,40.922902,0.11753,41.018774,-0.095871802,41.018774,-0.095871802
SDSS20227,0.28243,41.094486,0.11747,41.030502,0.063983944,41.030502,0.063983944
06D3dt,0.28251,41.187695,0.085709,41.031211,0.15648422,41.031211,0.15648422
SDSS20040,0.28351,40.987093,0.118366,41.04006,-0.052966834,41.04006,-0.052966834
03D4ag,0.28361,40.95229,0.086683,41.040943,-0.08865377,41.040943,-0.08865377
SDSS19128,0.28543,41.284683,0.119195,41.05697,0.22771273,41.05697,0.22771273
SDSS2165,0.28662,41.348336,0.11978,41.067399,0.28093654,41.067399,0.28093654
SDSS13757,0.28742,41.233155,0.118845,41.074388,0.15876689,41.074388,0.15876689
SDSS16402,0.28845,40.616348,0.116661,41.08336,-0.46701161,41.08336,-0.46701161
SDSS2789,0.28872,41.099743,0.124095,41.085707,0.014036411,41.085707,0.014036411
SDSS21006,0.29021,41.013195,0.116557,41.098623,-0.085427662,41.098623,-0.085427662
SDSS19596,0.29135,41.068969,0.12122,41.108464,-0.039494687,41.108464,-0.039494687
03D3ba,0.291718,41.007599,0.093479,41.111633,-0.10403432,41.111633,-0.10403432
SDSS19818,0.29192,40.988963,0.124168,41.113371,-0.12440838,41.113371,-0.12440838
SDSS6249,0.29287,41.066629,0.119196,41.12153,-0.054900936,41.12153,-0.054900936
SDSS19027,0.2935,40.742297,0.120303,41.126928,-0.38463116,41.126928,-0.38463116
SDSS19604,0.29448,41.328777,0.140875,41.135303,0.1934736,41.135303,0.1934736
SDSS19794,0.29542,41.060628,0.134209,41.143313,-0.082684843,41.143313,-0.082684843
SDSS13610,0.29678,40.989071,0.117785,41.15486,-0.16578887,41.15486,-0.16578887
SDSS15057,0.29762,40.980684,0.131068,41.161968,-0.1812835,41.161968,-0.1812835
SDSS6137,0.29888,41.340708,0.124118,41.172595,0.16811278,41.172595,0.16811278
SDSS14735,0.30001,40.892737,0.119386,41.182091,-0.28935384,41.182091,-0.28935384
SDSS5391,0.30021,41.135079,0.128841,41.183768,-0.048689318,41.183768,-0.048689318
SDSS20245,0.30041,40.743364,0.125866,41.185445,-0.44208032,41.185445,-0.44208032
06D4dh,0.30159,41.31708,0.086081,41.195314,0.12176606,41.195314,0.12176606
SDSS7143,0.3024,41.2527,0.118973,41.202069,0.050631907,41.202069,0.050631907
SDSS12883,0.30569,40.793215,0.1459,41.229334,-0.43611929,41.229334,-0.43611929
SDSS15213,0.30632,41.290316,0.127264,41.234524,0.055792096,41.234524,0.055792096
SDSS19632,0.30702,41.291531,0.126631,41.24028,0.051251501,41.24028,0.051251501
SDSS6699,0.30915,41.434406,0.122358,41.25772,0.1766856,41.25772,0.1766856
SDSS5844,0.30929,41.371822,0.120483,41.258862,0.11295978,41.258862,0.11295978
SDSS16211,0.30933,41.142184,0.137464,41.259189,-0.11700441,41.259189,-0.11700441
SDSS21042,0.31065,41.149718,0.124489,41.269936,-0.12021804,41.269936,-0.12021804
SDSS15383,0.31088,41.295414,0.12279,41.271804,0.023609954,41.271804,0.023609954
SDSS6649,0.31288,41.26929,0.118305,41.287997,-0.018707346,41.287997,-0.018707346
SDSS20142,0.31468,40.992182,0.118861,41.30249,-0.31030833,41.30249,-0.31030833
SDSS15776,0.31646,41.280872,0.121555,41.316748,-0.035875646,41.316748,-0.035875646
SDSS18617,0.32038,41.340257,0.12816,41.34789,-0.0076333923,41.34789,-0.0076333923
SDSS7475,0.32045,41.458813,0.117246,41.348443,0.11037016,41.348443,0.11037016
05D2ab,0.324532,41.395653,0.086121,41.380497,0.015156181,41.380497,0.015156181
SDSS6924,0.3264,41.298415,0.11903,41.395043,-0.09662788,41.395043,-0.09662788
SDSS13830,0.32837,41.167032,0.134054,41.4103,-0.24326883,41.4103,-0.24326883
SDSS14456,0.32837,41.208462,0.124052,41.4103,-0.20183881,41.4103,-0.20183881
SDSS13934,0.32838,41.702025,0.136536,41.410378,0.29164742,41.410378,0.29164742
SDSS4241,0.33051,41.471577,0.12568,41.42678,0.044797021,41.42678,0.044797021
03D1fc,0.330932,41.306956,0.086437,41.430018,-0.12306243,41.430018,-0.12306243
SDSS4679,0.33103,41.24344,0.136212,41.43077,-0.18732989,41.43077,-0.18732989
SDSS20106,0.33136,41.562937,0.135299,41.433299,0.12963795,41.433299,0.12963795
SDSS16093,0.33436,41.503389,0.132618,41.456184,0.047204983,41.456184,0.047204983
04D3kr,0.337534,41.496434,0.086047,41.480192,0.016242131,41.480192,0.016242131
SDSS2533,0.3388,41.557603,0.129777,41.489711,0.067891628,41.489711,0.067891628
04D3nh,0.34052,41.534687,0.0859,41.502591,0.032096363,41.502591,0.032096363
03D1bp,0.345928,41.662223,0.087263,41.542704,0.1195191,41.542704,0.1195191
05D2ie,0.349557,41.747986,0.086821,41.5693,0.17868599,41.5693,0.17868599
04D2mc,0.34956,41.29619,0.089792,41.569322,-0.27313221,41.569322,-0.27313221
05D2hc,0.35156,41.7744,0.086351,41.583872,0.19052842,41.583872,0.19052842
SDSS19067,0.35346,41.352015,0.125157,41.597624,-0.24560915,41.597624,-0.24560915
05D2mp,0.355261,41.823388,0.088265,41.610597,0.212791,41.610597,0.212791
03D3bl,0.35582,41.599703,0.087008,41.614612,-0.014908559,41.614612,-0.014908559
04D3fk,0.358336,41.516078,0.086303,41.632609,-0.11653095,41.632609,-0.11653095
04D2fs,0.35857,41.550569,0.086485,41.634277,-0.083708156,41.634277,-0.083708156
SDSS4577,0.36193,41.635021,0.13291,41.658118,-0.023097145,41.658118,-0.023097145
SDSS15704,0.36397,41.88393,0.127982,41.672494,0.21143675,41.672494,0.21143675
SDSS13136,0.36441,42.006672,0.131873,41.675585,0.33108755,41.675585,0.33108755
SDSS16232,0.36554,41.761412,0.137024,41.683507,0.077904675,41.683507,0.077904675
04D1hd,0.367904,41.852504,0.086082,41.700009,0.1524945,41.700009,0.1524945
SDSS14397,0.36941,42.027675,0.131466,41.710471,0.31720311,41.710471,0.31720311
SDSS18091,0.37013,41.708319,0.138604,41.715459,-0.0071403187,41.715459,-0.0071403187
05D4bm,0.370511,41.752199,0.086476,41.718095,0.0341036,41.718095,0.0341036
05D3jr,0.370531,41.652391,0.086626,41.718234,-0.065843038,41.718234,-0.065843038
04D2cf,0.370586,41.685773,0.095747,41.718614,-0.032841321,41.718614,-0.032841321
03D3ay,0.371443,41.821628,0.091326,41.724533,0.097095664,41.724533,0.097095664
05D4fo,0.371508,41.799502,0.086225,41.724981,0.074521255,41.724981,0.074521255
05D4cw,0.373513,41.728807,0.086768,41.738778,-0.0099706952,41.738778,-0.0099706952
SDSS15756,0.37835,42.362885,0.135103,41.771784,0.59110177,41.771784,0.59110177
SDSS7779,0.37986,41.724823,0.118539,41.782008,-0.057185467,41.782008,-0.057185467
SDSS11206,0.38026,41.92599,0.138121,41.78471,0.14127964,41.78471,0.14127964
SDSS15456,0.38047,41.391847,0.12548,41.786128,-0.39428068,41.786128,-0.39428068
SDSS18721,0.39135,41.834601,0.148848,41.858609,-0.024008161,41.858609,-0.024008161
05D4ff,0.400485,41.800259,0.087548,41.918051,-0.1177916,41.918051,-0.1177916
SDSS19757,0.40128,41.640447,0.134806,41.923165,-0.28271751,41.923165,-0.28271751
06D3ed,0.404549,42.062807,0.086483,41.944096,0.1187109,41.944096,0.1187109
05D4dt,0.405478,42.110665,0.086962,41.950016,0.16064967,41.950016,0.16064967
06D4cq,0.40947,42.03372,0.086547,41.975313,0.05840686,41.975313,0.05840686
04D2fp,0.416632,42.054728,0.087194,42.020136,0.034591703,42.020136,0.034591703
05D2dw,0.418633,41.970356,0.087692,42.032532,-0.062176346,42.032532,-0.062176346
05D3cf,0.419569,42.176704,0.087595,42.038312,0.13839179,42.038312,0.13839179
04D4gg,0.422452,41.941732,0.08807,42.056041,-0.11430921,42.056041,-0.11430921
05D2cb,0.428646,42.331146,0.089103,42.093756,0.23739007,42.093756,0.23739007
04D1rh,0.434861,42.149286,0.087188,42.131098,0.018187202,42.131098,0.018187202
06D4co,0.435446,41.914081,0.086944,42.134588,-0.22050642,42.134588,-0.22050642
06D3df,0.442548,42.20644,0.08709,42.17661,0.02982925,42.17661,0.02982925
06D2gb,0.443668,42.109787,0.091594,42.183181,-0.073393134,42.183181,-0.073393134
03D3aw,0.449562,42.347024,0.091912,42.217506,0.1295178,42.217506,0.1295178
04D3gt,0.451556,41.918692,0.087828,42.229025,-0.31033283,42.229025,-0.31033283
04D2gb,0.451681,41.893792,0.088233,42.229745,-0.33595385,42.229745,-0.33595385
03D3cd,0.461274,42.269134,0.095948,42.284499,-0.015365664,42.284499,-0.015365664
05D3lc,0.461564,42.313544,0.087413,42.286138,0.027405976,42.286138,0.027405976
03D4au,0.466414,42.762836,0.09035,42.313406,0.44943017,42.313406,0.44943017
04D4jr,0.468406,42.343723,0.087451,42.324529,0.019193628,42.324529,0.019193628
04D4ju,0.470398,42.645934,0.088446,42.335609,0.31032548,42.335609,0.31032548
05D3mx,0.470573,42.332299,0.088704,42.33658,-0.0042812854,42.33658,-0.0042812854
04D3df,0.470586,42.214609,0.087988,42.336652,-0.12204359,42.336652,-0.12204359
05D2bv,0.475707,42.336723,0.087947,42.364928,-0.02820515,42.364928,-0.02820515
05D3dd,0.480568,42.310218,0.088055,42.391508,-0.081289925,42.391508,-0.081289925
05D2ac,0.480704,42.295925,0.087736,42.392248,-0.096323524,42.392248,-0.096323524
05D1ix,0.4888,42.456845,0.08839,42.435959,0.020885606,42.435959,0.020885606
03D1ax,0.494795,42.467119,0.08811,42.467896,-0.00077729151,42.467896,-0.00077729151
05D4af,0.497379,42.503219,0.088758,42.481552,0.021667266,42.481552,0.021667266
06D2bk,0.500728,42.625951,0.089131,42.499152,0.12679939,42.499152,0.12679939
03D1au,0.503084,42.518239,0.088031,42.511468,0.0067706559,42.511468,0.0067706559
05D4av,0.507371,42.462488,0.089015,42.533743,-0.071254825,42.533743,-0.071254825
05D2dy,0.511746,42.744054,0.088554,42.556295,0.18775969,42.556295,0.18775969
04D1pg,0.513793,42.691363,0.090087,42.566785,0.12457822,42.566785,0.12457822
04D4in,0.514353,42.612349,0.088897,42.569648,0.042700886,42.569648,0.042700886
04D2mj,0.514746,42.809579,0.090306,42.571656,0.23792304,42.571656,0.23792304
05D3ci,0.515587,42.70065,0.106833,42.575947,0.12470249,42.575947,0.12470249
06D3el,0.519611,42.720224,0.088502,42.59639,0.12383409,42.59639,0.12383409
04D2gc,0.522762,42.731549,0.089115,42.612296,0.11925303,42.612296,0.11925303
06D2ca,0.532765,42.641076,0.08987,42.662204,-0.021128046,42.662204,-0.021128046
06D2cc,0.533766,42.42434,0.09473,42.66715,-0.24281052,42.66715,-0.24281052
05D4ek,0.534335,42.415314,0.090128,42.669958,-0.25464366,42.669958,-0.25464366
05D4be,0.535327,42.74951,0.08873,42.674846,0.074663473,42.674846,0.074663473
05D2eb,0.535771,42.587186,0.091256,42.677031,-0.089845825,42.677031,-0.089845825
04D4bq,0.548325,42.413991,0.09145,42.738129,-0.3241377,42.738129,-0.3241377
06D4bo,0.550315,42.759037,0.089299,42.747694,0.011343162,42.747694,0.011343162
04D3hn,0.552605,42.479884,0.089654,42.758661,-0.27877636,42.758661,-0.27877636
06D2ck,0.553797,42.811558,0.091857,42.764353,0.047204942,42.764353,0.047204942
05D1ee,0.557743,42.737495,0.090291,42.783113,-0.045618102,42.783113,-0.045618102
05D1kl,0.558743,43.128545,0.092898,42.787848,0.34069681,42.787848,0.34069681
04D1hx,0.558746,42.693684,0.089573,42.787862,-0.094178339,42.787862,-0.094178339
05D1cc,0.562751,42.813991,0.090329,42.806746,0.0072454288,42.806746,0.0072454288
05D1dn,0.564741,42.823122,0.089709,42.816082,0.00704083,42.816082,0.00704083
05D2dt,0.575823,42.872458,0.091807,42.867516,0.0049420422,42.867516,0.0049420422
06D3et,0.576612,42.799922,0.090075,42.871143,-0.071221092,42.871143,-0.071221092
03D4gf,0.578292,42.807454,0.090072,42.878849,-0.071395134,42.878849,-0.071395134
05D1dx,0.578745,42.810439,0.089343,42.880924,-0.070484443,42.880924,-0.070484443
05D3jq,0.5796,42.797521,0.08931,42.884835,-0.087314295,42.884835,-0.087314295
05D3gp,0.580604,42.943721,0.09835,42.889421,0.054300697,42.889421,0.054300697
03D1aw,0.580724,43.088081,0.090132,42.889968,0.19811271,42.889968,0.19811271
04D1jg,0.582932,42.934684,0.09012,42.900025,0.034658168,42.900025,0.034658168
05D4ej,0.58329,43.123741,0.090793,42.901653,0.22208871,42.901653,0.22208871
04D1sa,0.583743,43.008154,0.091595,42.903711,0.10444386,42.903711,0.10444386
04D1kj,0.583743,42.860907,0.089495,42.903711,-0.042803803,42.903711,-0.042803803
05D1hm,0.585743,43.082844,0.092677,42.912778,0.17006676,42.912778,0.17006676
05D4bf,0.587285,42.943391,0.091452,42.919749,0.023641964,42.919749,0.023641964
04D1oh,0.588721,42.900723,0.091211,42.926225,-0.02550228,42.926225,-0.02550228
03D4gg,0.59028,42.835173,0.092935,42.933239,-0.09806682,42.933239,-0.09806682
04D2mh,0.591835,42.837698,0.090444,42.940218,-0.10252065,42.940218,-0.10252065
05D3lr,0.600603,42.842236,0.094433,42.979251,-0.13701495,42.979251,-0.13701495
05D4ef,0.603272,43.116099,0.092267,42.991027,0.12507259,42.991027,0.12507259
03D4dy,0.608261,43.009642,0.090819,43.012907,-0.0032651089,43.012907,-0.0032651089
05D2he,0.60986,43.048769,0.091831,43.019884,0.028885016,43.019884,0.028885016
04D3do,0.610643,43.111763,0.090588,43.023294,0.088468318,43.023294,0.088468318
03D1dt,0.610712,42.716945,0.092877,43.023595,-0.30664925,43.023595,-0.30664925
04D4an,0.611252,43.201955,0.095195,43.025944,0.17601108,43.025944,0.17601108
05D1ck,0.615698,43.019718,0.092238,43.045212,-0.025494424,43.045212,-0.025494424
04D3co,0.620632,43.076127,0.093091,43.066443,0.0096840911,43.066443,0.0096840911
04D2an,0.621874,42.974793,0.092366,43.071762,-0.096969068,43.071762,-0.096969068
03D4dh,0.625233,42.977855,0.091453,43.086098,-0.10824285,43.086098,-0.10824285
04D4fx,0.627239,43.051558,0.092195,43.094625,-0.043067085,43.094625,-0.043067085
05D1cb,0.630699,42.961949,0.091576,43.109272,-0.14732274,43.109272,-0.14732274
05D2ci,0.631882,42.532295,0.097524,43.114263,-0.5819672,43.114263,-0.5819672
03D4at,0.632234,43.225022,0.093125,43.115746,0.10927619,43.115746,0.10927619
04D1pu,0.637701,42.755686,0.100758,43.138683,-0.38299668,43.138683,-0.38299668
05D4ag,0.638234,42.957682,0.097915,43.140909,-0.1832269,43.140909,-0.1832269
05D2ec,0.641893,43.269082,0.093291,43.156145,0.11293731,43.156145,0.11293731
05D3ax,0.643642,43.193279,0.098759,43.163399,0.029880111,43.163399,0.029880111
04D3cy,0.643646,43.143119,0.094148,43.163415,-0.020296197,43.163415,-0.020296197
05D3lb,0.647639,43.140557,0.09193,43.179907,-0.039349811,43.179907,-0.039349811
05D3kt,0.64864,43.03661,0.092708,43.184026,-0.14741595,43.184026,-0.14741595
04D1sk,0.662058,43.174229,0.093186,43.238667,-0.064438387,43.238667,-0.064438387
05D3hs,0.664638,43.433737,0.094448,43.249053,0.18468375,43.249053,0.18468375
05D3mh,0.670654,43.276258,0.095777,43.273124,0.0031341954,43.273124,0.0031341954
03D1co,0.677662,43.586828,0.098356,43.300907,0.28592119,43.300907,0.28592119
05D2bt,0.681942,43.342325,0.094158,43.317741,0.024583885,43.317741,0.024583885
06D3cc,0.683659,43.452756,0.115261,43.324466,0.12829061,43.324466,0.12829061
04D4ic,0.685179,43.331213,0.0983,43.330406,0.0008066523,43.330406,0.0008066523
05D1ke,0.688656,43.269693,0.092298,43.343947,-0.07425429,43.343947,-0.07425429
06D3em,0.690652,43.108129,0.095502,43.351691,-0.24356246,43.351691,-0.24356246
03D4cz,0.693165,43.3232,0.100242,43.361411,-0.038210633,43.361411,-0.038210633
04D4ib,0.697164,43.452946,0.093324,43.37681,0.076136089,43.37681,0.076136089
06D4ba,0.698167,43.428885,0.101565,43.380658,0.048226239,43.380658,0.048226239
05D4bj,0.699166,43.245392,0.094894,43.384487,-0.1390945,43.384487,-0.1390945
05D4cq,0.699169,43.507746,0.094016,43.384498,0.12324731,43.384498,0.12324731
05D2ck,0.69996,43.368489,0.097048,43.387526,-0.019036659,43.387526,-0.019036659
04D1si,0.700631,43.212814,0.094362,43.390092,-0.1772772,43.390092,-0.1772772
04D4hu,0.701158,43.557341,0.094504,43.392105,0.16523574,43.392105,0.16523574
04D2iu,0.701965,43.13382,0.100028,43.395186,-0.26136547,43.395186,-0.26136547
05D2le,0.701969,43.370141,0.095463,43.395201,-0.025059548,43.395201,-0.025059548
05D3gv,0.715652,43.378809,0.096706,43.446924,-0.068114859,43.446924,-0.068114859
05D3jh,0.71868,43.364753,0.094949,43.458242,-0.093489499,43.458242,-0.093489499
04D1aj,0.719626,43.35756,0.095665,43.461769,-0.10420942,43.461769,-0.10420942
05D4ev,0.72014,43.466283,0.098164,43.463684,0.0025997561,43.463684,0.0025997561
06D3gh,0.72068,43.466467,0.098773,43.465693,0.00077373403,43.465693,0.00077373403
06D3do,0.726679,43.506687,0.094974,43.487925,0.018761918,43.487925,0.018761918
06D3bz,0.727675,43.466346,0.099419,43.491599,-0.02525307,43.491599,-0.02525307
06D4bw,0.730128,43.261738,0.096543,43.500627,-0.23888933,43.500627,-0.23888933
04D1pp,0.733609,43.4594,0.094433,43.51339,-0.053990108,43.51339,-0.053990108
04D2gp,0.733996,43.759451,0.1029,43.514805,0.24464558,43.514805,0.24464558
05D2fq,0.734996,43.652232,0.095665,43.518459,0.13377342,43.518459,0.13377342
05D1eo,0.735608,43.555448,0.096764,43.520693,0.034755914,43.520693,0.034755914
05D2ct,0.736007,43.422327,0.104933,43.522148,-0.099820683,43.522148,-0.099820683
05D3jk,0.73669,43.509013,0.093659,43.524637,-0.015623965,43.524637,-0.015623965
04D2ja,0.742008,44.069947,0.103483,43.543946,0.52600102,43.543946,0.52600102
04D3fq,0.742697,43.462284,0.097111,43.546438,-0.084153922,43.546438,-0.084153922
05D3jb,0.745665,43.546632,0.094967,43.557147,-0.010515655,43.557147,-0.010515655
04D2kr,0.746118,43.342278,0.095641,43.558778,-0.21650036,43.558778,-0.21650036
04D4im,0.7491,43.159259,0.096075,43.569491,-0.4102319,43.569491,-0.4102319
04D3ks,0.750681,43.289826,0.099406,43.575154,-0.28532806,43.575154,-0.28532806
04D3oe,0.756687,43.978003,0.095935,43.596563,0.38143998,43.596563,0.38143998
05D2nt,0.75903,43.659557,0.09556,43.604871,0.054685263,43.604871,0.054685263
06D3gx,0.760691,43.684445,0.101218,43.610746,0.073699279,43.610746,0.073699279
05D3mn,0.760698,43.443254,0.094664,43.610771,-0.16751649,43.610771,-0.16751649
05D4cn,0.761089,43.581369,0.09585,43.612152,-0.030782899,43.612152,-0.030782899
05D1if,0.76158,43.541373,0.096723,43.613885,-0.07251235,43.613885,-0.07251235
04D1qd,0.765588,43.532152,0.09633,43.627995,-0.095843106,43.627995,-0.095843106
04D1de,0.76659,43.927025,0.096641,43.631511,0.29551349,43.631511,0.29551349
05D3hh,0.766684,43.677363,0.103932,43.631841,0.04552156,43.631841,0.04552156
04D4id,0.767075,44.131678,0.101187,43.633212,0.4984667,43.633212,0.4984667
04D1pc,0.768587,43.5354,0.097274,43.638506,-0.10310616,43.638506,-0.10310616
05D4bi,0.773081,43.930271,0.098805,43.654184,0.27608754,43.654184,0.27608754
04D1jd,0.776594,43.408996,0.098366,43.666378,-0.25738259,43.666378,-0.25738259
05D4cs,0.78806,43.810039,0.096033,43.705814,0.10422488,43.705814,0.10422488
03D4fd,0.789054,43.763946,0.099608,43.709207,0.054739315,43.709207,0.054739315
04D1ks,0.796552,43.234542,0.098413,43.734667,-0.50012463,43.734667,-0.50012463
03D1fq,0.798566,43.835978,0.101777,43.741466,0.094511786,43.741466,0.094511786
05D3dh,0.800697,43.146173,0.098997,43.748643,-0.60246987,43.748643,-0.60246987
05D3ha,0.805695,43.391627,0.106396,43.765402,-0.37377578,43.765402,-0.37377578
05D3cx,0.805696,43.79671,0.09721,43.765406,0.031304581,43.765406,0.031304581
05D4gw,0.806041,43.654389,0.105158,43.766559,-0.11217004,43.766559,-0.11217004
05D4dy,0.808048,44.242281,0.101592,43.773258,0.46902333,43.773258,0.46902333
04D4dm,0.809032,43.649176,0.101626,43.776536,-0.12736031,43.776536,-0.12736031
04D3ny,0.81072,43.569519,0.105587,43.782152,-0.21263249,43.782152,-0.21263249
04D3mk,0.813696,44.015091,0.099177,43.792024,0.22306649,43.792024,0.22306649
04D3nc,0.817732,43.996186,0.101608,43.805357,0.19082916,43.805357,0.19082916
06D2ce,0.822103,43.785247,0.104677,43.819726,-0.034478776,43.819726,-0.034478776
04D3lu,0.822697,43.981531,0.100111,43.821673,0.15985861,43.821673,0.15985861
05D1cl,0.828528,44.190985,0.100853,43.840713,0.35027253,43.840713,0.35027253
05D4fg,0.837004,44.018206,0.100539,43.86816,0.15004612,43.86816,0.15004612
04D2al,0.838126,43.734229,0.113632,43.871773,-0.13754348,43.871773,-0.13754348
Elvis,0.839734,43.711872,0.112754,43.876943,-0.16507061,43.876943,-0.16507061
05D4hn,0.840005,43.446447,0.103903,43.877813,-0.43136621,43.877813,-0.43136621
05D1az,0.840522,43.855269,0.101288,43.879473,-0.02420318,43.879473,-0.02420318
06D2ga,0.842123,43.94378,0.112024,43.884606,0.059173716,43.884606,0.059173716
06D4ce,0.847985,44.080784,0.110575,43.903321,0.17746268,43.903321,0.17746268
04D1hy,0.848509,43.924633,0.10052,43.904988,0.019644939,43.904988,0.019644939
05D3kp,0.850729,44.067234,0.098855,43.912038,0.15519572,43.912038,0.15519572
05D4dw,0.852994,43.804525,0.101921,43.919213,-0.11468848,43.919213,-0.11468848
05D1er,0.858507,43.747093,0.106173,43.936601,-0.18950774,43.936601,-0.18950774
04D1ff,0.858513,43.501937,0.101579,43.93662,-0.4346823,43.93662,-0.4346823
05D1iz,0.858516,44.31285,0.11645,43.936629,0.37622132,43.936629,0.37622132
04D4ii,0.863978,43.906142,0.1039,43.953749,-0.047606651,43.953749,-0.047606651
05D1em,0.864497,44.048877,0.102986,43.95537,0.093507232,43.95537,0.093507232
03D1ew,0.866494,43.902509,0.106037,43.9616,-0.059090391,43.9616,-0.059090391
05D2nn,0.872152,44.231164,0.119167,43.979174,0.25199068,43.979174,0.25199068
04D4bk,0.877971,44.221949,0.103099,43.997133,0.22481661,43.997133,0.22481661
05D3cq,0.890729,44.06375,0.103551,44.036105,0.027644166,44.036105,0.027644166
05D2by,0.893183,44.147398,0.106138,44.043539,0.10385879,44.043539,0.10385879
03D4di,0.896944,44.097911,0.109618,44.054894,0.043016403,44.054894,0.043016403
05D3ht,0.901736,44.313219,0.111342,44.069295,0.2439241,44.069295,0.2439241
04D3gx,0.910752,44.343432,0.112202,44.096188,0.24724388,44.096188,0.24724388
04D1ow,0.913473,44.136085,0.104751,44.104253,0.031832064,44.104253,0.031832064
05D2bw,0.92221,44.065799,0.117626,44.129992,-0.064192873,44.129992,-0.064192873
05D2ay,0.922221,43.82013,0.117413,44.130024,-0.30989409,44.130024,-0.30989409
03D4cy,0.924917,44.305059,0.125384,44.137919,0.16714047,44.137919,0.16714047
05D2ob,0.92622,44.095907,0.111056,44.141726,-0.045818754,44.141726,-0.045818754
04D4jy,0.927909,44.425781,0.121275,44.146653,0.27912814,44.146653,0.27912814
04D4ih,0.931901,44.405891,0.111047,44.158264,0.24762673,44.158264,0.24762673
06D2cd,0.932229,44.039882,0.130385,44.159216,-0.11933451,44.159216,-0.11933451
04D4hf,0.9339,44.112115,0.126556,44.16406,-0.051945072,44.16406,-0.051945072
Vilas,0.935774,43.868539,0.119916,44.169483,-0.30094365,44.169483,-0.30094365
05D3la,0.936755,44.086896,0.108686,44.172317,-0.085421727,44.172317,-0.085421727
03D4cx,0.94689,43.571182,0.115036,44.201431,-0.63024943,44.201431,-0.63024943
04D1pd,0.948455,43.874948,0.112213,44.2059,-0.33095194,44.2059,-0.33095194
04D3ml,0.950763,44.48579,0.112327,44.212476,0.27331348,44.212476,0.27331348
04D4jw,0.958871,44.594812,0.125337,44.235457,0.35935548,44.235457,0.35935548
05D3km,0.96074,44.564697,0.112338,44.240727,0.32397027,44.240727,0.32397027
04D3nr,0.960751,43.831189,0.116274,44.240758,-0.4095687,44.240758,-0.4095687
Patuxent,0.970782,44.981973,0.118744,44.268872,0.71310096,44.268872,0.71310096
Ombo,0.97423,44.440738,0.118033,44.27847,0.16226808,44.27847,0.16226808
05D2my,0.98328,44.24164,0.114718,44.303504,-0.061863876,44.303504,-0.061863876
04D1rx,0.983407,44.45169,0.114131,44.303854,0.14783641,44.303854,0.14783641
04D3lp,0.983777,44.059273,0.14188,44.304872,-0.245599,44.304872,-0.245599
04D1iv,0.99639,44.502238,0.112483,44.339369,0.16286828,44.339369,0.16286828
06D4cl,0.997826,44.262545,0.115855,44.34327,-0.080725045,44.34327,-0.080725045
04D3dd,1.002795,44.48442,0.13731,44.356723,0.12769707,44.356723,0.12769707
Eagle,1.020807,44.629845,0.118836,44.404945,0.22490002,44.404945,0.22490002
04D4dw,1.0288,44.481966,0.1248,44.426076,0.055889756,44.426076,0.055889756
06D3en,1.060801,44.364937,0.132013,44.509079,-0.14414275,44.509079,-0.14414275
Gabi,1.12085,44.767999,0.121686,44.658339,0.10965973,44.658339,0.10965973
Lancaster,1.230892,45.06621,0.128558,44.912244,0.15396575,44.912244,0.15396575
Torngasek,1.265901,45.01046,0.128614,44.988263,0.022196715,44.988263,0.022196715
Aphrodite,1.299106,45.053559,0.128055,45.058433,-0.0048742057,45.058433,-0.0048742057
