Name,zcmb,mu_obs,e_mu_obs,mu_model_lcdm,residual_lcdm,mu_model_USMFv2,residual_USMFv2
sn1999ac,0.01006,33.326159,0.174566,33.402708,-0.076548565,33.541934,-0.21577475
sn2004s,0.010291,33.372062,0.173593,33.452399,-0.080336598,33.59148,-0.21941769
sn1997do,0.01055,33.493014,0.17309,33.506813,-0.013799366,33.645732,-0.15271787
sn2002dp,0.010888,33.645204,0.169021,33.575866,0.069337419,33.714573,-0.069369011
sn2006bh,0.011184,33.669922,0.166533,33.634614,0.035308095,33.773135,-0.10321273
sn2005al,0.012317,34.294158,0.16145,33.846076,0.44808141,33.983887,0.31027005
sn2001ep,0.013324,33.906604,0.158624,34.018431,-0.11182693,34.155613,-0.24900901
sn1999dq,0.013533,33.720058,0.158393,34.052582,-0.33252425,34.189634,-0.46957587
sn2002ha,0.013652,34.091038,0.157774,34.071795,0.019243428,34.208772,-0.11773394
sn2001bt,0.014151,33.956815,0.157186,34.150593,-0.19377781,34.287259,-0.33044401
sn1997e,0.014256,34.107223,0.1564,34.166824,-0.059600975,34.303424,-0.19620173
sn1992al,0.014411,34.087975,0.156643,34.190568,-0.10259271,34.327072,-0.23909688
sn1999dk,0.01444,33.987297,0.157099,34.194982,-0.20768482,34.331468,-0.34417092
sn2005bo,0.014467,34.138903,0.154784,34.199084,-0.060181165,34.335554,-0.19665045
sn2001fe,0.014575,34.270406,0.155333,34.215417,0.054989052,34.351819,-0.081412963
sn2006n,0.0147,34.33758,0.155008,34.234172,0.10340782,34.370497,-0.032916355
sn2005kc,0.01496,34.231351,0.153548,34.272683,-0.041331528,34.408845,-0.17749385
sn2005el,0.015154,34.357711,0.153758,34.300989,0.056721861,34.437031,-0.079319751
sn2004eo,0.015469,34.072352,0.153515,34.346196,-0.27384384,34.482042,-0.40968955
sn2001en,0.015482,34.246778,0.154168,34.348042,-0.10126353,34.48388,-0.23710115
sn2001cn,0.015487,34.107353,0.153742,34.348752,-0.24139877,34.484586,-0.37723328
sn2001bf,0.015504,34.190252,0.153374,34.351163,-0.16091035,34.486986,-0.2967343
sn2001cz,0.015554,34.244148,0.153417,34.358239,-0.11409055,34.494031,-0.24988341
sn1999aa,0.015573,34.45074,0.153276,34.360922,0.089818315,34.496703,-0.045962736
sn1994s,0.015664,34.311808,0.154751,34.373727,-0.061919112,34.509452,-0.1976436
sn2004ey,0.015678,34.409554,0.151905,34.375691,0.033863632,34.511407,-0.10185216
sn2001v,0.015791,34.104592,0.152742,34.391476,-0.28688471,34.527122,-0.42253028
sn2006td,0.015999,34.554597,0.153171,34.420243,0.13435366,34.55576,-0.0011626967
sn1996bv,0.016966,34.25655,0.153258,34.549306,-0.29275607,34.684223,-0.42767237
sn2006ax,0.017387,34.645289,0.148936,34.603241,0.042047661,34.737897,-0.092607744
sn1998v,0.01745,34.396806,0.150702,34.611201,-0.21439583,34.745818,-0.34901221
sn2000dk,0.017483,34.451815,0.150122,34.61536,-0.16354431,34.749956,-0.29814025
sn1998ef,0.017672,34.225012,0.150611,34.639026,-0.41401466,34.773505,-0.54849357
sn2007ci,0.018599,34.728819,0.149282,34.751605,-0.022785717,34.88551,-0.15669122
sn1992bo,0.018902,34.934901,0.149087,34.787205,0.14769635,34.920923,0.013978057
sn2002kf,0.019581,34.993089,0.147459,34.86498,0.12810824,34.99828,-0.0051909459
sn2006ej,0.02039,34.999875,0.147727,34.954249,0.045626251,35.08705,-0.087174288
sn2005ki,0.020396,34.947831,0.145393,34.954898,-0.0070668348,35.087695,-0.13986368
sn1992bc,0.020792,34.860895,0.14683,34.997318,-0.13642267,35.129871,-0.26897572
sn2003w,0.020997,34.869301,0.145587,35.018966,-0.14966523,35.151393,-0.28209214
sn2002jy,0.021541,35.292985,0.145405,35.07542,0.21756482,35.207513,0.08547239
sn2007bc,0.021706,35.074451,0.146331,35.092266,-0.017815061,35.224257,-0.14980611
sn2006bq,0.021956,35.14196,0.145024,35.117551,0.024408475,35.249389,-0.10742903
sn2008bf,0.022068,35.197767,0.144685,35.128788,0.068979653,35.260556,-0.062789083
sn1995ak,0.022399,34.937705,0.149213,35.161669,-0.22396413,35.293235,-0.35552973
sn2006et,0.022466,35.024709,0.145994,35.168267,-0.14355815,35.299791,-0.27508264
sn2006mp,0.022629,35.41183,0.145184,35.184237,0.22759239,35.315662,0.096167873
sn2006ar,0.02298,35.353004,0.145076,35.218247,0.13475695,35.349456,0.0035476071
sn2006cp,0.023321,35.074581,0.144025,35.250802,-0.17622082,35.381802,-0.30722125
sn2000ca,0.02336,35.249377,0.144317,35.254495,-0.0051188737,35.385472,-0.13609542
sn2006ac,0.023471,35.263038,0.143695,35.264975,-0.0019361616,35.395883,-0.13284474
sn2000cn,0.023552,35.232154,0.144309,35.272591,-0.040436698,35.40345,-0.17129569
sn2007f,0.02381,35.453902,0.144315,35.296679,0.15722314,35.42738,0.026522045
sn2007qe,0.023867,35.312976,0.14435,35.301966,0.011009626,35.432633,-0.11965659
sn1993h,0.023909,35.350353,0.145547,35.305854,0.044498435,35.436495,-0.086142088
sn2006sr,0.024159,35.27495,0.14338,35.328859,-0.053909267,35.459347,-0.18439689
sn2005bg,0.024586,35.322909,0.142334,35.367615,-0.044706348,35.497842,-0.17493299
sn2002he,0.024725,35.445406,0.145176,35.380089,0.065317179,35.510231,-0.064824554
sn2002bf,0.024746,35.070075,0.147523,35.381968,-0.31189297,35.512097,-0.44202188
sn1994m,0.024951,35.222116,0.145319,35.400224,-0.17810828,35.530228,-0.308112
sn1992ag,0.025198,35.242843,0.148276,35.422026,-0.17918243,35.551879,-0.3090354
sn2007cq,0.025468,35.194232,0.143429,35.445619,-0.25138726,35.575307,-0.3810755
sn2005ms,0.026567,35.627234,0.142099,35.539185,0.088048578,35.668204,-0.040970082
sn1999gp,0.026677,35.602201,0.142999,35.54834,0.053860927,35.677292,-0.075090791
sn2005na,0.026881,35.524407,0.141195,35.565221,-0.040814326,35.694049,-0.16964194
sn2007co,0.027064,35.45832,0.141685,35.580258,-0.12193749,35.708974,-0.25065381
sn2004gs,0.027499,35.806141,0.140928,35.615605,0.19053629,35.744056,0.062084361
sn1992p,0.027637,35.761539,0.144083,35.626703,0.1348353,35.755072,0.0064672023
sn1998ab,0.027688,35.240115,0.143171,35.630792,-0.39067673,35.759129,-0.51901385
sn2002de,0.027748,35.731784,0.141846,35.635592,0.096192321,35.763892,-0.032108369
sn2003u,0.028561,35.591369,0.14269,35.699648,-0.10827924,35.827455,-0.23608663
sn2005eq,0.029086,35.858819,0.141059,35.740071,0.11874855,35.86756,-0.0087406966
sn2006qo,0.029526,35.686443,0.142005,35.773402,-0.086959306,35.900625,-0.21418216
sn1990o,0.030325,35.747254,0.143169,35.832704,-0.085450593,35.959444,-0.21219029
sn2001ba,0.030381,35.918942,0.142175,35.836803,0.082138799,35.963509,-0.044567063
sn2003ch,0.030416,35.941299,0.140939,35.839361,0.10193816,35.966046,-0.024746553
sn1997dg,0.030482,36.197901,0.1417,35.844177,0.35372428,35.970822,0.22707944
sn1996c,0.030721,35.839872,0.142617,35.861531,-0.021659401,35.988032,-0.14815991
sn2006bt,0.031484,36.053917,0.140272,35.916064,0.13785353,36.042104,0.011813365
sn2006az,0.031485,35.938196,0.140346,35.916134,0.02206131,36.042174,-0.10397825
sn2007bd,0.031638,35.835702,0.14121,35.926913,-0.0912117,36.052861,-0.21715903
sn1999cc,0.031764,35.884859,0.140686,35.935752,-0.050892531,36.061623,-0.17676393
sn2004as,0.032538,36.129874,0.14043,35.989306,0.14056816,36.114712,0.015162802
sn2004l,0.033173,35.996675,0.143111,36.032321,-0.035646829,36.157345,-0.16067036
sn2006s,0.033255,36.21217,0.139885,36.037817,0.17435248,36.162792,0.049378222
sn2006gr,0.033614,36.162256,0.139809,36.061724,0.10053118,36.186483,-0.024227457
sn2005iq,0.034074,36.263162,0.138969,36.091996,0.17116626,36.216478,0.046683697
sn2005eu,0.034781,36.150741,0.141596,36.137752,0.012989412,36.261811,-0.11106931
sn1996bl,0.034854,35.992803,0.141007,36.142425,-0.1496213,36.26644,-0.2736363
sn2003iv,0.034971,36.260244,0.140126,36.149894,0.11035056,36.273839,-0.013594365
sn1992bg,0.035218,36.134253,0.14465,36.165583,-0.031329511,36.28938,-0.15512655
sn2002hd,0.035755,35.942565,0.142258,36.199324,-0.25675941,36.3228,-0.38023518
SDSS17784,0.03652,36.331548,0.115396,36.246548,0.085000442,36.369567,-0.038018232
sn2000cf,0.036934,36.375857,0.140956,36.271704,0.10415309,36.394475,-0.018618497
sn2006nz,0.03695,36.320147,0.114021,36.272671,0.047476141,36.395433,-0.075285898
sn2006mo,0.036969,36.387901,0.141722,36.273818,0.11408295,36.396569,-0.0086677533
sn2001eh,0.037075,36.277857,0.139296,36.280209,-0.0023514869,36.402896,-0.12503896
sn2002hu,0.038086,36.296658,0.138952,36.340284,-0.043625949,36.462369,-0.16571102
sn1999aw,0.039083,36.509804,0.139901,36.398025,0.11177866,36.519517,-0.0097134926
sn2003fa,0.039219,36.406044,0.138984,36.40579,0.00025432486,36.527201,-0.12115704
sn2001az,0.040259,36.605765,0.142119,36.464318,0.14144618,36.585113,0.020651932
sn2005lz,0.040689,36.527676,0.139014,36.488089,0.039586864,36.608629,-0.080952593
sn1992bh,0.041657,36.777361,0.141016,36.540719,0.23664167,36.660686,0.11667501
sn1992bl,0.0424,36.547697,0.142756,36.580317,-0.032619192,36.699844,-0.15214691
SDSS10805,0.04413,36.522649,0.11486,36.669964,-0.14731503,36.788472,-0.26582316
SDSS14279,0.04428,36.542955,0.113705,36.677576,-0.1346208,36.795996,-0.25304069
sn2005hc,0.04492,36.813793,0.111373,36.709773,0.10401957,36.827817,-0.014024112
sn2004gu,0.046856,36.696633,0.137271,36.80453,-0.10789679,36.921439,-0.22480524
sn1995ac,0.048984,36.599681,0.139079,36.904406,-0.3047254,37.020071,-0.42039094
sn1993ag,0.049325,36.840252,0.140167,36.920019,-0.079767383,37.035486,-0.19523422
sn1990af,0.049519,36.896049,0.139446,36.928855,-0.032806364,37.044209,-0.14816022
sn1993o,0.053126,37.097132,0.139575,37.087318,0.0098143716,37.200579,-0.10344652
sn1998dx,0.05386,37.0011,0.140685,37.118288,-0.11718842,37.231125,-0.23002519
sn1999ao,0.054931,37.291241,0.143919,37.162755,0.12848584,37.274974,0.016266825
SDSS19968,0.05499,37.155275,0.112893,37.16518,-0.0099054448,37.277365,-0.12209047
SDSS6558,0.05634,37.255335,0.112867,37.219998,0.03533686,37.331407,-0.076071382
SDSS14318,0.05654,37.11319,0.122398,37.228012,-0.1148216,37.339305,-0.22611493
SDSS17745,0.05874,37.467552,0.114585,37.314401,0.15315153,37.424433,0.043119224
sn2006ob,0.059289,37.302212,0.111086,37.335473,-0.033261589,37.445192,-0.14298005
sn2006oa,0.060959,37.39072,0.11093,37.398438,-0.0077179774,37.507204,-0.11648379
SDSS3901,0.062818,37.378504,0.112357,37.466608,-0.088103494,37.574317,-0.19581248
sn2007ae,0.062961,37.387267,0.140212,37.471771,-0.08450422,37.579399,-0.19213207
sn1992bs,0.063345,37.666991,0.141293,37.485581,0.18141044,37.592991,0.074000362
SDSS10028,0.064229,37.448507,0.112975,37.517069,-0.068561402,37.623978,-0.17547078
sn2006an,0.065193,37.623736,0.139912,37.550935,0.072800127,37.6573,-0.033564214
SDSS6057,0.06651,37.545335,0.112612,37.596436,-0.051100864,37.702057,-0.15672223
sn2006al,0.069122,37.86837,0.145157,37.684177,0.18419316,37.78833,0.080039714
sn2006on,0.069751,37.544255,0.111409,37.704832,-0.16057618,37.808633,-0.26437724
sn1993b,0.070153,37.633652,0.146379,37.717939,-0.084287409,37.821515,-0.18786348
SDSS17240,0.07153,37.643365,0.157968,37.762298,-0.11893373,37.865105,-0.22174048
SDSS17880,0.07195,37.593299,0.112772,37.775666,-0.18236693,37.878239,-0.28493944
sn1992ae,0.074579,37.735149,0.141947,37.857685,-0.12253585,37.958796,-0.22364644
sn2005ir,0.07487,37.849941,0.110074,37.866593,-0.016652309,37.967542,-0.11760153
SDSS19155,0.07592,38.018827,0.112389,37.898464,0.12036372,37.998831,0.019995959
sn1999bp,0.078317,37.975452,0.138307,37.969672,0.0057801486,38.068717,-0.093264665
SDSS17186,0.07849,38.285205,0.113854,37.974731,0.31047451,38.07368,0.21152494
sn1992bp,0.07884,37.792706,0.138584,37.984933,-0.192227,38.08369,-0.29098398
SDSS12779,0.07891,38.072741,0.117766,37.986968,0.085772923,38.085686,-0.012945555
SDSS12898,0.07997,38.092961,0.112109,38.017578,0.075383104,38.115714,-0.022752979
sn2005ag,0.080103,37.91689,0.136253,38.021392,-0.104502,38.119455,-0.20256509
SDSS12950,0.08133,38.185733,0.111814,38.056291,0.12944218,38.153681,0.032051561
SDSS12781,0.08304,38.317541,0.115125,38.104101,0.21343965,38.200557,0.11698355
SDSS722,0.08522,38.220612,0.128423,38.163713,0.056899549,38.258982,-0.038369699
SDSS3592,0.08528,38.178483,0.111932,38.165333,0.013150057,38.26057,-0.082086596
SDSS21502,0.08784,38.239802,0.112907,38.233468,0.0063337394,38.327318,-0.087515764
SDSS1241,0.08889,38.186699,0.11251,38.260871,-0.074171746,38.354153,-0.1674543
SDSS19899,0.09007,38.270945,0.111899,38.291302,-0.020357354,38.383949,-0.11300416
SDSS17258,0.0901,38.078707,0.124187,38.292071,-0.21336405,38.384701,-0.30599471
SDSS774,0.09243,38.409607,0.122156,38.351047,0.058560387,38.442427,-0.032819295
SDSS18241,0.09391,38.584293,0.11374,38.387781,0.19651168,38.478369,0.10592365
SDSS2102,0.09401,38.461071,0.112725,38.390243,0.070827545,38.480778,-0.019707071
SDSS16185,0.09582,38.533308,0.112716,38.434387,0.09892119,38.523956,0.0093514537
SDSS13038,0.10264,38.777015,0.113322,38.593924,0.18309111,38.679889,0.097126447
SDSS10434,0.10289,38.727198,0.114221,38.59958,0.12761805,38.685414,0.04178462
SDSS13135,0.10337,38.651728,0.111598,38.610403,0.041324339,38.695985,-0.044257289
SDSS20064,0.10391,38.506897,0.112416,38.622523,-0.11562632,38.707822,-0.20092496
SDSS14816,0.10589,38.51032,0.112285,38.666459,-0.15613898,38.750723,-0.24040256
SDSS18697,0.10602,38.638175,0.111682,38.669317,-0.031142116,38.753513,-0.11533788
SDSS20625,0.10667,38.779541,0.112607,38.683555,0.095985726,38.767412,0.0121288
SDSS18375,0.10725,38.455458,0.111743,38.696192,-0.24073413,38.779747,-0.32428908
SDSS21034,0.10751,38.794085,0.112402,38.701835,0.092249905,38.785255,0.0088302136
SDSS7147,0.10924,38.800044,0.112096,38.739063,0.0609803,38.821585,-0.021541162
SDSS18650,0.11271,38.964234,0.112009,38.812091,0.15214247,38.89282,0.071413482
SDSS11067,0.11304,38.881139,0.112246,38.818926,0.062212926,38.899485,-0.018346228
SDSS18612,0.11368,38.685221,0.111953,38.832127,-0.1469064,38.912358,-0.2271365
SDSS16641,0.11389,39.043562,0.113093,38.836444,0.20711814,38.916566,0.12699592
SDSS16619,0.11402,38.712592,0.11346,38.839112,-0.12652095,38.919168,-0.2065764
SDSS5395,0.11635,38.978748,0.111949,38.88646,0.092287361,38.965322,0.013425579
SDSS8719,0.11651,38.922422,0.113022,38.889679,0.032743433,38.968459,-0.04603658
SDSS2561,0.11741,38.950183,0.112518,38.907706,0.042477019,38.986027,-0.035843526
SDSS19953,0.11767,38.990858,0.111671,38.91289,0.077967865,38.991078,-0.0002200958
SDSS16259,0.11771,38.891708,0.113079,38.913687,-0.021979154,38.991854,-0.10014672
SDSS1371,0.11771,38.777081,0.11196,38.913687,-0.13660621,38.991854,-0.21477378
SDSS14871,0.11845,39.061558,0.111824,38.928377,0.13318036,39.006168,0.055389741
SDSS18298,0.11863,38.669532,0.127194,38.931938,-0.26240542,39.009637,-0.34010442
SDSS13894,0.11966,39.209273,0.113363,38.952214,0.25705835,39.02939,0.17988292
SDSS13044,0.11967,39.087358,0.112171,38.95241,0.13494722,39.029581,0.057776868
SDSS5549,0.11967,38.967698,0.111976,38.95241,0.015287796,39.029581,-0.061882552
SDSS12860,0.12044,39.030567,0.113463,38.967461,0.063106018,39.04424,-0.013673617
SDSS19543,0.12164,39.196958,0.112462,38.990737,0.20622159,39.066909,0.13004968
SDSS18835,0.12262,38.956586,0.11183,39.009587,-0.053000968,39.085263,-0.12867763
SDSS16021,0.12276,38.987525,0.112478,39.012268,-0.0247426,39.087874,-0.10034859
SDSS21669,0.12281,38.913864,0.129766,39.013225,-0.09936089,39.088805,-0.17494165
SDSS2916,0.12303,38.972486,0.119632,39.017431,-0.044945243,39.092901,-0.120415
SDSS6406,0.12376,38.936366,0.111795,39.031337,-0.094971024,39.106439,-0.17007279
SDSS20470,0.1244,39.208689,0.113068,39.043466,0.16522379,39.118245,0.090444209
06D2fb,0.125298,39.06277,0.085713,39.060386,0.0023838982,39.134714,-0.071944307
SDSS13005,0.12593,39.181814,0.157613,39.072226,0.10958783,39.146237,0.03557682
SDSS2992,0.12608,38.877179,0.113495,39.075028,-0.19784832,39.148964,-0.2717841
SDSS744,0.12649,39.083386,0.118731,39.082671,0.00071555217,39.156401,-0.073014729
SDSS18855,0.12715,39.121925,0.111895,39.094925,0.026999807,39.168325,-0.046400013
SDSS16069,0.12739,39.041874,0.113191,39.099367,-0.057492803,39.172646,-0.13077256
SDSS18809,0.12837,39.121917,0.112485,39.117422,0.0044953137,39.190212,-0.068294784
SDSS22075,0.12893,39.091935,0.113756,39.127681,-0.035746499,39.200192,-0.10825722
SDSS1032,0.12903,39.12637,0.115931,39.129509,-0.0031389143,39.20197,-0.075599775
SDSS5751,0.12953,39.057113,0.112137,39.138627,-0.081514535,39.210839,-0.15372626
SDSS20084,0.12961,39.391752,0.113865,39.140083,0.25166919,39.212255,0.1794973
SDSS18415,0.12961,39.207549,0.113841,39.140083,0.067465806,39.212255,-0.0047060779
SDSS17280,0.13045,39.449672,0.147057,39.15532,0.29435218,39.227074,0.22259822
SDSS14108,0.13243,39.484723,0.112393,39.190875,0.29384847,39.261646,0.2230769
SDSS18602,0.13362,39.326815,0.113865,39.212005,0.11481007,39.282188,0.044627076
SDSS15508,0.13392,39.215092,0.111798,39.217304,-0.0022127188,39.287339,-0.072247551
SDSS15234,0.13508,39.491549,0.113196,39.237691,0.25385784,39.307154,0.18439507
SDSS17629,0.13588,39.123799,0.113673,39.251656,-0.12785732,39.320725,-0.19692632
SDSS19775,0.13668,39.246318,0.113428,39.265545,-0.019227221,39.334221,-0.087903077
SDSS17366,0.13811,39.230733,0.112284,39.290183,-0.059449821,39.358157,-0.12742448
SDSS15171,0.13818,39.297665,0.11186,39.291382,0.0062822535,39.359323,-0.061658135
SDSS17208,0.13864,39.611275,0.119461,39.299254,0.31202098,39.366969,0.2443057
SDSS12928,0.13868,39.317355,0.116765,39.299937,0.017417924,39.367633,-0.050277794
SDSS1794,0.14139,39.449513,0.113002,39.345808,0.10370506,39.412181,0.037331251
SDSS14437,0.14265,39.385841,0.112226,39.366857,0.018984392,39.432618,-0.046777213
SDSS2635,0.1431,39.388173,0.112072,39.374332,0.01384044,39.439876,-0.051702891
SDSS13796,0.1436,39.307355,0.111766,39.382613,-0.075258076,39.447914,-0.14055911
SDSS17497,0.14382,39.356151,0.111949,39.386248,-0.03009653,39.451442,-0.095291027
SDSS8921,0.14401,39.387021,0.114616,39.389383,-0.0023619664,39.454485,-0.067464494
SDSS16073,0.14468,39.679811,0.112388,39.400407,0.27940378,39.465186,0.21462529
SDSS14024,0.14478,39.380007,0.114439,39.402049,-0.022042358,39.466779,-0.086772518
SDSS17605,0.14533,39.41477,0.119235,39.411058,0.0037121899,39.475522,-0.060752342
SDSS11300,0.14547,39.125438,0.113737,39.413346,-0.28790815,39.477743,-0.35230511
SDSS21062,0.14564,39.731821,0.114307,39.416122,0.31569982,39.480436,0.25138487
SDSS19940,0.14582,39.261311,0.112189,39.419057,-0.15774605,39.483285,-0.22197417
SDSS12930,0.14607,39.559066,0.117074,39.423129,0.1359375,39.487236,0.071829902
SDSS2308,0.148,39.554178,0.111944,39.454346,0.099832385,39.517525,0.036653247
SDSS21510,0.14839,39.404046,0.11378,39.460608,-0.056562211,39.5236,-0.11955416
SDSS16116,0.1486,39.644156,0.112448,39.463973,0.18018298,39.526865,0.11729176
SDSS13736,0.14901,39.511831,0.112283,39.470532,0.041299712,39.533226,-0.021394964
SDSS16206,0.15065,39.371489,0.113842,39.496597,-0.12510832,39.558507,-0.18701841
SDSS2031,0.15186,39.453621,0.112035,39.51566,-0.062039051,39.576993,-0.12337191
SDSS15132,0.15295,39.624165,0.111718,39.532712,0.091453209,39.593526,0.030639153
SDSS19353,0.15322,39.521424,0.113617,39.536919,-0.015494808,39.597604,-0.076180527
SDSS18323,0.15363,39.69794,0.115274,39.543293,0.1546466,39.603784,0.094155629
SDSS17253,0.15463,39.621754,0.1715,39.558774,0.062980085,39.618791,0.0029634499
SDSS5550,0.15473,39.583086,0.111655,39.560317,0.022768959,39.620286,-0.037200294
SDSS18030,0.15506,39.762277,0.118308,39.565402,0.19687438,39.625215,0.13706142
SDSS18740,0.15575,39.392103,0.111931,39.576003,-0.18389971,39.63549,-0.24338621
SDSS16165,0.15596,39.593466,0.112725,39.579221,0.014245106,39.638608,-0.045142124
SDSS13354,0.15653,39.470949,0.113012,39.587934,-0.11698542,39.647052,-0.17610341
SDSS17171,0.15895,39.623116,0.145393,39.624603,-0.0014861793,39.682581,-0.059464498
SDSS15425,0.15935,39.362701,0.111983,39.630614,-0.26791209,39.688404,-0.32570256
SDSS17825,0.15999,39.670906,0.113136,39.640202,0.03070394,39.697692,-0.026786285
SDSS3317,0.15999,39.513772,0.113095,39.640202,-0.12643048,39.697692,-0.18392071
SDSS2689,0.16035,39.498811,0.114045,39.64558,-0.14676867,39.702901,-0.20409018
SDSS5103,0.1605,39.577501,0.113217,39.647817,-0.070316786,39.705069,-0.12756803
SDSS13411,0.1618,39.817103,0.120879,39.667128,0.14997422,39.723771,0.09333106
SDSS20430,0.16284,39.809749,0.114429,39.682474,0.12727528,39.738631,0.071117447
SDSS19174,0.16357,39.537404,0.114386,39.693191,-0.1557871,39.749008,-0.21160487
SDSS20764,0.16387,39.705099,0.113522,39.697582,0.0075172033,39.75326,-0.048160959
SDSS3087,0.1644,39.614567,0.11306,39.705322,-0.090754703,39.760754,-0.14618643
SDSS19616,0.16455,39.637488,0.113442,39.707509,-0.070020239,39.762871,-0.12538226
SDSS12843,0.16565,39.453303,0.118455,39.723486,-0.27018243,39.778337,-0.32503397
SDSS12853,0.16817,39.584249,0.116716,39.759721,-0.17547169,39.813407,-0.22915795
SDSS15897,0.16869,39.796918,0.116161,39.767135,0.029782728,39.820582,-0.023663809
05D3ne,0.169455,39.832052,0.088415,39.778005,0.054047403,39.831099,0.00095308464
SDSS12856,0.17028,39.833327,0.112043,39.789676,0.043651496,39.842391,-0.009063581
SDSS12855,0.17063,39.687683,0.114853,39.794612,-0.10692842,39.847166,-0.1594828
SDSS17220,0.17066,39.646053,0.115012,39.795034,-0.14898088,39.847575,-0.20152149
SDSS17389,0.1707,40.057622,0.115438,39.795598,0.26202436,39.84812,0.20950211
SDSS15453,0.17373,40.085507,0.114314,39.837923,0.24758414,39.889058,0.19644822
SDSS3080,0.17374,39.713598,0.112831,39.838061,-0.12446303,39.889192,-0.17559439
SDSS15648,0.17383,39.776759,0.122163,39.839308,-0.062548234,39.890398,-0.11363854
SDSS14421,0.17386,39.951083,0.112491,39.839723,0.11136003,39.8908,0.060283406
SDSS12927,0.17415,39.609482,0.118918,39.843735,-0.23425375,39.89468,-0.28519816
SDSS19969,0.1742,39.764467,0.113041,39.844427,-0.079959309,39.895348,-0.13088094
SDSS19282,0.17558,39.88391,0.113152,39.86343,0.020479952,39.913724,-0.029813647
SDSS18807,0.17625,39.995197,0.113139,39.872607,0.12259018,39.922596,0.07260087
SDSS14979,0.17653,39.875133,0.11256,39.876432,-0.0012987097,39.926294,-0.051160977
SDSS18604,0.17656,40.065594,0.113509,39.876842,0.18875261,39.92669,0.13890395
SDSS15365,0.17656,40.035173,0.113446,39.876842,0.15833085,39.92669,0.10848219
SDSS17274,0.17658,40.394839,0.1635,39.877115,0.51772416,39.926954,0.46788458
SDSS15583,0.17706,39.916428,0.113873,39.883658,0.032770308,39.93328,-0.016851678
SDSS17218,0.17757,39.884758,0.114576,39.890592,-0.0058342987,39.939983,-0.055225311
SDSS14451,0.17789,39.824578,0.112906,39.894934,-0.07035575,39.94418,-0.11960196
SDSS5635,0.1781,40.302405,0.117139,39.897779,0.40462598,39.94693,0.35547475
SDSS15461,0.17865,39.947284,0.113319,39.905216,0.042068809,39.954118,-0.0068338608
SDSS2372,0.17962,39.812569,0.113572,39.91828,-0.1057111,39.966745,-0.15417607
SDSS6936,0.17969,39.936916,0.113497,39.919221,0.017695428,39.967654,-0.030737984
SDSS13254,0.17981,40.23075,0.120493,39.920832,0.30991845,39.969211,0.26153912
SDSS14284,0.18037,39.698001,0.112763,39.928337,-0.23033614,39.976464,-0.27846325
SDSS13045,0.18055,39.793481,0.118342,39.930745,-0.13726382,39.978791,-0.18530993
SDSS20048,0.18056,40.04413,0.117002,39.930879,0.11325111,39.978921,0.065209498
SDSS17215,0.18079,39.871011,0.117616,39.933952,-0.062941805,39.981891,-0.11087995
SDSS15443,0.18122,39.838453,0.112167,39.939689,-0.10123614,39.987433,-0.14898097
SDSS17332,0.18204,39.834302,0.115898,39.950593,-0.11629084,39.99797,-0.1636675
SDSS6422,0.18255,40.01337,0.112208,39.957352,0.056018088,40.0045,0.008870103
SDSS16281,0.18255,39.87841,0.114391,39.957352,-0.078942092,40.0045,-0.12609008
SDSS17168,0.18257,40.092058,0.115147,39.957617,0.1344414,40.004756,0.087302382
SDSS14984,0.1828,40.083279,0.115225,39.960659,0.12262073,40.007695,0.075584759
SDSS1580,0.18322,39.815183,0.114206,39.966205,-0.15102211,40.013053,-0.19787003
SDSS8213,0.18327,39.819882,0.117564,39.966864,-0.14698221,40.01369,-0.19380775
SDSS15421,0.18435,40.1016,0.112927,39.981069,0.12053086,40.027411,0.074188116
05D2ah,0.185371,40.044651,0.085522,39.994427,0.050224463,40.040314,0.0043371746
SDSS19101,0.18563,39.908877,0.11449,39.997804,-0.088927225,40.043576,-0.13469912
SDSS5994,0.18581,40.075031,0.114889,40.000149,0.074882299,40.045841,0.029190557
SDSS21861,0.18655,39.874252,0.121972,40.009767,-0.13551578,40.05513,-0.18087829
SDSS18749,0.18667,39.972053,0.114334,40.011324,-0.03927052,40.056633,-0.084579686
SDSS20687,0.18772,39.871486,0.118492,40.024903,-0.15341687,40.069746,-0.19825983
SDSS6304,0.18965,39.962528,0.113593,40.049681,-0.087152955,40.093669,-0.13114155
SDSS762,0.1901,40.210589,0.114249,40.055425,0.1551648,40.099214,0.11137494
SDSS18804,0.19084,39.999776,0.112617,40.064843,-0.065066855,40.108306,-0.10853031
SDSS16276,0.19176,40.120262,0.114367,40.076505,0.043756724,40.119563,0.00069839265
SDSS18787,0.19191,40.411807,0.114568,40.078401,0.33340575,40.121394,0.2904134
SDSS16618,0.19198,39.956519,0.114573,40.079286,-0.12276686,40.122248,-0.16572843
SDSS2440,0.19215,40.268783,0.114217,40.081433,0.18734962,40.12432,0.1444628
SDSS16100,0.19392,40.150249,0.117691,40.103684,0.046564865,40.145794,0.0044547602
SDSS2246,0.19422,40.109546,0.11684,40.107437,0.002109194,40.149416,-0.039869539
SDSS20575,0.19465,39.838415,0.114454,40.112807,-0.27439244,40.154598,-0.31618301
SDSS19149,0.19494,39.799909,0.11376,40.116422,-0.31651329,40.158086,-0.35817705
SDSS16099,0.1958,40.216343,0.113084,40.127114,0.089228898,40.168403,0.047940752
SDSS15674,0.19654,40.256476,0.117701,40.13628,0.12019601,40.177246,0.079230551
SDSS18768,0.19671,40.330112,0.118689,40.138381,0.19173084,40.179273,0.15083944
SDSS15129,0.19699,40.094767,0.114008,40.141838,-0.047071498,40.182608,-0.087840967
SDSS13070,0.19709,40.229783,0.116183,40.143072,0.086711621,40.183798,0.045985682
SDSS15901,0.19794,40.204956,0.114551,40.153534,0.051422471,40.19389,0.01106618
SDSS15222,0.19801,40.027113,0.115064,40.154394,-0.1272808,40.194719,-0.16760668
SDSS19658,0.19863,40.272157,0.116081,40.161996,0.11016073,40.202053,0.070104043
SDSS17811,0.19867,40.236809,0.114249,40.162486,0.074322832,40.202525,0.034283499
SDSS16737,0.1988,39.99253,0.124264,40.164077,-0.17154664,40.20406,-0.21152957
SDSS13305,0.19959,40.251098,0.115206,40.173725,0.077373026,40.213365,0.037732483
SDSS6780,0.20061,40.102223,0.120729,40.18613,-0.083906965,40.225329,-0.12310624
SDSS15872,0.20203,40.164615,0.117009,40.203303,-0.038688511,40.24189,-0.077274972
SDSS7243,0.20231,40.247129,0.117808,40.206677,0.040452324,40.245142,0.0019864921
SDSS16032,0.20318,40.280795,0.114994,40.21713,0.063664346,40.255222,0.02557289
SDSS14212,0.20399,40.265661,0.114245,40.226826,0.038834754,40.264569,0.0010912653
SDSS18965,0.20466,40.276416,0.115117,40.234819,0.041597061,40.272275,0.0041409663
SDSS17801,0.20515,40.440593,0.131465,40.24065,0.1999435,40.277896,0.16269734
SDSS20581,0.20554,40.22826,0.114345,40.245281,-0.017020973,40.28236,-0.054100185
SDSS19913,0.20557,40.31485,0.114899,40.245637,0.069213195,40.282703,0.03214682
SDSS13152,0.2056,39.974825,0.113718,40.245993,-0.27116767,40.283046,-0.30822121
SDSS15201,0.20704,40.634193,0.117479,40.263019,0.37117336,40.299458,0.33473502
SDSS13641,0.20852,40.302019,0.114386,40.280406,0.02161372,40.316214,-0.014194195
SDSS15467,0.2091,40.214833,0.115699,40.287188,-0.072355419,40.32275,-0.10791679
SDSS13425,0.20953,40.223527,0.131221,40.292206,-0.068678514,40.327584,-0.10405729
SDSS16473,0.2096,40.348956,0.115465,40.293022,0.055934567,40.328371,0.020585503
04D1dc,0.210032,40.191993,0.085765,40.298051,-0.10605857,40.333217,-0.14122438
SDSS19425,0.21025,40.313695,0.128931,40.300586,0.01310899,40.335659,-0.021964397
SDSS15259,0.21054,40.196013,0.11424,40.303953,-0.10794024,40.338904,-0.14289075
SDSS17875,0.21075,40.574565,0.116152,40.30639,0.26817583,40.341251,0.23331425
SDSS14157,0.21082,40.119522,0.11447,40.307201,-0.18767929,40.342033,-0.22251123
SDSS7847,0.21134,40.143408,0.115658,40.313222,-0.1698134,40.347834,-0.20442531
SDSS6933,0.21163,40.203016,0.114069,40.316574,-0.11355758,40.351063,-0.14804689
SDSS2330,0.21179,40.671436,0.124547,40.318421,0.35301431,40.352843,0.31859262
SDSS18466,0.21226,40.271235,0.115112,40.323841,-0.05260617,40.358064,-0.086829368
SDSS14331,0.2126,40.521942,0.116607,40.327754,0.194188,40.361834,0.16010827
SDSS8495,0.21295,40.297362,0.121443,40.331777,-0.034414803,40.365709,-0.068346943
SDSS18927,0.21323,40.107522,0.117876,40.334991,-0.22746939,40.368805,-0.26128354
SDSS20364,0.21382,40.382593,0.11761,40.34175,0.040842868,40.375316,0.007277137
SDSS7473,0.21457,40.463576,0.114262,40.350318,0.11325764,40.383569,0.080007265
SDSS15203,0.21468,40.262821,0.114437,40.351572,-0.088751336,40.384777,-0.12195551
SDSS14019,0.21513,40.756464,0.120494,40.356697,0.39976614,40.389713,0.36675091
SDSS17435,0.21674,40.473257,0.115124,40.374953,0.098303854,40.407294,0.065963195
SDSS9467,0.21698,40.613772,0.124622,40.377664,0.23610851,40.409904,0.20386822
SDSS19008,0.21757,40.271699,0.11934,40.384316,-0.11261655,40.41631,-0.14461031
SDSS5533,0.21829,40.380716,0.114544,40.392411,-0.011695644,40.424105,-0.043388948
SDSS7512,0.21835,40.477375,0.116348,40.393085,0.084290489,40.424753,0.052622204
SDSS18940,0.21861,40.285682,0.114762,40.396001,-0.11031968,40.427561,-0.14187959
SDSS20144,0.21865,40.401512,0.11463,40.39645,0.0050625629,40.427993,-0.026480678
05D3kx,0.219462,40.373686,0.085341,40.405537,-0.031850962,40.436742,-0.063056131
SDSS19230,0.21955,40.107276,0.119543,40.406519,-0.29924385,40.437688,-0.33041241
SDSS13727,0.21971,40.455796,0.115514,40.408306,0.047490196,40.439408,0.01638817
SDSS15433,0.21976,40.441446,0.114935,40.408864,0.032581961,40.439945,0.0015007239
SDSS16793,0.22058,40.296436,0.138465,40.417997,-0.12156107,40.448738,-0.15230168
SDSS15354,0.22068,40.239742,0.119891,40.419109,-0.17936678,40.449808,-0.21006589
SDSS15229,0.22256,40.52117,0.11527,40.439923,0.081247109,40.469844,0.05132667
SDSS14846,0.22328,40.469733,0.115872,40.447852,0.021880862,40.477475,-0.0077421508
SDSS13025,0.22351,40.551014,0.1168,40.45038,0.10063394,40.479908,0.071105849
SDSS19992,0.22452,40.735088,0.122907,40.461452,0.27363522,40.490564,0.24452342
SDSS19341,0.22667,40.418519,0.118938,40.484871,-0.066352292,40.513099,-0.09458076
SDSS13578,0.22668,40.458669,0.115846,40.484979,-0.026310379,40.513204,-0.054534747
SDSS21033,0.22786,40.461515,0.11565,40.497745,-0.036230211,40.525486,-0.063971424
SDSS3452,0.22893,40.514747,0.115979,40.509269,0.0054781038,40.536573,-0.021825995
SDSS13072,0.22916,40.489831,0.122097,40.511739,-0.02190808,40.53895,-0.049118344
SDSS12881,0.2316,40.399083,0.118789,40.53781,-0.13872614,40.564027,-0.16494364
SDSS12971,0.2338,40.542595,0.115605,40.5611,-0.01850575,40.586427,-0.043832357
SDSS17223,0.23381,40.522903,0.118911,40.561206,-0.038302618,40.586528,-0.063625185
SDSS16350,0.23472,40.520922,0.116813,40.570781,-0.049858295,40.595736,-0.07481353
SDSS13511,0.23646,40.839103,0.117789,40.588994,0.2501087,40.613249,0.22585394
SDSS17884,0.23782,40.637121,0.116252,40.603145,0.033976226,40.626854,0.010267235
SDSS15868,0.24102,40.788612,0.116005,40.636149,0.15246214,40.65858,0.13003135
SDSS13506,0.24179,40.643588,0.122422,40.644031,-0.00044277492,40.666156,-0.022567247
SDSS19023,0.24185,40.693089,0.114848,40.644644,0.048444887,40.666745,0.026344264
SDSS20111,0.24348,40.68023,0.118064,40.66125,0.018980174,40.682704,-0.0024736719
SDSS20088,0.24352,40.70372,0.113403,40.661656,0.042063941,40.683094,0.02062594
SDSS3377,0.24448,40.491543,0.115275,40.671387,-0.1798438,40.692445,-0.20090191
SDSS19990,0.24495,40.763035,0.119541,40.676138,0.086897072,40.697011,0.06602467
SDSS18486,0.2454,40.546602,0.114389,40.680679,-0.13407724,40.701374,-0.15477199
SDSS17464,0.24555,40.240038,0.116206,40.682191,-0.44215356,40.702827,-0.46278914
SDSS20039,0.24558,40.592469,0.118174,40.682494,-0.090024846,40.703118,-0.11064859
SDSS12977,0.24562,40.611615,0.115338,40.682897,-0.071282114,40.703505,-0.091890084
SDSS15466,0.24568,40.391281,0.120181,40.683501,-0.29221982,40.704086,-0.31280413
SDSS13835,0.24625,40.705764,0.114566,40.689237,0.016527918,40.709596,-0.0038317382
SDSS16352,0.24647,40.623678,0.115433,40.691447,-0.067768908,40.71172,-0.088041927
05D3mq,0.246492,40.711377,0.086206,40.691668,0.019709332,40.711932,-0.00055502428
SDSS15301,0.2466,40.347858,0.114128,40.692752,-0.34489462,40.712974,-0.36511646
SDSS15219,0.24695,40.814013,0.114812,40.696263,0.11774988,40.716347,0.097665754
SDSS15161,0.2485,40.630674,0.117491,40.711758,-0.081084066,40.731233,-0.1005595
SDSS3451,0.24851,40.514398,0.116195,40.711858,-0.19745952,40.731329,-0.21693103
SDSS16213,0.24857,40.767362,0.115731,40.712456,0.054906011,40.731904,0.035458026
SDSS17552,0.24862,40.775706,0.11712,40.712954,0.062752491,40.732382,0.043324106
SDSS15504,0.24947,40.842596,0.131353,40.72141,0.12118608,40.740505,0.1020906
SDSS3199,0.24961,41.058299,0.118164,40.7228,0.33549949,40.74184,0.31645878
SDSS16106,0.24973,40.698314,0.120462,40.723991,-0.025677142,40.742984,-0.044670915
SDSS13689,0.25012,40.88833,0.116581,40.727858,0.16047195,40.746699,0.14163065
SDSS5717,0.25037,40.92885,0.115791,40.730334,0.19851632,40.749078,0.17977269
06D3gn,0.250498,40.733628,0.086012,40.731601,0.0020269444,40.750294,-0.016666702
SDSS13655,0.25104,40.793163,0.119872,40.736959,0.056204189,40.755441,0.037722066
SDSS5736,0.25174,40.702304,0.115824,40.743863,-0.041558293,40.762072,-0.059767579
SDSS15440,0.25205,40.595558,0.11822,40.746914,-0.15135694,40.765003,-0.16944552
SDSS9032,0.25249,40.721733,0.126796,40.75124,-0.029506749,40.769158,-0.047424143
SDSS14481,0.25351,41.072086,0.123692,40.761242,0.31084461,40.778763,0.29332347
SDSS18325,0.25356,40.804462,0.120869,40.761731,0.04273089,40.779233,0.025229152
SDSS9457,0.25539,40.747194,0.130119,40.77958,-0.032385441,40.796373,-0.049178405
SDSS1112,0.25611,40.833795,0.12482,40.78657,0.047224753,40.803085,0.030709922
SDSS17340,0.25617,40.628367,0.119755,40.787152,-0.15878476,40.803643,-0.17527643
SDSS12972,0.25655,40.873953,0.12587,40.790833,0.083120587,40.807178,0.066775524
SDSS19207,0.25721,40.801779,0.121726,40.797215,0.0045639864,40.813305,-0.011526713
SDSS6108,0.258,40.778624,0.117106,40.804834,-0.026210273,40.820621,-0.04199696
SDSS8046,0.25833,40.827869,0.119891,40.80801,0.019858627,40.82367,0.0041987867
SDSS2017,0.26014,41.124314,0.122802,40.825367,0.29894761,40.840333,0.28398197
SDSS1253,0.26059,40.752157,0.120435,40.829665,-0.077507767,40.844458,-0.092301211
SDSS14298,0.2607,40.993775,0.117389,40.830714,0.16306076,40.845466,0.14830938
05D1hk,0.261984,40.715093,0.08739,40.842936,-0.12784303,40.857197,-0.14210408
04D3ez,0.263487,40.730792,0.08555,40.857172,-0.12638066,40.870861,-0.14006938
SDSS2422,0.26349,41.119147,0.115945,40.857201,0.26194614,40.870888,0.24825856
SDSS20345,0.26357,40.674107,0.11624,40.857957,-0.18384923,40.871614,-0.1975064
SDSS2943,0.26405,40.834936,0.117962,40.862486,-0.027549933,40.875961,-0.041024731
SDSS13099,0.26451,40.951835,0.119638,40.86682,0.085015291,40.88012,0.071715098
SDSS6315,0.26576,40.814381,0.114629,40.878562,-0.06418138,40.891389,-0.077007938
SDSS18463,0.26665,40.889717,0.120817,40.886891,0.0028254719,40.899382,-0.0096646007
SDSS19002,0.2671,40.85367,0.116111,40.891093,-0.037423554,40.903414,-0.049743729
SDSS19702,0.26821,40.966273,0.121714,40.90143,0.064842586,40.913332,0.052940819
06D3fp,0.268489,40.852083,0.08555,40.904022,-0.051939064,40.915819,-0.063735814
SDSS18945,0.26856,41.066451,0.118128,40.904682,0.16176928,40.916452,0.14999925
03D4cj,0.268624,40.767919,0.086242,40.905276,-0.1373567,40.917022,-0.14910265
SDSS6192,0.27044,40.897172,0.118685,40.92208,-0.024907514,40.933144,-0.035971586
SDSS15287,0.27258,40.88661,0.11421,40.941749,-0.055139672,40.952013,-0.065403476
SDSS15356,0.27447,40.791311,0.118156,40.959004,-0.16769325,40.968564,-0.17725321
SDSS4046,0.27544,40.925407,0.119548,40.967818,-0.04241092,40.977017,-0.051610718
SDSS16072,0.27549,40.922313,0.127184,40.968271,-0.045958491,40.977452,-0.055139743
SDSS12869,0.27653,40.822597,0.126014,40.977687,-0.15509072,40.986483,-0.16388666
SDSS4000,0.27745,41.090428,0.128283,40.98599,0.10443765,40.994446,0.095981871
SDSS17791,0.27749,41.653409,0.136665,40.986351,0.6670578,40.994792,0.6586168
SDSS18485,0.27822,41.035649,0.117336,40.99292,0.042728517,41.001092,0.034556947
SDSS5957,0.27852,41.099812,0.118155,40.995615,0.10419695,41.003676,0.096135991
SDSS6196,0.27916,40.691538,0.11948,41.001356,-0.30981842,41.009181,-0.31764365
SDSS14261,0.27952,40.840327,0.121901,41.00458,-0.16425354,41.012273,-0.17194631
SDSS17809,0.28051,40.89843,0.122739,41.013426,-0.11499675,41.020755,-0.12232576
SDSS15584,0.28111,40.922902,0.11753,41.018774,-0.095871802,41.025883,-0.10298071
SDSS20227,0.28243,41.094486,0.11747,41.030502,0.063983944,41.037127,0.057358286
06D3dt,0.28251,41.187695,0.085709,41.031211,0.15648422,41.037807,0.14988781
SDSS20040,0.28351,40.987093,0.118366,41.04006,-0.052966834,41.046291,-0.059198085
03D4ag,0.28361,40.95229,0.086683,41.040943,-0.08865377,41.047138,-0.094848547
SDSS19128,0.28543,41.284683,0.119195,41.05697,0.22771273,41.062503,0.22218047
SDSS2165,0.28662,41.348336,0.11978,41.067399,0.28093654,41.0725,0.27583611
SDSS13757,0.28742,41.233155,0.118845,41.074388,0.15876689,41.079199,0.15395617
SDSS16402,0.28845,40.616348,0.116661,41.08336,-0.46701161,41.087798,-0.47145004
SDSS2789,0.28872,41.099743,0.124095,41.085707,0.014036411,41.090048,0.0096954377
SDSS21006,0.29021,41.013195,0.116557,41.098623,-0.085427662,41.102427,-0.08923179
SDSS19596,0.29135,41.068969,0.12122,41.108464,-0.039494687,41.111858,-0.042889195
03D3ba,0.291718,41.007599,0.093479,41.111633,-0.10403432,41.114895,-0.10729681
SDSS19818,0.29192,40.988963,0.124168,41.113371,-0.12440838,41.116561,-0.12759844
SDSS6249,0.29287,41.066629,0.119196,41.12153,-0.054900936,41.12438,-0.057750793
SDSS19027,0.2935,40.742297,0.120303,41.126928,-0.38463116,41.129553,-0.38725578
SDSS19604,0.29448,41.328777,0.140875,41.135303,0.1934736,41.137578,0.19119877
SDSS19794,0.29542,41.060628,0.134209,41.143313,-0.082684843,41.145253,-0.084624838
SDSS13610,0.29678,40.989071,0.117785,41.15486,-0.16578887,41.156316,-0.16724558
SDSS15057,0.29762,40.980684,0.131068,41.161968,-0.1812835,41.163126,-0.1824424
SDSS6137,0.29888,41.340708,0.124118,41.172595,0.16811278,41.173308,0.16739964
SDSS14735,0.30001,40.892737,0.119386,41.182091,-0.28935384,41.182406,-0.28966821
SDSS5391,0.30021,41.135079,0.128841,41.183768,-0.048689318,41.184012,-0.048933217
SDSS20245,0.30041,40.743364,0.125866,41.185445,-0.44208032,41.185618,-0.44225377
06D4dh,0.30159,41.31708,0.086081,41.195314,0.12176606,41.195073,0.12200767
SDSS7143,0.3024,41.2527,0.118973,41.202069,0.050631907,41.201543,0.05115784
SDSS12883,0.30569,40.793215,0.1459,41.229334,-0.43611929,41.227658,-0.43444346
SDSS15213,0.30632,41.290316,0.127264,41.234524,0.055792096,41.232629,0.057687228
SDSS19632,0.30702,41.291531,0.126631,41.24028,0.051251501,41.238141,0.053389954
SDSS6699,0.30915,41.434406,0.122358,41.25772,0.1766856,41.254843,0.17956225
SDSS5844,0.30929,41.371822,0.120483,41.258862,0.11295978,41.255937,0.11588484
SDSS16211,0.30933,41.142184,0.137464,41.259189,-0.11700441,41.25625,-0.11406552
SDSS21042,0.31065,41.149718,0.124489,41.269936,-0.12021804,41.266541,-0.1168235
SDSS15383,0.31088,41.295414,0.12279,41.271804,0.023609954,41.26833,0.027083765
SDSS6649,0.31288,41.26929,0.118305,41.287997,-0.018707346,41.283836,-0.014545873
SDSS20142,0.31468,40.992182,0.118861,41.30249,-0.31030833,41.297712,-0.30553043
SDSS15776,0.31646,41.280872,0.121555,41.316748,-0.035875646,41.311363,-0.030490441
SDSS18617,0.32038,41.340257,0.12816,41.34789,-0.0076333923,41.341175,-0.00091874138
SDSS7475,0.32045,41.458813,0.117246,41.348443,0.11037016,41.341705,0.11710845
05D2ab,0.324532,41.395653,0.086121,41.380497,0.015156181,41.372386,0.023267059
SDSS6924,0.3264,41.298415,0.11903,41.395043,-0.09662788,41.386308,-0.087892804
SDSS13830,0.32837,41.167032,0.134054,41.4103,-0.24326883,41.40091,-0.23387812
SDSS14456,0.32837,41.208462,0.124052,41.4103,-0.20183881,41.40091,-0.1924481
SDSS13934,0.32838,41.702025,0.136536,41.410378,0.29164742,41.400984,0.30104144
SDSS4241,0.33051,41.471577,0.12568,41.42678,0.044797021,41.41668,0.054896843
03D1fc,0.330932,41.306956,0.086437,41.430018,-0.12306243,41.419779,-0.11282315
SDSS4679,0.33103,41.24344,0.136212,41.43077,-0.18732989,41.420498,-0.17705824
SDSS20106,0.33136,41.562937,0.135299,41.433299,0.12963795,41.422918,0.14001855
SDSS16093,0.33436,41.503389,0.132618,41.456184,0.047204983,41.444816,0.058572521
04D3kr,0.337534,41.496434,0.086047,41.480192,0.016242131,41.467787,0.028647063
SDSS2533,0.3388,41.557603,0.129777,41.489711,0.067891628,41.476894,0.080708402
04D3nh,0.34052,41.534687,0.0859,41.502591,0.032096363,41.489216,0.045470902
03D1bp,0.345928,41.662223,0.087263,41.542704,0.1195191,41.527589,0.13463416
05D2ie,0.349557,41.747986,0.086821,41.5693,0.17868599,41.553028,0.19495787
04D2mc,0.34956,41.29619,0.089792,41.569322,-0.27313221,41.553049,-0.25685938
05D2hc,0.35156,41.7744,0.086351,41.583872,0.19052842,41.566965,0.20743497
SDSS19067,0.35346,41.352015,0.125157,41.597624,-0.24560915,41.580118,-0.22810305
05D2mp,0.355261,41.823388,0.088265,41.610597,0.212791,41.592525,0.23086318
03D3bl,0.35582,41.599703,0.087008,41.614612,-0.014908559,41.596364,0.0033388807
04D3fk,0.358336,41.516078,0.086303,41.632609,-0.11653095,41.613575,-0.09749727
04D2fs,0.35857,41.550569,0.086485,41.634277,-0.083708156,41.61517,-0.064601568
SDSS4577,0.36193,41.635021,0.13291,41.658118,-0.023097145,41.637968,-0.0029476546
SDSS15704,0.36397,41.88393,0.127982,41.672494,0.21143675,41.651715,0.23221579
SDSS13136,0.36441,42.006672,0.131873,41.675585,0.33108755,41.65467,0.35200201
SDSS16232,0.36554,41.761412,0.137024,41.683507,0.077904675,41.662246,0.099166348
04D1hd,0.367904,41.852504,0.086082,41.700009,0.1524945,41.678024,0.17447984
SDSS14397,0.36941,42.027675,0.131466,41.710471,0.31720311,41.688027,0.33964757
SDSS18091,0.37013,41.708319,0.138604,41.715459,-0.0071403187,41.692796,0.015523107
05D4bm,0.370511,41.752199,0.086476,41.718095,0.0341036,41.695316,0.056882762
05D3jr,0.370531,41.652391,0.086626,41.718234,-0.065843038,41.695448,-0.043057803
04D2cf,0.370586,41.685773,0.095747,41.718614,-0.032841321,41.695812,-0.010039388
03D3ay,0.371443,41.821628,0.091326,41.724533,0.097095664,41.701471,0.12015754
05D4fo,0.371508,41.799502,0.086225,41.724981,0.074521255,41.7019,0.097602827
05D4cw,0.373513,41.728807,0.086768,41.738778,-0.0099706952,41.71509,0.013717079
SDSS15756,0.37835,42.362885,0.135103,41.771784,0.59110177,41.746644,0.61624128
SDSS7779,0.37986,41.724823,0.118539,41.782008,-0.057185467,41.756418,-0.031595834
SDSS11206,0.38026,41.92599,0.138121,41.78471,0.14127964,41.759002,0.16698826
SDSS15456,0.38047,41.391847,0.12548,41.786128,-0.39428068,41.760357,-0.36850963
SDSS18721,0.39135,41.834601,0.148848,41.858609,-0.024008161,41.829642,0.0049589493
05D4ff,0.400485,41.800259,0.087548,41.918051,-0.1177916,41.886458,-0.086198511
SDSS19757,0.40128,41.640447,0.134806,41.923165,-0.28271751,41.891346,-0.25089834
06D3ed,0.404549,42.062807,0.086483,41.944096,0.1187109,41.911351,0.15145561
05D4dt,0.405478,42.110665,0.086962,41.950016,0.16064967,41.917009,0.19365621
06D4cq,0.40947,42.03372,0.086547,41.975313,0.05840686,41.941188,0.092532485
04D2fp,0.416632,42.054728,0.087194,42.020136,0.034591703,41.984027,0.070700802
05D2dw,0.418633,41.970356,0.087692,42.032532,-0.062176346,41.995875,-0.025518607
05D3cf,0.419569,42.176704,0.087595,42.038312,0.13839179,42.001399,0.17530534
04D4gg,0.422452,41.941732,0.08807,42.056041,-0.11430921,42.018343,-0.076611021
05D2cb,0.428646,42.331146,0.089103,42.093756,0.23739007,42.054389,0.27675734
04D1rh,0.434861,42.149286,0.087188,42.131098,0.018187202,42.090079,0.059206521
06D4co,0.435446,41.914081,0.086944,42.134588,-0.22050642,42.093414,-0.17933277
06D3df,0.442548,42.20644,0.08709,42.17661,0.02982925,42.133579,0.072860815
06D2gb,0.443668,42.109787,0.091594,42.183181,-0.073393134,42.139859,-0.030071227
03D3aw,0.449562,42.347024,0.091912,42.217506,0.1295178,42.172668,0.17435581
04D3gt,0.451556,41.918692,0.087828,42.229025,-0.31033283,42.183679,-0.26498637
04D2gb,0.451681,41.893792,0.088233,42.229745,-0.33595385,42.184367,-0.2905756
03D3cd,0.461274,42.269134,0.095948,42.284499,-0.015365664,42.236707,0.032426717
05D3lc,0.461564,42.313544,0.087413,42.286138,0.027405976,42.238274,0.075270536
03D4au,0.466414,42.762836,0.09035,42.313406,0.44943017,42.264341,0.49849496
04D4jr,0.468406,42.343723,0.087451,42.324529,0.019193628,42.274975,0.068747613
04D4ju,0.470398,42.645934,0.088446,42.335609,0.31032548,42.285568,0.36036648
05D3mx,0.470573,42.332299,0.088704,42.33658,-0.0042812854,42.286497,0.045802403
04D3df,0.470586,42.214609,0.087988,42.336652,-0.12204359,42.286566,-0.071956728
05D2bv,0.475707,42.336723,0.087947,42.364928,-0.02820515,42.313599,0.023123264
05D3dd,0.480568,42.310218,0.088055,42.391508,-0.081289925,42.339015,-0.028796141
05D2ac,0.480704,42.295925,0.087736,42.392248,-0.096323524,42.339722,-0.043797318
05D1ix,0.4888,42.456845,0.08839,42.435959,0.020885606,42.381521,0.07532402
03D1ax,0.494795,42.467119,0.08811,42.467896,-0.00077729151,42.412064,0.055054695
05D4af,0.497379,42.503219,0.088758,42.481552,0.021667266,42.425125,0.078094098
06D2bk,0.500728,42.625951,0.089131,42.499152,0.12679939,42.441959,0.18399199
03D1au,0.503084,42.518239,0.088031,42.511468,0.0067706559,42.453741,0.064498487
05D4av,0.507371,42.462488,0.089015,42.533743,-0.071254825,42.475048,-0.012560434
05D2dy,0.511746,42.744054,0.088554,42.556295,0.18775969,42.496624,0.24743077
04D1pg,0.513793,42.691363,0.090087,42.566785,0.12457822,42.50666,0.18470293
04D4in,0.514353,42.612349,0.088897,42.569648,0.042700886,42.5094,0.10294933
04D2mj,0.514746,42.809579,0.090306,42.571656,0.23792304,42.511321,0.29825822
05D3ci,0.515587,42.70065,0.106833,42.575947,0.12470249,42.515427,0.18522302
06D3el,0.519611,42.720224,0.088502,42.59639,0.12383409,42.534988,0.18523654
04D2gc,0.522762,42.731549,0.089115,42.612296,0.11925303,42.550208,0.18134041
06D2ca,0.532765,42.641076,0.08987,42.662204,-0.021128046,42.597975,0.043100954
06D2cc,0.533766,42.42434,0.09473,42.66715,-0.24281052,42.60271,-0.17836992
05D4ek,0.534335,42.415314,0.090128,42.669958,-0.25464366,42.605397,-0.190083
05D4be,0.535327,42.74951,0.08873,42.674846,0.074663473,42.610077,0.13943307
05D2eb,0.535771,42.587186,0.091256,42.677031,-0.089845825,42.612168,-0.024982868
04D4bq,0.548325,42.413991,0.09145,42.738129,-0.3241377,42.670666,-0.25667449
06D4bo,0.550315,42.759037,0.089299,42.747694,0.011343162,42.679825,0.07921161
04D3hn,0.552605,42.479884,0.089654,42.758661,-0.27877636,42.690328,-0.21044391
06D2ck,0.553797,42.811558,0.091857,42.764353,0.047204942,42.69578,0.11577793
05D1ee,0.557743,42.737495,0.090291,42.783113,-0.045618102,42.713749,0.023746392
05D1kl,0.558743,43.128545,0.092898,42.787848,0.34069681,42.718284,0.41026073
04D1hx,0.558746,42.693684,0.089573,42.787862,-0.094178339,42.718298,-0.024613826
05D1cc,0.562751,42.813991,0.090329,42.806746,0.0072454288,42.736387,0.077603941
05D1dn,0.564741,42.823122,0.089709,42.816082,0.00704083,42.745331,0.077791087
05D2dt,0.575823,42.872458,0.091807,42.867516,0.0049420422,42.794618,0.0778405
06D3et,0.576612,42.799922,0.090075,42.871143,-0.071221092,42.798094,0.0018281704
03D4gf,0.578292,42.807454,0.090072,42.878849,-0.071395134,42.80548,0.0019742927
05D1dx,0.578745,42.810439,0.089343,42.880924,-0.070484443,42.807468,0.0029710958
05D3jq,0.5796,42.797521,0.08931,42.884835,-0.087314295,42.811217,-0.013696481
05D3gp,0.580604,42.943721,0.09835,42.889421,0.054300697,42.815613,0.12810865
03D1aw,0.580724,43.088081,0.090132,42.889968,0.19811271,42.816138,0.27194335
04D1jg,0.582932,42.934684,0.09012,42.900025,0.034658168,42.825778,0.10890524
05D4ej,0.58329,43.123741,0.090793,42.901653,0.22208871,42.827338,0.2964031
04D1sa,0.583743,43.008154,0.091595,42.903711,0.10444386,42.829311,0.17884334
04D1kj,0.583743,42.860907,0.089495,42.903711,-0.042803803,42.829311,0.031595675
05D1hm,0.585743,43.082844,0.092677,42.912778,0.17006676,42.838004,0.24484083
05D4bf,0.587285,42.943391,0.091452,42.919749,0.023641964,42.844687,0.098703618
04D1oh,0.588721,42.900723,0.091211,42.926225,-0.02550228,42.850896,0.049826242
03D4gg,0.59028,42.835173,0.092935,42.933239,-0.09806682,42.857622,-0.022449609
04D2mh,0.591835,42.837698,0.090444,42.940218,-0.10252065,42.864314,-0.026616564
05D3lr,0.600603,42.842236,0.094433,42.979251,-0.13701495,42.901749,-0.059513169
05D4ef,0.603272,43.116099,0.092267,42.991027,0.12507259,42.913045,0.20305404
03D4dy,0.608261,43.009642,0.090819,43.012907,-0.0032651089,42.934037,0.075604739
05D2he,0.60986,43.048769,0.091831,43.019884,0.028885016,42.940732,0.10803733
04D3do,0.610643,43.111763,0.090588,43.023294,0.088468318,42.944004,0.16775856
03D1dt,0.610712,42.716945,0.092877,43.023595,-0.30664925,42.944292,-0.22734687
04D4an,0.611252,43.201955,0.095195,43.025944,0.17601108,42.946547,0.25540841
05D1ck,0.615698,43.019718,0.092238,43.045212,-0.025494424,42.965038,0.054679945
04D3co,0.620632,43.076127,0.093091,43.066443,0.0096840911,42.985416,0.090711
04D2an,0.621874,42.974793,0.092366,43.071762,-0.096969068,42.990522,-0.015729168
03D4dh,0.625233,42.977855,0.091453,43.086098,-0.10824285,43.004285,-0.026430144
04D4fx,0.627239,43.051558,0.092195,43.094625,-0.043067085,43.012472,0.039085463
05D1cb,0.630699,42.961949,0.091576,43.109272,-0.14732274,43.026537,-0.064587945
05D2ci,0.631882,42.532295,0.097524,43.114263,-0.5819672,43.03133,-0.49903446
03D4at,0.632234,43.225022,0.093125,43.115746,0.10927619,43.032754,0.19226772
04D1pu,0.637701,42.755686,0.100758,43.138683,-0.38299668,43.054785,-0.29909864
05D4ag,0.638234,42.957682,0.097915,43.140909,-0.1832269,43.056923,-0.099241135
05D2ec,0.641893,43.269082,0.093291,43.156145,0.11293731,43.07156,0.1975222
05D3ax,0.643642,43.193279,0.098759,43.163399,0.029880111,43.07853,0.11474947
04D3cy,0.643646,43.143119,0.094148,43.163415,-0.020296197,43.078545,0.064573814
05D3lb,0.647639,43.140557,0.09193,43.179907,-0.039349811,43.094392,0.046165035
05D3kt,0.64864,43.03661,0.092708,43.184026,-0.14741595,43.09835,-0.061740449
04D1sk,0.662058,43.174229,0.093186,43.238667,-0.064438387,43.150876,0.023352267
05D3hs,0.664638,43.433737,0.094448,43.249053,0.18468375,43.160864,0.27287301
05D3mh,0.670654,43.276258,0.095777,43.273124,0.0031341954,43.184015,0.092242917
03D1co,0.677662,43.586828,0.098356,43.300907,0.28592119,43.210744,0.37608348
05D2bt,0.681942,43.342325,0.094158,43.317741,0.024583885,43.226944,0.11538046
06D3cc,0.683659,43.452756,0.115261,43.324466,0.12829061,43.233417,0.2193397
04D4ic,0.685179,43.331213,0.0983,43.330406,0.0008066523,43.239134,0.092078364
05D1ke,0.688656,43.269693,0.092298,43.343947,-0.07425429,43.252169,0.017523421
06D3em,0.690652,43.108129,0.095502,43.351691,-0.24356246,43.259625,-0.1514963
03D4cz,0.693165,43.3232,0.100242,43.361411,-0.038210633,43.268984,0.054216577
04D4ib,0.697164,43.452946,0.093324,43.37681,0.076136089,43.283813,0.16913306
06D4ba,0.698167,43.428885,0.101565,43.380658,0.048226239,43.28752,0.1413652
05D4bj,0.699166,43.245392,0.094894,43.384487,-0.1390945,43.291207,-0.045814487
05D4cq,0.699169,43.507746,0.094016,43.384498,0.12324731,43.291218,0.21652775
05D2ck,0.69996,43.368489,0.097048,43.387526,-0.019036659,43.294134,0.074355199
04D1si,0.700631,43.212814,0.094362,43.390092,-0.1772772,43.296605,-0.083790997
04D4hu,0.701158,43.557341,0.094504,43.392105,0.16523574,43.298545,0.25879592
04D2iu,0.701965,43.13382,0.100028,43.395186,-0.26136547,43.301512,-0.16769219
05D2le,0.701969,43.370141,0.095463,43.395201,-0.025059548,43.301527,0.068614287
05D3gv,0.715652,43.378809,0.096706,43.446924,-0.068114859,43.351368,0.027440799
05D3jh,0.71868,43.364753,0.094949,43.458242,-0.093489499,43.362279,0.0024735845
04D1aj,0.719626,43.35756,0.095665,43.461769,-0.10420942,43.365679,-0.0081197082
05D4ev,0.72014,43.466283,0.098164,43.463684,0.0025997561,43.367525,0.098758132
06D3gh,0.72068,43.466467,0.098773,43.465693,0.00077373403,43.369463,0.097004151
06D3do,0.726679,43.506687,0.094974,43.487925,0.018761918,43.390901,0.1157858
06D3bz,0.727675,43.466346,0.099419,43.491599,-0.02525307,43.394445,0.07190134
06D4bw,0.730128,43.261738,0.096543,43.500627,-0.23888933,43.403153,-0.14141492
04D1pp,0.733609,43.4594,0.094433,43.51339,-0.053990108,43.415465,0.043934842
04D2gp,0.733996,43.759451,0.1029,43.514805,0.24464558,43.41683,0.34262036
05D2fq,0.734996,43.652232,0.095665,43.518459,0.13377342,43.420356,0.23187673
05D1eo,0.735608,43.555448,0.096764,43.520693,0.034755914,43.422511,0.13293771
05D2ct,0.736007,43.422327,0.104933,43.522148,-0.099820683,43.423915,-0.0015877809
05D3jk,0.73669,43.509013,0.093659,43.524637,-0.015623965,43.426317,0.082696289
04D2ja,0.742008,44.069947,0.103483,43.543946,0.52600102,43.444951,0.62499599
04D3fq,0.742697,43.462284,0.097111,43.546438,-0.084153922,43.447356,0.014927759
05D3jb,0.745665,43.546632,0.094967,43.557147,-0.010515655,43.457694,0.088937739
04D2kr,0.746118,43.342278,0.095641,43.558778,-0.21650036,43.459268,-0.1169905
04D4im,0.7491,43.159259,0.096075,43.569491,-0.4102319,43.469611,-0.310352
04D3ks,0.750681,43.289826,0.099406,43.575154,-0.28532806,43.475079,-0.18525317
04D3oe,0.756687,43.978003,0.095935,43.596563,0.38143998,43.495755,0.48224802
05D2nt,0.75903,43.659557,0.09556,43.604871,0.054685263,43.503781,0.15577609
06D3gx,0.760691,43.684445,0.101218,43.610746,0.073699279,43.509456,0.17498949
05D3mn,0.760698,43.443254,0.094664,43.610771,-0.16751649,43.50948,-0.066225445
05D4cn,0.761089,43.581369,0.09585,43.612152,-0.030782899,43.510814,0.070554953
05D1if,0.76158,43.541373,0.096723,43.613885,-0.07251235,43.512489,0.028884204
04D1qd,0.765588,43.532152,0.09633,43.627995,-0.095843106,43.526122,0.006029693
04D1de,0.76659,43.927025,0.096641,43.631511,0.29551349,43.52952,0.39750454
05D3hh,0.766684,43.677363,0.103932,43.631841,0.04552156,43.529839,0.14752368
04D4id,0.767075,44.131678,0.101187,43.633212,0.4984667,43.531164,0.60051486
04D1pc,0.768587,43.5354,0.097274,43.638506,-0.10310616,43.536281,-0.000880412
05D4bi,0.773081,43.930271,0.098805,43.654184,0.27608754,43.551435,0.37883676
04D1jd,0.776594,43.408996,0.098366,43.666378,-0.25738259,43.563225,-0.15422866
05D4cs,0.78806,43.810039,0.096033,43.705814,0.10422488,43.601367,0.2086726
03D4fd,0.789054,43.763946,0.099608,43.709207,0.054739315,43.604649,0.15929725
04D1ks,0.796552,43.234542,0.098413,43.734667,-0.50012463,43.629288,-0.39474512
03D1fq,0.798566,43.835978,0.101777,43.741466,0.094511786,43.635869,0.20010903
05D3dh,0.800697,43.146173,0.098997,43.748643,-0.60246987,43.642817,-0.49664358
05D3ha,0.805695,43.391627,0.106396,43.765402,-0.37377578,43.659044,-0.26741772
05D3cx,0.805696,43.79671,0.09721,43.765406,0.031304581,43.659048,0.13766274
05D4gw,0.806041,43.654389,0.105158,43.766559,-0.11217004,43.660164,-0.0057754564
05D4dy,0.808048,44.242281,0.101592,43.773258,0.46902333,43.666652,0.57562912
04D4dm,0.809032,43.649176,0.101626,43.776536,-0.12736031,43.669828,-0.020651411
04D3ny,0.81072,43.569519,0.105587,43.782152,-0.21263249,43.675267,-0.10574739
04D3mk,0.813696,44.015091,0.099177,43.792024,0.22306649,43.68483,0.33026018
04D3nc,0.817732,43.996186,0.101608,43.805357,0.19082916,43.697749,0.29843713
06D2ce,0.822103,43.785247,0.104677,43.819726,-0.034478776,43.711674,0.073572458
04D3lu,0.822697,43.981531,0.100111,43.821673,0.15985861,43.713562,0.26796965
05D1cl,0.828528,44.190985,0.100853,43.840713,0.35027253,43.73202,0.45896518
05D4fg,0.837004,44.018206,0.100539,43.86816,0.15004612,43.758639,0.25956668
04D2al,0.838126,43.734229,0.113632,43.871773,-0.13754348,43.762144,-0.02791486
Elvis,0.839734,43.711872,0.112754,43.876943,-0.16507061,43.76716,-0.055287751
05D4hn,0.840005,43.446447,0.103903,43.877813,-0.43136621,43.768004,-0.32155743
05D1az,0.840522,43.855269,0.101288,43.879473,-0.02420318,43.769614,0.085654991
06D2ga,0.842123,43.94378,0.112024,43.884606,0.059173716,43.774595,0.16918436
06D4ce,0.847985,44.080784,0.110575,43.903321,0.17746268,43.792758,0.28802546
04D1hy,0.848509,43.924633,0.10052,43.904988,0.019644939,43.794376,0.1302566
05D3kp,0.850729,44.067234,0.098855,43.912038,0.15519572,43.80122,0.26601364
05D4dw,0.852994,43.804525,0.101921,43.919213,-0.11468848,43.808186,-0.0036615266
05D1er,0.858507,43.747093,0.106173,43.936601,-0.18950774,43.825071,-0.077977939
04D1ff,0.858513,43.501937,0.101579,43.93662,-0.4346823,43.825089,-0.32315196
05D1iz,0.858516,44.31285,0.11645,43.936629,0.37622132,43.825098,0.48775194
04D4ii,0.863978,43.906142,0.1039,43.953749,-0.047606651,43.841728,0.064413931
05D1em,0.864497,44.048877,0.102986,43.95537,0.093507232,43.843303,0.20557395
03D1ew,0.866494,43.902509,0.106037,43.9616,-0.059090391,43.849356,0.053153158
05D2nn,0.872152,44.231164,0.119167,43.979174,0.25199068,43.866435,0.3647294
04D4bk,0.877971,44.221949,0.103099,43.997133,0.22481661,43.883894,0.33805566
05D3cq,0.890729,44.06375,0.103551,44.036105,0.027644166,43.921801,0.14194892
05D2by,0.893183,44.147398,0.106138,44.043539,0.10385879,43.929035,0.21836367
03D4di,0.896944,44.097911,0.109618,44.054894,0.043016403,43.940086,0.15782499
05D3ht,0.901736,44.313219,0.111342,44.069295,0.2439241,43.954105,0.35911441
04D3gx,0.910752,44.343432,0.112202,44.096188,0.24724388,43.980295,0.36313662
04D1ow,0.913473,44.136085,0.104751,44.104253,0.031832064,43.988152,0.14793279
05D2bw,0.92221,44.065799,0.117626,44.129992,-0.064192873,44.013236,0.052563314
05D2ay,0.922221,43.82013,0.117413,44.130024,-0.30989409,44.013267,-0.19313709
03D4cy,0.924917,44.305059,0.125384,44.137919,0.16714047,44.020963,0.28409594
05D2ob,0.92622,44.095907,0.111056,44.141726,-0.045818754,44.024675,0.071231996
04D4jy,0.927909,44.425781,0.121275,44.146653,0.27912814,44.02948,0.39630179
04D4ih,0.931901,44.405891,0.111047,44.158264,0.24762673,44.040803,0.36508812
06D2cd,0.932229,44.039882,0.130385,44.159216,-0.11933451,44.041731,-0.0018496546
04D4hf,0.9339,44.112115,0.126556,44.16406,-0.051945072,44.046456,0.065658951
Vilas,0.935774,43.868539,0.119916,44.169483,-0.30094365,44.051746,-0.18320677
05D3la,0.936755,44.086896,0.108686,44.172317,-0.085421727,44.054511,0.032384359
03D4cx,0.94689,43.571182,0.115036,44.201431,-0.63024943,44.082924,-0.51174165
04D1pd,0.948455,43.874948,0.112213,44.2059,-0.33095194,44.087286,-0.21233797
04D3ml,0.950763,44.48579,0.112327,44.212476,0.27331348,44.093707,0.39208302
04D4jw,0.958871,44.594812,0.125337,44.235457,0.35935548,44.11615,0.47866177
05D3km,0.96074,44.564697,0.112338,44.240727,0.32397027,44.121299,0.44339815
04D3nr,0.960751,43.831189,0.116274,44.240758,-0.4095687,44.121329,-0.29014011
Patuxent,0.970782,44.981973,0.118744,44.268872,0.71310096,44.148804,0.83316851
Ombo,0.97423,44.440738,0.118033,44.27847,0.16226808,44.158188,0.28255003
05D2my,0.98328,44.24164,0.114718,44.303504,-0.061863876,44.182672,0.058968247
04D1rx,0.983407,44.45169,0.114131,44.303854,0.14783641,44.183014,0.26867613
04D3lp,0.983777,44.059273,0.14188,44.304872,-0.245599,44.18401,-0.12473718
04D1iv,0.99639,44.502238,0.112483,44.339369,0.16286828,44.217772,0.28446562
06D4cl,0.997826,44.262545,0.115855,44.34327,-0.080725045,44.221591,0.040953865
04D3dd,1.002795,44.48442,0.13731,44.356723,0.12769707,44.234765,0.24965483
Eagle,1.020807,44.629845,0.118836,44.404945,0.22490002,44.28202,0.34782508
04D4dw,1.0288,44.481966,0.1248,44.426076,0.055889756,44.302743,0.17922263
06D3en,1.060801,44.364937,0.132013,44.509079,-0.14414275,44.384241,-0.019304658
Gabi,1.12085,44.767999,0.121686,44.658339,0.10965973,44.531195,0.23680319
Lancaster,1.230892,45.06621,0.128558,44.912244,0.15396575,44.782436,0.28377314
Torngasek,1.265901,45.01046,0.128614,44.988263,0.022196715,44.857983,0.15247694
Aphrodite,1.299106,45.053559,0.128055,45.058433,-0.0048742057,44.927854,0.12570435
