Name,zcmb,mu_obs,e_mu_obs,mu_model_lcdm,residual_lcdm,mu_model_USMFv2,residual_USMFv2
sn1999ac,0.01006,33.326159,0.174566,33.402438,-0.076278949,33.527138,-0.20097888
sn2004s,0.010291,33.372062,0.173593,33.452085,-0.08002277,33.576684,-0.20462182
sn1997do,0.01055,33.493014,0.17309,33.50645,-0.013435969,33.630936,-0.13792199
sn2002dp,0.010888,33.645204,0.169021,33.575438,0.069765503,33.699777,-0.054573139
sn2006bh,0.011184,33.669922,0.166533,33.63413,0.035792823,33.758339,-0.088416859
sn2005al,0.012317,34.294158,0.16145,33.845375,0.44878292,33.969092,0.32506592
sn2001ep,0.013324,33.906604,0.158624,34.017537,-0.11093277,34.140817,-0.23421314
sn1999dq,0.013533,33.720058,0.158393,34.051648,-0.33159011,34.174838,-0.45478
sn2002ha,0.013652,34.091038,0.157774,34.070838,0.020200326,34.193976,-0.10293807
sn2001bt,0.014151,33.956815,0.157186,34.149541,-0.19272548,34.272463,-0.31564813
sn1997e,0.014256,34.107223,0.1564,34.165751,-0.058528556,34.288628,-0.18140585
sn1992al,0.014411,34.087975,0.156643,34.189466,-0.10149065,34.312276,-0.22430101
sn1999dk,0.01444,33.987297,0.157099,34.193875,-0.20657721,34.316672,-0.32937505
sn2005bo,0.014467,34.138903,0.154784,34.197971,-0.059068393,34.320758,-0.18185458
sn2001fe,0.014575,34.270406,0.155333,34.214284,0.056122478,34.337023,-0.066617091
sn2006n,0.0147,34.33758,0.155008,34.233015,0.10456515,34.355701,-0.018120483
sn2005kc,0.01496,34.231351,0.153548,34.271476,-0.040124479,34.394049,-0.16269798
sn2005el,0.015154,34.357711,0.153758,34.299745,0.057966007,34.422235,-0.064523879
sn2004eo,0.015469,34.072352,0.153515,34.344891,-0.27253947,34.467246,-0.39489368
sn2001en,0.015482,34.246778,0.154168,34.346735,-0.099956666,34.469084,-0.22230528
sn2001cn,0.015487,34.107353,0.153742,34.347444,-0.24009095,34.46979,-0.36243741
sn2001bf,0.015504,34.190252,0.153374,34.349851,-0.15959928,34.472191,-0.28193842
sn2001cz,0.015554,34.244148,0.153417,34.356918,-0.11276992,34.479236,-0.23508754
sn1999aa,0.015573,34.45074,0.153276,34.359597,0.091142578,34.481907,-0.031166864
sn1994s,0.015664,34.311808,0.154751,34.372386,-0.06057745,34.494656,-0.18284773
sn2004ey,0.015678,34.409554,0.151905,34.374346,0.03520797,34.496611,-0.087056285
sn2001v,0.015791,34.104592,0.152742,34.39011,-0.28551877,34.512326,-0.40773441
sn2006td,0.015999,34.554597,0.153171,34.418838,0.13575937,34.540964,0.013633175
sn1996bv,0.016966,34.25655,0.153258,34.547716,-0.2911655,34.669427,-0.41287649
sn2006ax,0.017387,34.645289,0.148936,34.60157,0.043718699,34.723101,-0.077811873
sn1998v,0.01745,34.396806,0.150702,34.609518,-0.21271275,34.731022,-0.33421634
sn2000dk,0.017483,34.451815,0.150122,34.61367,-0.16185492,34.73516,-0.28334438
sn1998ef,0.017672,34.225012,0.150611,34.637301,-0.41228915,34.758709,-0.5336977
sn2007ci,0.018599,34.728819,0.149282,34.749702,-0.020883056,34.870714,-0.14189535
sn1992bo,0.018902,34.934901,0.149087,34.785244,0.14965691,34.906127,0.028773929
sn2002kf,0.019581,34.993089,0.147459,34.86289,0.13019852,34.983484,0.0096049259
sn2006ej,0.02039,34.999875,0.147727,34.952004,0.047871083,35.072254,-0.072378416
sn2005ki,0.020396,34.947831,0.145393,34.952652,-0.0048208567,35.072899,-0.12506781
sn1992bc,0.020792,34.860895,0.14683,34.994996,-0.13410106,35.115075,-0.25417985
sn2003w,0.020997,34.869301,0.145587,35.016606,-0.14730446,35.136597,-0.26729626
sn2002jy,0.021541,35.292985,0.145405,35.072956,0.22002948,35.192717,0.10026826
sn2007bc,0.021706,35.074451,0.146331,35.08977,-0.015318888,35.209461,-0.13501024
sn2006bq,0.021956,35.14196,0.145024,35.115008,0.026952388,35.234593,-0.092633154
sn2008bf,0.022068,35.197767,0.144685,35.126222,0.071544952,35.24576,-0.047993211
sn1995ak,0.022399,34.937705,0.149213,35.159041,-0.22133563,35.278439,-0.34073386
sn2006et,0.022466,35.024709,0.145994,35.165626,-0.14091685,35.284995,-0.26028677
sn2006mp,0.022629,35.41183,0.145184,35.181565,0.2302648,35.300866,0.11096374
sn2006ar,0.02298,35.353004,0.145076,35.215508,0.13749637,35.33466,0.018343479
sn2006cp,0.023321,35.074581,0.144025,35.247998,-0.1734163,35.367007,-0.29242538
sn2000ca,0.02336,35.249377,0.144317,35.251684,-0.0023069036,35.370676,-0.12129955
sn2006ac,0.023471,35.263038,0.143695,35.262141,0.00089699773,35.381087,-0.11804887
sn2000cn,0.023552,35.232154,0.144309,35.269742,-0.037588077,35.388654,-0.15649982
sn2007f,0.02381,35.453902,0.144315,35.293781,0.16012101,35.412584,0.041317917
sn2007qe,0.023867,35.312976,0.14435,35.299058,0.013918375,35.417837,-0.10486072
sn1993h,0.023909,35.350353,0.145547,35.302938,0.047415201,35.421699,-0.071346216
sn2006sr,0.024159,35.27495,0.14338,35.325895,-0.050944784,35.444551,-0.16960102
sn2005bg,0.024586,35.322909,0.142334,35.364569,-0.041660371,35.483046,-0.16013712
sn2002he,0.024725,35.445406,0.145176,35.377017,0.068389683,35.495435,-0.050028683
sn2002bf,0.024746,35.070075,0.147523,35.378891,-0.30881646,35.497301,-0.427226
sn1994m,0.024951,35.222116,0.145319,35.397108,-0.17499265,35.515432,-0.29331613
sn1992ag,0.025198,35.242843,0.148276,35.418863,-0.17601967,35.537083,-0.29423953
sn2007cq,0.025468,35.194232,0.143429,35.442405,-0.24817297,35.560511,-0.36627963
sn2005ms,0.026567,35.627234,0.142099,35.535761,0.091472539,35.653408,-0.02617421
sn1999gp,0.026677,35.602201,0.142999,35.544895,0.057305872,35.662496,-0.060294919
sn2005na,0.026881,35.524407,0.141195,35.561737,-0.037330467,35.679253,-0.15484606
sn2007co,0.027064,35.45832,0.141685,35.576739,-0.11841872,35.694178,-0.23585794
sn2004gs,0.027499,35.806141,0.140928,35.612003,0.19413803,35.729261,0.076880233
sn1992p,0.027637,35.761539,0.144083,35.623075,0.13846336,35.740276,0.021263074
sn1998ab,0.027688,35.240115,0.143171,35.627154,-0.38703895,35.744333,-0.50421798
sn2002de,0.027748,35.731784,0.141846,35.631942,0.099841544,35.749096,-0.017312498
sn2003u,0.028561,35.591369,0.14269,35.695844,-0.10447498,35.81266,-0.22129075
sn2005eq,0.029086,35.858819,0.141059,35.736166,0.12265291,35.852764,0.0060551752
sn2006qo,0.029526,35.686443,0.142005,35.769414,-0.082971062,35.885829,-0.19938629
sn1990o,0.030325,35.747254,0.143169,35.828564,-0.081310044,35.944648,-0.19739442
sn2001ba,0.030381,35.918942,0.142175,35.832652,0.086290022,35.948713,-0.029771191
sn2003ch,0.030416,35.941299,0.140939,35.835203,0.10609606,35.95125,-0.009950681
sn1997dg,0.030482,36.197901,0.1417,35.840006,0.35789476,35.956026,0.24187531
sn1996c,0.030721,35.839872,0.142617,35.857315,-0.017443377,35.973236,-0.13336404
sn2006bt,0.031484,36.053917,0.140272,35.911702,0.14221496,36.027308,0.026609237
sn2006az,0.031485,35.938196,0.140346,35.911773,0.026422929,36.027378,-0.08918238
sn2007bd,0.031638,35.835702,0.14121,35.922523,-0.086820927,36.038065,-0.20236316
sn1999cc,0.031764,35.884859,0.140686,35.931337,-0.04647775,36.046828,-0.16196806
sn2004as,0.032538,36.129874,0.14043,35.984744,0.14513041,36.099916,0.029958674
sn2004l,0.033173,35.996675,0.143111,36.027638,-0.030963621,36.142549,-0.14587449
sn2006s,0.033255,36.21217,0.139885,36.033119,0.17905131,36.147996,0.064174094
sn2006gr,0.033614,36.162256,0.139809,36.056957,0.10529838,36.171687,-0.0094315857
sn2005iq,0.034074,36.263162,0.138969,36.087141,0.17602107,36.201682,0.061479568
sn2005eu,0.034781,36.150741,0.141596,36.132763,0.01797885,36.247015,-0.09627344
sn1996bl,0.034854,35.992803,0.141007,36.137421,-0.14461797,36.251644,-0.25884043
sn2003iv,0.034971,36.260244,0.140126,36.144868,0.11537617,36.259043,0.0012015072
sn1992bg,0.035218,36.134253,0.14465,36.16051,-0.026256872,36.274584,-0.14033068
sn2002hd,0.035755,35.942565,0.142258,36.194149,-0.25158454,36.308004,-0.36543931
SDSS17784,0.03652,36.331548,0.115396,36.241227,0.090320924,36.354771,-0.02322236
sn2000cf,0.036934,36.375857,0.140956,36.266305,0.10955236,36.37968,-0.0038226247
sn2006nz,0.03695,36.320147,0.114021,36.267268,0.05287846,36.380637,-0.060490026
sn2006mo,0.036969,36.387901,0.141722,36.268412,0.11948889,36.381773,0.0061281185
sn2001eh,0.037075,36.277857,0.139296,36.274783,0.0030746194,36.3881,-0.11024309
sn2002hu,0.038086,36.296658,0.138952,36.334665,-0.038007473,36.447573,-0.15091515
sn1999aw,0.039083,36.509804,0.139901,36.392217,0.1175868,36.504721,0.0050823792
sn2003fa,0.039219,36.406044,0.138984,36.399956,0.0060883282,36.512406,-0.10636116
sn2001az,0.040259,36.605765,0.142119,36.458287,0.14747797,36.570317,0.035447804
sn2005lz,0.040689,36.527676,0.139014,36.481976,0.045700411,36.593833,-0.066156721
sn1992bh,0.041657,36.777361,0.141016,36.534422,0.24293924,36.64589,0.13147089
sn1992bl,0.0424,36.547697,0.142756,36.573878,-0.026180401,36.685048,-0.13735104
SDSS10805,0.04413,36.522649,0.11486,36.663197,-0.14054752,36.773676,-0.25102729
SDSS14279,0.04428,36.542955,0.113705,36.67078,-0.1278248,36.7812,-0.23824482
sn2005hc,0.04492,36.813793,0.111373,36.702855,0.11093713,36.813021,0.00077175956
sn2004gu,0.046856,36.696633,0.137271,36.797245,-0.10061162,36.906643,-0.21000937
sn1995ac,0.048984,36.599681,0.139079,36.896717,-0.29703639,37.005276,-0.40559506
sn1993ag,0.049325,36.840252,0.140167,36.912265,-0.072013676,37.02069,-0.18043835
sn1990af,0.049519,36.896049,0.139446,36.921064,-0.025015856,37.029413,-0.13336435
sn1993o,0.053126,37.097132,0.139575,37.078844,0.018288783,37.185783,-0.088650652
sn1998dx,0.05386,37.0011,0.140685,37.109675,-0.10857492,37.216329,-0.21522932
sn1999ao,0.054931,37.291241,0.143919,37.153939,0.13730223,37.260178,0.031062697
SDSS19968,0.05499,37.155275,0.112893,37.156353,-0.0010778761,37.262569,-0.10729459
SDSS6558,0.05634,37.255335,0.112867,37.210915,0.044420088,37.316611,-0.06127551
SDSS14318,0.05654,37.11319,0.122398,37.218891,-0.1057005,37.324509,-0.21131906
SDSS17745,0.05874,37.467552,0.114585,37.304863,0.16268902,37.409637,0.057915096
sn2006ob,0.059289,37.302212,0.111086,37.325832,-0.023620227,37.430396,-0.12818417
sn2006oa,0.060959,37.39072,0.11093,37.388481,0.0022392426,37.492408,-0.10168792
SDSS3901,0.062818,37.378504,0.112357,37.456299,-0.077794849,37.559521,-0.18101661
sn2007ae,0.062961,37.387267,0.140212,37.461436,-0.074168551,37.564603,-0.1773362
sn1992bs,0.063345,37.666991,0.141293,37.475173,0.19181868,37.578195,0.088796234
SDSS10028,0.064229,37.448507,0.112975,37.506493,-0.057986151,37.609182,-0.16067491
sn2006an,0.065193,37.623736,0.139912,37.540178,0.08355746,37.642504,-0.018768342
SDSS6057,0.06651,37.545335,0.112612,37.58543,-0.04009486,37.687261,-0.14192636
sn2006al,0.069122,37.86837,0.145157,37.672678,0.19569206,37.773535,0.094835586
sn2006on,0.069751,37.544255,0.111409,37.693214,-0.14895864,37.793837,-0.24958137
sn1993b,0.070153,37.633652,0.146379,37.706246,-0.072594062,37.806719,-0.17306761
SDSS17240,0.07153,37.643365,0.157968,37.750345,-0.10698078,37.850309,-0.20694461
SDSS17880,0.07195,37.593299,0.112772,37.763634,-0.17033482,37.863443,-0.27014356
sn1992ae,0.074579,37.735149,0.141947,37.845158,-0.11000847,37.944,-0.20885056
sn2005ir,0.07487,37.849941,0.110074,37.854011,-0.0040701346,37.952747,-0.10280566
SDSS19155,0.07592,38.018827,0.112389,37.885684,0.13314357,37.984036,0.03479183
sn1999bp,0.078317,37.975452,0.138307,37.956441,0.019011,38.053921,-0.078468794
SDSS17186,0.07849,38.285205,0.113854,37.961467,0.3237379,38.058885,0.22632081
sn1992bp,0.07884,37.792706,0.138584,37.971603,-0.17889779,38.068894,-0.27618811
SDSS12779,0.07891,38.072741,0.117766,37.973626,0.099115296,38.07089,0.0018503171
SDSS12898,0.07997,38.092961,0.112109,38.004036,0.08892477,38.100918,-0.0079571067
sn2005ag,0.080103,37.91689,0.136253,38.007825,-0.090935332,38.104659,-0.18776922
SDSS12950,0.08133,38.185733,0.111814,38.042493,0.14323944,38.138885,0.046847432
SDSS12781,0.08304,38.317541,0.115125,38.089983,0.22755813,38.185761,0.13177942
SDSS722,0.08522,38.220612,0.128423,38.149185,0.071427251,38.244186,-0.023573827
SDSS3592,0.08528,38.178483,0.111932,38.150794,0.027689017,38.245774,-0.067290724
SDSS21502,0.08784,38.239802,0.112907,38.218449,0.021352867,38.312522,-0.072719893
SDSS1241,0.08889,38.186699,0.11251,38.245655,-0.058955796,38.339358,-0.15265843
SDSS19899,0.09007,38.270945,0.111899,38.275865,-0.0049202993,38.369153,-0.098208285
SDSS17258,0.0901,38.078707,0.124187,38.276628,-0.19792138,38.369906,-0.29119884
SDSS774,0.09243,38.409607,0.122156,38.335168,0.074439379,38.427631,-0.018023423
SDSS18241,0.09391,38.584293,0.11374,38.371625,0.21266763,38.463573,0.12071952
SDSS2102,0.09401,38.461071,0.112725,38.374069,0.087002205,38.465982,-0.0049111994
SDSS16185,0.09582,38.533308,0.112716,38.417873,0.11543436,38.509161,0.024147325
SDSS13038,0.10264,38.777015,0.113322,38.576138,0.20087776,38.665093,0.11192232
SDSS10434,0.10289,38.727198,0.114221,38.581747,0.14545132,38.670618,0.056580492
SDSS13135,0.10337,38.651728,0.111598,38.592481,0.059247109,38.681189,-0.029461418
SDSS20064,0.10391,38.506897,0.112416,38.6045,-0.097602882,38.693026,-0.18612909
SDSS14816,0.10589,38.51032,0.112285,38.648067,-0.13774659,38.735927,-0.22560668
SDSS18697,0.10602,38.638175,0.111682,38.6509,-0.012725516,38.738717,-0.100542
SDSS20625,0.10667,38.779541,0.112607,38.665018,0.11452338,38.752617,0.026924671
SDSS18375,0.10725,38.455458,0.111743,38.677546,-0.22208848,38.764951,-0.3094932
SDSS21034,0.10751,38.794085,0.112402,38.683141,0.11094395,38.770459,0.023626085
SDSS7147,0.10924,38.800044,0.112096,38.720047,0.079996286,38.806789,-0.0067452905
SDSS18650,0.11271,38.964234,0.112009,38.79243,0.17180355,38.878024,0.086209354
SDSS11067,0.11304,38.881139,0.112246,38.799204,0.08193531,38.884689,-0.0035503564
SDSS18612,0.11368,38.685221,0.111953,38.812286,-0.12706515,38.897562,-0.21234063
SDSS16641,0.11389,39.043562,0.113093,38.816564,0.22699839,38.90177,0.14179179
SDSS16619,0.11402,38.712592,0.11346,38.819208,-0.10661656,38.904372,-0.19178053
SDSS5395,0.11635,38.978748,0.111949,38.866123,0.1126242,38.950526,0.02822145
SDSS8719,0.11651,38.922422,0.113022,38.869312,0.053109956,38.953663,-0.031240708
SDSS2561,0.11741,38.950183,0.112518,38.887173,0.063010465,38.971231,-0.021047654
SDSS19953,0.11767,38.990858,0.111671,38.892309,0.098549522,38.976282,0.014575776
SDSS16259,0.11771,38.891708,0.113079,38.893098,-0.0013900801,38.977058,-0.085350851
SDSS1371,0.11771,38.777081,0.11196,38.893098,-0.11601714,38.977058,-0.19997791
SDSS14871,0.11845,39.061558,0.111824,38.907651,0.15390662,38.991372,0.070185613
SDSS18298,0.11863,38.669532,0.127194,38.911178,-0.24164579,38.994841,-0.32530855
SDSS13894,0.11966,39.209273,0.113363,38.931264,0.27800884,39.014594,0.1946788
SDSS13044,0.11967,39.087358,0.112171,38.931458,0.15589956,39.014785,0.07257274
SDSS5549,0.11967,38.967698,0.111976,38.931458,0.036240142,39.014785,-0.04708668
SDSS12860,0.12044,39.030567,0.113463,38.946366,0.084200999,39.029444,0.0011222551
SDSS19543,0.12164,39.196958,0.112462,38.96942,0.22753877,39.052113,0.14484555
SDSS18835,0.12262,38.956586,0.11183,38.988088,-0.0315024,39.070467,-0.11388176
SDSS16021,0.12276,38.987525,0.112478,38.990743,-0.0032181262,39.073078,-0.085552723
SDSS21669,0.12281,38.913864,0.129766,38.991691,-0.077827164,39.07401,-0.16014578
SDSS2916,0.12303,38.972486,0.119632,38.995856,-0.023370812,39.078105,-0.10561913
SDSS6406,0.12376,38.936366,0.111795,39.009628,-0.073261549,39.091643,-0.15527692
SDSS20470,0.1244,39.208689,0.113068,39.021638,0.18705163,39.103449,0.10524008
06D2fb,0.125298,39.06277,0.085713,39.038392,0.024377756,39.119918,-0.057148435
SDSS13005,0.12593,39.181814,0.157613,39.050115,0.1316985,39.131441,0.050372692
SDSS2992,0.12608,38.877179,0.113495,39.052889,-0.17570993,39.134168,-0.25698823
SDSS744,0.12649,39.083386,0.118731,39.060456,0.022929693,39.141605,-0.058218857
SDSS18855,0.12715,39.121925,0.111895,39.072589,0.049335869,39.153529,-0.031604141
SDSS16069,0.12739,39.041874,0.113191,39.076986,-0.035112414,39.157851,-0.11597669
SDSS18809,0.12837,39.121917,0.112485,39.094861,0.027056659,39.175416,-0.053498913
SDSS22075,0.12893,39.091935,0.113756,39.105017,-0.013081784,39.185396,-0.093461344
SDSS1032,0.12903,39.12637,0.115931,39.106826,0.019544257,39.187174,-0.060803903
SDSS5751,0.12953,39.057113,0.112137,39.115852,-0.058739093,39.196043,-0.13893039
SDSS20084,0.12961,39.391752,0.113865,39.117293,0.27445939,39.197459,0.19429317
SDSS18415,0.12961,39.207549,0.113841,39.117293,0.09025601,39.197459,0.010089794
SDSS17280,0.13045,39.449672,0.147057,39.132375,0.31729734,39.212278,0.23739409
SDSS14108,0.13243,39.484723,0.112393,39.167564,0.3171587,39.24685,0.23787277
SDSS18602,0.13362,39.326815,0.113865,39.188476,0.13833955,39.267392,0.059422948
SDSS15508,0.13392,39.215092,0.111798,39.19372,0.021372023,39.272543,-0.057451679
SDSS15234,0.13508,39.491549,0.113196,39.213893,0.27765618,39.292358,0.19919095
SDSS17629,0.13588,39.123799,0.113673,39.227711,-0.10391174,39.305929,-0.18213044
SDSS19775,0.13668,39.246318,0.113428,39.241452,0.0048655545,39.319425,-0.073107205
SDSS17366,0.13811,39.230733,0.112284,39.265827,-0.035094063,39.343361,-0.11262861
SDSS15171,0.13818,39.297665,0.11186,39.267014,0.030650881,39.344527,-0.046862263
SDSS17208,0.13864,39.611275,0.119461,39.2748,0.33647417,39.352173,0.25910157
SDSS12928,0.13868,39.317355,0.116765,39.275476,0.041878462,39.352837,-0.035481922
SDSS1794,0.14139,39.449513,0.113002,39.320849,0.1286634,39.397386,0.052127123
SDSS14437,0.14265,39.385841,0.112226,39.341667,0.04417399,39.417822,-0.031981341
SDSS2635,0.1431,39.388173,0.112072,39.34906,0.039112596,39.42508,-0.036907019
SDSS13796,0.1436,39.307355,0.111766,39.357249,-0.049894207,39.433118,-0.12576324
SDSS17497,0.14382,39.356151,0.111949,39.360843,-0.0046923131,39.436646,-0.080495155
SDSS8921,0.14401,39.387021,0.114616,39.363944,0.023077092,39.439689,-0.052668622
SDSS16073,0.14468,39.679811,0.112388,39.374846,0.30496568,39.45039,0.22942117
SDSS14024,0.14478,39.380007,0.114439,39.376469,0.0035378732,39.451983,-0.071976646
SDSS17605,0.14533,39.41477,0.119235,39.385377,0.029393228,39.460726,-0.045956471
SDSS11300,0.14547,39.125438,0.113737,39.387639,-0.26220146,39.462947,-0.33750924
SDSS21062,0.14564,39.731821,0.114307,39.390384,0.34143766,39.465641,0.26618075
SDSS19940,0.14582,39.261311,0.112189,39.393286,-0.13197522,39.468489,-0.2071783
SDSS12930,0.14607,39.559066,0.117074,39.397312,0.16175413,39.472441,0.086625773
SDSS2308,0.148,39.554178,0.111944,39.428176,0.12600245,39.502729,0.051449119
SDSS21510,0.14839,39.404046,0.11378,39.434366,-0.030320769,39.508804,-0.10475829
SDSS16116,0.1486,39.644156,0.112448,39.437694,0.20646285,39.512069,0.13208763
SDSS13736,0.14901,39.511831,0.112283,39.444177,0.067654606,39.51843,-0.0065990922
SDSS16206,0.15065,39.371489,0.113842,39.469942,-0.098453482,39.543712,-0.17222254
SDSS2031,0.15186,39.453621,0.112035,39.488784,-0.035163055,39.562197,-0.10857604
SDSS15132,0.15295,39.624165,0.111718,39.505637,0.11852832,39.57873,0.045435025
SDSS19353,0.15322,39.521424,0.113617,39.509794,0.011629616,39.582808,-0.061384655
SDSS18323,0.15363,39.69794,0.115274,39.516094,0.18184589,39.588988,0.1089515
SDSS17253,0.15463,39.621754,0.1715,39.531392,0.090361906,39.603995,0.017759322
SDSS5550,0.15473,39.583086,0.111655,39.532917,0.050169028,39.605491,-0.022404423
SDSS18030,0.15506,39.762277,0.118308,39.537942,0.22433467,39.61042,0.15185729
SDSS18740,0.15575,39.392103,0.111931,39.548417,-0.15631355,39.620694,-0.22859034
SDSS16165,0.15596,39.593466,0.112725,39.551596,0.041869566,39.623812,-0.030346252
SDSS13354,0.15653,39.470949,0.113012,39.560206,-0.089257015,39.632256,-0.16130754
SDSS17171,0.15895,39.623116,0.145393,39.596433,0.026683217,39.667785,-0.044668626
SDSS15425,0.15935,39.362701,0.111983,39.602371,-0.23966985,39.673608,-0.31090669
SDSS17825,0.15999,39.670906,0.113136,39.611843,0.059062701,39.682896,-0.011990414
SDSS3317,0.15999,39.513772,0.113095,39.611843,-0.098071719,39.682896,-0.16912483
SDSS2689,0.16035,39.498811,0.114045,39.617156,-0.11834438,39.688106,-0.18929431
SDSS5103,0.1605,39.577501,0.113217,39.619366,-0.041865198,39.690273,-0.11277216
SDSS13411,0.1618,39.817103,0.120879,39.63844,0.17866233,39.708976,0.10812693
SDSS20430,0.16284,39.809749,0.114429,39.653596,0.1561525,39.723836,0.085913319
SDSS19174,0.16357,39.537404,0.114386,39.664181,-0.1267772,39.734213,-0.196809
SDSS20764,0.16387,39.705099,0.113522,39.668518,0.03658162,39.738464,-0.033365087
SDSS3087,0.1644,39.614567,0.11306,39.676161,-0.061593997,39.745958,-0.13139056
SDSS19616,0.16455,39.637488,0.113442,39.678321,-0.040832285,39.748075,-0.11058639
SDSS12843,0.16565,39.453303,0.118455,39.694098,-0.24079472,39.763541,-0.3102381
SDSS12853,0.16817,39.584249,0.116716,39.729876,-0.14562676,39.798611,-0.21436208
SDSS15897,0.16869,39.796918,0.116161,39.737196,0.05972194,39.805786,-0.0088679376
05D3ne,0.169455,39.832052,0.088415,39.747927,0.084125271,39.816303,0.015748956
SDSS12856,0.17028,39.833327,0.112043,39.759449,0.073878836,39.827595,0.0057322908
SDSS12855,0.17063,39.687683,0.114853,39.764321,-0.076637691,39.83237,-0.14468693
SDSS17220,0.17066,39.646053,0.115012,39.764738,-0.11868471,39.832779,-0.18672562
SDSS17389,0.1707,40.057622,0.115438,39.765294,0.29232777,39.833324,0.22429798
SDSS15453,0.17373,40.085507,0.114314,39.807071,0.27843589,39.874263,0.21124409
SDSS3080,0.17374,39.713598,0.112831,39.807208,-0.093609471,39.874397,-0.16079852
SDSS15648,0.17383,39.776759,0.122163,39.808438,-0.031678397,39.875602,-0.09884267
SDSS14421,0.17386,39.951083,0.112491,39.808848,0.14223529,39.876004,0.075079278
SDSS12927,0.17415,39.609482,0.118918,39.812808,-0.20332605,39.879884,-0.27040229
SDSS19969,0.1742,39.764467,0.113041,39.81349,-0.049022571,39.880552,-0.11608506
SDSS19282,0.17558,39.88391,0.113152,39.832244,0.051666102,39.898928,-0.015017775
SDSS18807,0.17625,39.995197,0.113139,39.8413,0.15389736,39.9078,0.087396742
SDSS14979,0.17653,39.875133,0.11256,39.845074,0.030059037,39.911499,-0.036365105
SDSS18604,0.17656,40.065594,0.113509,39.845479,0.22011578,39.911894,0.15369983
SDSS15365,0.17656,40.035173,0.113446,39.845479,0.18969402,39.911894,0.12327807
SDSS17274,0.17658,40.394839,0.1635,39.845748,0.54909094,39.912158,0.48268045
SDSS15583,0.17706,39.916428,0.113873,39.852204,0.064223753,39.918484,-0.0020558064
SDSS17218,0.17757,39.884758,0.114576,39.859047,0.02571121,39.925187,-0.040429439
SDSS14451,0.17789,39.824578,0.112906,39.86333,-0.038752488,39.929384,-0.10480609
SDSS5635,0.1781,40.302405,0.117139,39.866138,0.43626714,39.932134,0.37027062
SDSS15461,0.17865,39.947284,0.113319,39.873475,0.073809198,39.939322,0.007962011
SDSS2372,0.17962,39.812569,0.113572,39.886365,-0.073795771,39.951949,-0.13938019
SDSS6936,0.17969,39.936916,0.113497,39.887293,0.04962338,39.952858,-0.015942112
SDSS13254,0.17981,40.23075,0.120493,39.888882,0.34186804,39.954415,0.27633499
SDSS14284,0.18037,39.698001,0.112763,39.896287,-0.1982856,39.961669,-0.26366738
SDSS13045,0.18055,39.793481,0.118342,39.898662,-0.10518085,39.963996,-0.17051406
SDSS20048,0.18056,40.04413,0.117002,39.898794,0.14533589,39.964125,0.08000537
SDSS17215,0.18079,39.871011,0.117616,39.901826,-0.030815576,39.967095,-0.096084077
SDSS15443,0.18122,39.838453,0.112167,39.907485,-0.069032429,39.972638,-0.1341851
SDSS17332,0.18204,39.834302,0.115898,39.918241,-0.083939427,39.983174,-0.14887163
SDSS6422,0.18255,40.01337,0.112208,39.924909,0.088461331,39.989704,0.023665975
SDSS16281,0.18255,39.87841,0.114391,39.924909,-0.046498849,39.989704,-0.11129421
SDSS17168,0.18257,40.092058,0.115147,39.92517,0.16688825,39.98996,0.10209825
SDSS14984,0.1828,40.083279,0.115225,39.92817,0.15510898,39.992899,0.09038063
SDSS1580,0.18322,39.815183,0.114206,39.933641,-0.11845826,39.998257,-0.18307416
SDSS8213,0.18327,39.819882,0.117564,39.934292,-0.11440936,39.998894,-0.17901188
SDSS15421,0.18435,40.1016,0.112927,39.948301,0.15329803,40.012616,0.088983988
05D2ah,0.185371,40.044651,0.085522,39.961476,0.083175243,40.025518,0.019133046
SDSS19101,0.18563,39.908877,0.11449,39.964807,-0.055929885,40.02878,-0.11990325
SDSS5994,0.18581,40.075031,0.114889,39.967119,0.107912,40.031045,0.043986429
SDSS21861,0.18655,39.874252,0.121972,39.976605,-0.1023531,40.040334,-0.16608241
SDSS18749,0.18667,39.972053,0.114334,39.978139,-0.0060862779,40.041837,-0.069783814
SDSS20687,0.18772,39.871486,0.118492,39.99153,-0.12004403,40.05495,-0.18346396
SDSS6304,0.18965,39.962528,0.113593,40.015962,-0.053433721,40.078873,-0.11634568
SDSS762,0.1901,40.210589,0.114249,40.021625,0.18896475,40.084419,0.12617081
SDSS18804,0.19084,39.999776,0.112617,40.03091,-0.031134213,40.09351,-0.093734442
SDSS16276,0.19176,40.120262,0.114367,40.042407,0.077854264,40.104767,0.015494264
SDSS18787,0.19191,40.411807,0.114568,40.044277,0.36753017,40.106598,0.30520927
SDSS16618,0.19198,39.956519,0.114573,40.045149,-0.088629904,40.107452,-0.15093256
SDSS2440,0.19215,40.268783,0.114217,40.047266,0.22151704,40.109524,0.15925867
SDSS16100,0.19392,40.150249,0.117691,40.0692,0.081049246,40.130999,0.019250632
SDSS2246,0.19422,40.109546,0.11684,40.072899,0.036647268,40.13462,-0.025073667
SDSS20575,0.19465,39.838415,0.114454,40.078192,-0.23977742,40.139802,-0.30138714
SDSS19149,0.19494,39.799909,0.11376,40.081755,-0.28184639,40.14329,-0.34338118
SDSS16099,0.1958,40.216343,0.113084,40.092294,0.12404962,40.153607,0.062736624
SDSS15674,0.19654,40.256476,0.117701,40.101327,0.15514903,40.16245,0.094026423
SDSS18768,0.19671,40.330112,0.118689,40.103398,0.22671424,40.164477,0.16563532
SDSS15129,0.19699,40.094767,0.114008,40.106805,-0.012038056,40.167812,-0.073045096
SDSS13070,0.19709,40.229783,0.116183,40.10802,0.12176293,40.169002,0.060781554
SDSS15901,0.19794,40.204956,0.114551,40.118331,0.086625639,40.179094,0.025862051
SDSS15222,0.19801,40.027113,0.115064,40.119178,-0.092065134,40.179924,-0.15281081
SDSS19658,0.19863,40.272157,0.116081,40.12667,0.14548712,40.187257,0.084899915
SDSS17811,0.19867,40.236809,0.114249,40.127152,0.10965636,40.187729,0.04907937
SDSS16737,0.1988,39.99253,0.124264,40.12872,-0.13618989,40.189264,-0.1967337
SDSS13305,0.19959,40.251098,0.115206,40.138227,0.11287078,40.19857,0.052528355
SDSS6780,0.20061,40.102223,0.120729,40.15045,-0.048227236,40.210533,-0.10831036
SDSS15872,0.20203,40.164615,0.117009,40.16737,-0.002755606,40.227094,-0.0624791
SDSS7243,0.20231,40.247129,0.117808,40.170694,0.076435128,40.230347,0.016782364
SDSS16032,0.20318,40.280795,0.114994,40.180992,0.099802147,40.240426,0.040368762
SDSS14212,0.20399,40.265661,0.114245,40.190544,0.075116797,40.249774,0.015887137
SDSS18965,0.20466,40.276416,0.115117,40.198418,0.077998368,40.257479,0.018936838
SDSS17801,0.20515,40.440593,0.131465,40.204161,0.236432,40.2631,0.17749321
SDSS20581,0.20554,40.22826,0.114345,40.208723,0.019536913,40.267564,-0.039304313
SDSS19913,0.20557,40.31485,0.114899,40.209074,0.10577642,40.267907,0.046942692
SDSS13152,0.2056,39.974825,0.113718,40.209424,-0.23459911,40.268251,-0.29342534
SDSS15201,0.20704,40.634193,0.117479,40.226195,0.40799798,40.284662,0.3495309
SDSS13641,0.20852,40.302019,0.114386,40.243318,0.058701288,40.301418,0.00060167715
SDSS15467,0.2091,40.214833,0.115699,40.249998,-0.035164859,40.307954,-0.093120918
SDSS13425,0.20953,40.223527,0.131221,40.254939,-0.031411618,40.312789,-0.089261417
SDSS16473,0.2096,40.348956,0.115465,40.255742,0.093213888,40.313575,0.035381374
04D1dc,0.210032,40.191993,0.085765,40.260695,-0.068702584,40.318421,-0.12642851
SDSS19425,0.21025,40.313695,0.128931,40.263191,0.050503663,40.320863,-0.0071685256
SDSS15259,0.21054,40.196013,0.11424,40.266507,-0.070494112,40.324108,-0.12809488
SDSS17875,0.21075,40.574565,0.116152,40.268906,0.30565921,40.326455,0.24811012
SDSS14157,0.21082,40.119522,0.11447,40.269705,-0.15018349,40.327237,-0.20771535
SDSS7847,0.21134,40.143408,0.115658,40.275634,-0.13222538,40.333038,-0.18962944
SDSS6933,0.21163,40.203016,0.114069,40.278934,-0.075918142,40.336267,-0.13325101
SDSS2330,0.21179,40.671436,0.124547,40.280753,0.39068212,40.338047,0.33338849
SDSS18466,0.21226,40.271235,0.115112,40.28609,-0.01485505,40.343268,-0.072033496
SDSS14331,0.2126,40.521942,0.116607,40.289943,0.23199937,40.347038,0.17490414
SDSS8495,0.21295,40.297362,0.121443,40.293904,0.0034585883,40.350913,-0.053551071
SDSS18927,0.21323,40.107522,0.117876,40.297068,-0.1895464,40.354009,-0.24648766
SDSS20364,0.21382,40.382593,0.11761,40.303723,0.078870361,40.36052,0.022073009
SDSS7473,0.21457,40.463576,0.114262,40.312158,0.15141793,40.368773,0.094803137
SDSS15203,0.21468,40.262821,0.114437,40.313393,-0.050571585,40.369981,-0.10715963
SDSS14019,0.21513,40.756464,0.120494,40.318438,0.43802553,40.374917,0.38154678
SDSS17435,0.21674,40.473257,0.115124,40.336409,0.13684802,40.392498,0.080759067
SDSS9467,0.21698,40.613772,0.124622,40.339077,0.2746951,40.395108,0.21866409
SDSS19008,0.21757,40.271699,0.11934,40.345625,-0.073925673,40.401514,-0.12981444
SDSS5533,0.21829,40.380716,0.114544,40.353593,0.027122444,40.409309,-0.028593076
SDSS7512,0.21835,40.477375,0.116348,40.354256,0.12311918,40.409957,0.067418076
SDSS18940,0.21861,40.285682,0.114762,40.357127,-0.071445067,40.412765,-0.12708371
SDSS20144,0.21865,40.401512,0.11463,40.357568,0.043944238,40.413197,-0.011684806
05D3kx,0.219462,40.373686,0.085341,40.366511,0.0071740887,40.421946,-0.048260259
SDSS19230,0.21955,40.107276,0.119543,40.367479,-0.26020326,40.422892,-0.31561654
SDSS13727,0.21971,40.455796,0.115514,40.369237,0.086559024,40.424612,0.031184042
SDSS15433,0.21976,40.441446,0.114935,40.369786,0.071659614,40.425149,0.016296596
SDSS16793,0.22058,40.296436,0.138465,40.378775,-0.082338722,40.433942,-0.13750581
SDSS15354,0.22068,40.239742,0.119891,40.379869,-0.14012679,40.435012,-0.19527002
SDSS15229,0.22256,40.52117,0.11527,40.400352,0.12081858,40.455048,0.066122542
SDSS14846,0.22328,40.469733,0.115872,40.408154,0.061579187,40.462679,0.007053721
SDSS13025,0.22351,40.551014,0.1168,40.410641,0.14037278,40.465112,0.08590172
SDSS19992,0.22452,40.735088,0.122907,40.421536,0.31355189,40.475768,0.25931929
SDSS19341,0.22667,40.418519,0.118938,40.444576,-0.026057386,40.498303,-0.079784889
SDSS13578,0.22668,40.458669,0.115846,40.444683,0.013986286,40.498408,-0.039738875
SDSS21033,0.22786,40.461515,0.11565,40.457241,0.0042738423,40.510691,-0.049175552
SDSS3452,0.22893,40.514747,0.115979,40.468577,0.046170092,40.521777,-0.0070301232
SDSS13072,0.22916,40.489831,0.122097,40.471007,0.018824291,40.524154,-0.034322472
SDSS12881,0.2316,40.399083,0.118789,40.496649,-0.097565694,40.549231,-0.15014777
SDSS12971,0.2338,40.542595,0.115605,40.519555,0.023040146,40.571631,-0.029036486
SDSS17223,0.23381,40.522903,0.118911,40.519658,0.0032450291,40.571733,-0.048829313
SDSS16350,0.23472,40.520922,0.116813,40.529074,-0.0081513559,40.58094,-0.060017659
SDSS13511,0.23646,40.839103,0.117789,40.546983,0.29211999,40.598453,0.24064982
SDSS17884,0.23782,40.637121,0.116252,40.560896,0.076225177,40.612058,0.025063107
SDSS15868,0.24102,40.788612,0.116005,40.593342,0.19526956,40.643784,0.14482722
SDSS13506,0.24179,40.643588,0.122422,40.60109,0.042498864,40.65136,-0.007771375
SDSS19023,0.24185,40.693089,0.114848,40.601692,0.091396982,40.651949,0.041140136
SDSS20111,0.24348,40.68023,0.118064,40.618014,0.062216193,40.667908,0.0123222
SDSS20088,0.24352,40.70372,0.113403,40.618413,0.085306924,40.668298,0.035421812
SDSS3377,0.24448,40.491543,0.115275,40.627977,-0.13643373,40.677649,-0.18610604
SDSS19990,0.24495,40.763035,0.119541,40.632646,0.13038891,40.682215,0.080820542
SDSS18486,0.2454,40.546602,0.114389,40.637109,-0.090507131,40.686578,-0.13997612
SDSS17464,0.24555,40.240038,0.116206,40.638595,-0.39855737,40.688031,-0.44799326
SDSS20039,0.24558,40.592469,0.118174,40.638892,-0.04642344,40.688322,-0.095852721
SDSS12977,0.24562,40.611615,0.115338,40.639288,-0.027673752,40.688709,-0.077094213
SDSS15466,0.24568,40.391281,0.120181,40.639882,-0.24860103,40.68929,-0.29800826
SDSS13835,0.24625,40.705764,0.114566,40.645519,0.060245804,40.6948,0.010964134
SDSS16352,0.24647,40.623678,0.115433,40.647691,-0.024012785,40.696924,-0.073246055
05D3mq,0.246492,40.711377,0.086206,40.647908,0.063469279,40.697136,0.014240848
SDSS15301,0.2466,40.347858,0.114128,40.648974,-0.3011159,40.698178,-0.35032059
SDSS15219,0.24695,40.814013,0.114812,40.652424,0.16158941,40.701552,0.11246163
SDSS15161,0.2485,40.630674,0.117491,40.667649,-0.036975357,40.716437,-0.085763624
SDSS3451,0.24851,40.514398,0.116195,40.667747,-0.15334908,40.716533,-0.20213516
SDSS16213,0.24857,40.767362,0.115731,40.668335,0.099026871,40.717108,0.050253898
SDSS17552,0.24862,40.775706,0.11712,40.668824,0.10688203,40.717586,0.058119978
SDSS15504,0.24947,40.842596,0.131353,40.677132,0.16546312,40.725709,0.11688647
SDSS3199,0.24961,41.058299,0.118164,40.678498,0.37980081,40.727045,0.33125465
SDSS16106,0.24973,40.698314,0.120462,40.679669,0.018644994,40.728189,-0.029875043
SDSS13689,0.25012,40.88833,0.116581,40.683468,0.20486173,40.731903,0.15642652
SDSS5717,0.25037,40.92885,0.115791,40.685901,0.24294945,40.734282,0.19456856
06D3gn,0.250498,40.733628,0.086012,40.687145,0.046482262,40.735499,-0.0018708306
SDSS13655,0.25104,40.793163,0.119872,40.692409,0.10075346,40.740645,0.052517937
SDSS5736,0.25174,40.702304,0.115824,40.699192,0.0031122743,40.747276,-0.044971707
SDSS15440,0.25205,40.595558,0.11822,40.70219,-0.10663267,40.750207,-0.15464965
SDSS9032,0.25249,40.721733,0.126796,40.70644,0.015293722,40.754362,-0.032628271
SDSS14481,0.25351,41.072086,0.123692,40.716265,0.35582165,40.763967,0.30811934
SDSS18325,0.25356,40.804462,0.120869,40.716745,0.087716588,40.764437,0.040025023
SDSS9457,0.25539,40.747194,0.130119,40.734277,0.012916768,40.781577,-0.034382533
SDSS1112,0.25611,40.833795,0.12482,40.741143,0.092651395,40.788289,0.045505794
SDSS17340,0.25617,40.628367,0.119755,40.741715,-0.11334775,40.788847,-0.16048056
SDSS12972,0.25655,40.873953,0.12587,40.74533,0.12862324,40.792382,0.081571395
SDSS19207,0.25721,40.801779,0.121726,40.751598,0.050180629,40.79851,0.0032691589
SDSS6108,0.258,40.778624,0.117106,40.759081,0.019542746,40.805825,-0.027201088
SDSS8046,0.25833,40.827869,0.119891,40.762201,0.065668593,40.808874,0.018994658
SDSS2017,0.26014,41.124314,0.122802,40.779245,0.34506972,40.825537,0.29877784
SDSS1253,0.26059,40.752157,0.120435,40.783465,-0.031308105,40.829662,-0.077505339
SDSS14298,0.2607,40.993775,0.117389,40.784496,0.20927937,40.83067,0.16310525
05D1hk,0.261984,40.715093,0.08739,40.796496,-0.081403273,40.842401,-0.12730821
04D3ez,0.263487,40.730792,0.08555,40.810474,-0.079682254,40.856065,-0.12527351
SDSS2422,0.26349,41.119147,0.115945,40.810502,0.30864506,40.856093,0.26305443
SDSS20345,0.26357,40.674107,0.11624,40.811244,-0.13713655,40.856818,-0.18271053
SDSS2943,0.26405,40.834936,0.117962,40.815691,0.019245292,40.861165,-0.026228859
SDSS13099,0.26451,40.951835,0.119638,40.819946,0.1318896,40.865324,0.08651097
SDSS6315,0.26576,40.814381,0.114629,40.831473,-0.017092286,40.876593,-0.062212066
SDSS18463,0.26665,40.889717,0.120817,40.83965,0.050067392,40.884586,0.0051312711
SDSS19002,0.2671,40.85367,0.116111,40.843774,0.0098956055,40.888618,-0.034947857
SDSS19702,0.26821,40.966273,0.121714,40.853921,0.11235218,40.898536,0.067736691
06D3fp,0.268489,40.852083,0.08555,40.856465,-0.0043816294,40.901023,-0.048939942
SDSS18945,0.26856,41.066451,0.118128,40.857112,0.20933889,40.901656,0.16479512
03D4cj,0.268624,40.767919,0.086242,40.857695,-0.089776114,40.902226,-0.13430678
SDSS6192,0.27044,40.897172,0.118685,40.874188,0.022984255,40.918348,-0.021175714
SDSS15287,0.27258,40.88661,0.11421,40.893491,-0.0068816514,40.937217,-0.050607604
SDSS15356,0.27447,40.791311,0.118156,40.910423,-0.11911217,40.953768,-0.16245734
SDSS4046,0.27544,40.925407,0.119548,40.919071,0.0063358055,40.962221,-0.036814847
SDSS16072,0.27549,40.922313,0.127184,40.919516,0.0027967711,40.962656,-0.040343871
SDSS12869,0.27653,40.822597,0.126014,40.928755,-0.10615798,40.971688,-0.14909079
SDSS4000,0.27745,41.090428,0.128283,40.936901,0.1535273,40.97965,0.11077774
SDSS17791,0.27749,41.653409,0.136665,40.937254,0.71615428,40.979996,0.67341267
SDSS18485,0.27822,41.035649,0.117336,40.943699,0.09194943,40.986296,0.049352819
SDSS5957,0.27852,41.099812,0.118155,40.946343,0.15346899,40.98888,0.11093186
SDSS6196,0.27916,40.691538,0.11948,40.951975,-0.26043736,40.994386,-0.30284778
SDSS14261,0.27952,40.840327,0.121901,40.955138,-0.11481118,40.997477,-0.15715044
SDSS17809,0.28051,40.89843,0.122739,40.963816,-0.065385859,41.00596,-0.10752989
SDSS15584,0.28111,40.922902,0.11753,40.969061,-0.046158828,41.011087,-0.088184841
SDSS20227,0.28243,41.094486,0.11747,40.980564,0.11392136,41.022332,0.072154158
06D3dt,0.28251,41.187695,0.085709,40.98126,0.20643524,41.023011,0.16468368
SDSS20040,0.28351,40.987093,0.118366,40.989939,-0.0028459188,41.031495,-0.044402213
03D4ag,0.28361,40.95229,0.086683,40.990805,-0.038515871,41.032342,-0.080052675
SDSS19128,0.28543,41.284683,0.119195,41.006524,0.27815954,41.047707,0.23697634
SDSS2165,0.28662,41.348336,0.11978,41.016751,0.33158514,41.057704,0.29063198
SDSS13757,0.28742,41.233155,0.118845,41.023604,0.20955106,41.064403,0.16875204
SDSS16402,0.28845,40.616348,0.116661,41.032401,-0.416053,41.073002,-0.45665417
SDSS2789,0.28872,41.099743,0.124095,41.034702,0.06504073,41.075252,0.02449131
SDSS21006,0.29021,41.013195,0.116557,41.047366,-0.034171248,41.087631,-0.074435918
SDSS19596,0.29135,41.068969,0.12122,41.057014,0.01195444,41.097062,-0.028093323
03D3ba,0.291718,41.007599,0.093479,41.060122,-0.052523012,41.100099,-0.092500933
SDSS19818,0.29192,40.988963,0.124168,41.061825,-0.072862946,41.101765,-0.11280257
SDSS6249,0.29287,41.066629,0.119196,41.069824,-0.0031950806,41.109584,-0.042954921
SDSS19027,0.2935,40.742297,0.120303,41.075116,-0.33281898,41.114757,-0.37245991
SDSS19604,0.29448,41.328777,0.140875,41.083326,0.24545111,41.122782,0.20599464
SDSS19794,0.29542,41.060628,0.134209,41.091177,-0.030548866,41.130457,-0.069828967
SDSS13610,0.29678,40.989071,0.117785,41.102495,-0.11342379,41.141521,-0.1524497
SDSS15057,0.29762,40.980684,0.131068,41.109461,-0.12877702,41.148331,-0.16764652
SDSS6137,0.29888,41.340708,0.124118,41.119877,0.22083122,41.158512,0.18219551
SDSS14735,0.30001,40.892737,0.119386,41.129183,-0.23644546,41.16761,-0.27487234
SDSS5391,0.30021,41.135079,0.128841,41.130826,0.0042526648,41.169217,-0.034137345
SDSS20245,0.30041,40.743364,0.125866,41.132469,-0.38910474,41.170822,-0.42745789
06D4dh,0.30159,41.31708,0.086081,41.14214,0.17493978,41.180277,0.13680355
SDSS7143,0.3024,41.2527,0.118973,41.148759,0.10394155,41.186747,0.065953712
SDSS12883,0.30569,40.793215,0.1459,41.175473,-0.38225833,41.212862,-0.41964758
SDSS15213,0.30632,41.290316,0.127264,41.180558,0.10975849,41.217833,0.0724831
SDSS19632,0.30702,41.291531,0.126631,41.186196,0.10533499,41.223346,0.068185826
SDSS6699,0.30915,41.434406,0.122358,41.20328,0.23112506,41.240047,0.19435813
SDSS5844,0.30929,41.371822,0.120483,41.2044,0.16742262,41.241141,0.13068071
SDSS16211,0.30933,41.142184,0.137464,41.204719,-0.062534887,41.241454,-0.099269645
SDSS21042,0.31065,41.149718,0.124489,41.215246,-0.065528204,41.251745,-0.10202762
SDSS15383,0.31088,41.295414,0.12279,41.217076,0.07833816,41.253534,0.041879637
SDSS6649,0.31288,41.26929,0.118305,41.232936,0.036354251,41.26904,0.00024999833
SDSS20142,0.31468,40.992182,0.118861,41.247129,-0.25494707,41.282917,-0.29073456
SDSS15776,0.31646,41.280872,0.121555,41.261091,0.019781593,41.296567,-0.015694569
SDSS18617,0.32038,41.340257,0.12816,41.291582,0.048674397,41.326379,0.01387713
SDSS7475,0.32045,41.458813,0.117246,41.292124,0.16668955,41.326909,0.13190432
05D2ab,0.324532,41.395653,0.086121,41.323502,0.072151119,41.35759,0.038062931
SDSS6924,0.3264,41.298415,0.11903,41.337739,-0.039324431,41.371512,-0.073096932
SDSS13830,0.32837,41.167032,0.134054,41.352672,-0.18564045,41.386114,-0.21908225
SDSS14456,0.32837,41.208462,0.124052,41.352672,-0.14421043,41.386114,-0.17765223
SDSS13934,0.32838,41.702025,0.136536,41.352748,0.34927744,41.386188,0.31583731
SDSS4241,0.33051,41.471577,0.12568,41.368799,0.10277786,41.401884,0.069692715
03D1fc,0.330932,41.306956,0.086437,41.371968,-0.065012155,41.404983,-0.098027281
SDSS4679,0.33103,41.24344,0.136212,41.372703,-0.12926349,41.405702,-0.16226237
SDSS20106,0.33136,41.562937,0.135299,41.375178,0.18775864,41.408122,0.15481442
SDSS16093,0.33436,41.503389,0.132618,41.39757,0.1058186,41.43002,0.073368393
04D3kr,0.337534,41.496434,0.086047,41.421058,0.075376144,41.452992,0.043442935
SDSS2533,0.3388,41.557603,0.129777,41.43037,0.12723289,41.462098,0.095504274
04D3nh,0.34052,41.534687,0.0859,41.442968,0.091718889,41.474421,0.060266774
03D1bp,0.345928,41.662223,0.087263,41.482199,0.18002376,41.512793,0.14943004
05D2ie,0.349557,41.747986,0.086821,41.508205,0.23978071,41.538232,0.20975374
04D2mc,0.34956,41.29619,0.089792,41.508227,-0.21203701,41.538253,-0.24206351
05D2hc,0.35156,41.7744,0.086351,41.522452,0.25194815,41.552169,0.22223085
SDSS19067,0.35346,41.352015,0.125157,41.535896,-0.18388154,41.565322,-0.21330717
05D2mp,0.355261,41.823388,0.088265,41.548578,0.27481006,41.577729,0.24565905
03D3bl,0.35582,41.599703,0.087008,41.552502,0.047200882,41.581568,0.018134753
04D3fk,0.358336,41.516078,0.086303,41.570093,-0.054015153,41.59878,-0.082701398
04D2fs,0.35857,41.550569,0.086485,41.571724,-0.021154605,41.600375,-0.049805696
SDSS4577,0.36193,41.635021,0.13291,41.595023,0.03999783,41.623172,0.011848217
SDSS15704,0.36397,41.88393,0.127982,41.609071,0.27485981,41.636919,0.24701166
SDSS13136,0.36441,42.006672,0.131873,41.612091,0.3945813,41.639874,0.36679788
SDSS16232,0.36554,41.761412,0.137024,41.619832,0.14157989,41.64745,0.11396222
04D1hd,0.367904,41.852504,0.086082,41.635955,0.21654885,41.663228,0.18927571
SDSS14397,0.36941,42.027675,0.131466,41.646176,0.38149865,41.673231,0.35444344
SDSS18091,0.37013,41.708319,0.138604,41.651049,0.057270438,41.678,0.030318979
05D4bm,0.370511,41.752199,0.086476,41.653624,0.098575301,41.68052,0.071678633
05D3jr,0.370531,41.652391,0.086626,41.653759,-0.0013681386,41.680652,-0.028261932
04D2cf,0.370586,41.685773,0.095747,41.65413,0.031642374,41.681016,0.0047564835
03D3ay,0.371443,41.821628,0.091326,41.659912,0.16171637,41.686675,0.13495341
05D4fo,0.371508,41.799502,0.086225,41.66035,0.13915235,41.687104,0.1123987
05D4cw,0.373513,41.728807,0.086768,41.673826,0.054980601,41.700294,0.028512951
SDSS15756,0.37835,42.362885,0.135103,41.706062,0.65682359,41.731848,0.63103716
SDSS7779,0.37986,41.724823,0.118539,41.716046,0.0087763254,41.741623,-0.016799963
SDSS11206,0.38026,41.92599,0.138121,41.718685,0.20730495,41.744206,0.18178413
SDSS15456,0.38047,41.391847,0.12548,41.720069,-0.32822203,41.745561,-0.35371376
SDSS18721,0.39135,41.834601,0.148848,41.79083,0.043770828,41.814846,0.019754821
05D4ff,0.400485,41.800259,0.087548,41.848838,-0.048579042,41.871662,-0.071402639
SDSS19757,0.40128,41.640447,0.134806,41.853828,-0.21338066,41.87655,-0.23610246
06D3ed,0.404549,42.062807,0.086483,41.874249,0.18855803,41.896555,0.16625148
05D4dt,0.405478,42.110665,0.086962,41.880024,0.23064159,41.902213,0.20845208
06D4cq,0.40947,42.03372,0.086547,41.9047,0.12901976,41.926392,0.10732836
04D2fp,0.416632,42.054728,0.087194,41.948414,0.10631392,41.969231,0.085496674
05D2dw,0.418633,41.970356,0.087692,41.960501,0.0098547084,41.981079,-0.010722736
05D3cf,0.419569,42.176704,0.087595,41.966137,0.21056714,41.986603,0.19010121
04D4gg,0.422452,41.941732,0.08807,41.983422,-0.041690059,42.003547,-0.061815149
05D2cb,0.428646,42.331146,0.089103,42.020187,0.31095934,42.039593,0.29155321
04D1rh,0.434861,42.149286,0.087188,42.05658,0.092705193,42.075283,0.074002393
06D4co,0.435446,41.914081,0.086944,42.059981,-0.14589937,42.078618,-0.16453689
06D3df,0.442548,42.20644,0.08709,42.100925,0.10551424,42.118783,0.087656687
06D2gb,0.443668,42.109787,0.091594,42.107326,0.0024612959,42.125063,-0.015275356
03D3aw,0.449562,42.347024,0.091912,42.140763,0.20626142,42.157872,0.18915168
04D3gt,0.451556,41.918692,0.087828,42.151981,-0.23328933,42.168883,-0.2501905
04D2gb,0.451681,41.893792,0.088233,42.152683,-0.25889157,42.169571,-0.27577973
03D3cd,0.461274,42.269134,0.095948,42.206001,0.063132472,42.221911,0.047222589
05D3lc,0.461564,42.313544,0.087413,42.207597,0.10594735,42.223478,0.090066408
03D4au,0.466414,42.762836,0.09035,42.234143,0.52869309,42.249545,0.51329083
04D4jr,0.468406,42.343723,0.087451,42.244971,0.098752082,42.260179,0.083543485
04D4ju,0.470398,42.645934,0.088446,42.255755,0.39017899,42.270772,0.37516236
05D3mx,0.470573,42.332299,0.088704,42.256701,0.075598125,42.271701,0.060598274
04D3df,0.470586,42.214609,0.087988,42.256771,-0.042162252,42.27177,-0.057160856
05D2bv,0.475707,42.336723,0.087947,42.28429,0.052432404,42.298804,0.037919136
05D3dd,0.480568,42.310218,0.088055,42.310156,6.2533777e-05,42.324219,-0.014000269
05D2ac,0.480704,42.295925,0.087736,42.310876,-0.014951104,42.324926,-0.029001446
05D1ix,0.4888,42.456845,0.08839,42.353403,0.10344225,42.366725,0.090119892
03D1ax,0.494795,42.467119,0.08811,42.384468,0.082651181,42.397269,0.069850567
05D4af,0.497379,42.503219,0.088758,42.397749,0.10547018,42.410329,0.09288997
06D2bk,0.500728,42.625951,0.089131,42.414865,0.21108642,42.427164,0.19878787
03D1au,0.503084,42.518239,0.088031,42.426842,0.091397441,42.438945,0.079294359
05D4av,0.507371,42.462488,0.089015,42.448499,0.013988478,42.460252,0.0022354381
05D2dy,0.511746,42.744054,0.088554,42.470425,0.27362989,42.481828,0.26222664
04D1pg,0.513793,42.691363,0.090087,42.480622,0.21074094,42.491865,0.1994988
04D4in,0.514353,42.612349,0.088897,42.483406,0.12894355,42.494604,0.1177452
04D2mj,0.514746,42.809579,0.090306,42.485357,0.32422178,42.496525,0.31305409
05D3ci,0.515587,42.70065,0.106833,42.489528,0.21112118,42.500631,0.20001889
06D3el,0.519611,42.720224,0.088502,42.509399,0.2108255,42.520192,0.20003242
04D2gc,0.522762,42.731549,0.089115,42.524857,0.20669155,42.535412,0.19613628
06D2ca,0.532765,42.641076,0.08987,42.573354,0.06772199,42.583179,0.057896826
06D2cc,0.533766,42.42434,0.09473,42.57816,-0.15381989,42.587914,-0.16357404
05D4ek,0.534335,42.415314,0.090128,42.580887,-0.16557316,42.590601,-0.17528712
05D4be,0.535327,42.74951,0.08873,42.585637,0.16387311,42.595281,0.15422894
05D2eb,0.535771,42.587186,0.091256,42.58776,-0.00057395327,42.597373,-0.010186996
04D4bq,0.548325,42.413991,0.09145,42.647107,-0.23311577,42.65587,-0.24187862
06D4bo,0.550315,42.759037,0.089299,42.656396,0.10264079,42.66503,0.094007482
04D3hn,0.552605,42.479884,0.089654,42.667047,-0.18716207,42.675532,-0.19564804
06D2ck,0.553797,42.811558,0.091857,42.672574,0.13898382,42.680984,0.1305738
05D1ee,0.557743,42.737495,0.090291,42.690791,0.046704415,42.698953,0.038542263
05D1kl,0.558743,43.128545,0.092898,42.695388,0.43315681,42.703488,0.4250566
04D1hx,0.558746,42.693684,0.089573,42.695402,-0.0017179333,42.703502,-0.0098179537
05D1cc,0.562751,42.813991,0.090329,42.713736,0.10025524,42.721591,0.092399812
05D1dn,0.564741,42.823122,0.089709,42.722799,0.10032292,42.730535,0.092586959
05D2dt,0.575823,42.872458,0.091807,42.772727,0.099731844,42.779822,0.092636372
06D3et,0.576612,42.799922,0.090075,42.776246,0.023675501,42.783298,0.016624042
03D4gf,0.578292,42.807454,0.090072,42.783726,0.023728602,42.790684,0.016770164
05D1dx,0.578745,42.810439,0.089343,42.785739,0.024700484,42.792672,0.017766968
05D3jq,0.5796,42.797521,0.08931,42.789535,0.0079860576,42.796421,0.0010993906
05D3gp,0.580604,42.943721,0.09835,42.793985,0.14973648,42.800817,0.14290452
03D1aw,0.580724,43.088081,0.090132,42.794516,0.29356467,42.801342,0.28673922
04D1jg,0.582932,42.934684,0.09012,42.804276,0.13040752,42.810983,0.12370111
05D4ej,0.58329,43.123741,0.090793,42.805855,0.31788623,42.812542,0.31119897
04D1sa,0.583743,43.008154,0.091595,42.807852,0.2003023,42.814515,0.19363921
04D1kj,0.583743,42.860907,0.089495,42.807852,0.053054642,42.814515,0.046391547
05D1hm,0.585743,43.082844,0.092677,42.816651,0.2661939,42.823208,0.2596367
05D4bf,0.587285,42.943391,0.091452,42.823415,0.11997594,42.829891,0.11349949
04D1oh,0.588721,42.900723,0.091211,42.829699,0.071024068,42.836101,0.064622114
03D4gg,0.59028,42.835173,0.092935,42.836504,-0.0013318976,42.842826,-0.0076537371
04D2mh,0.591835,42.837698,0.090444,42.843276,-0.0055779742,42.849518,-0.011820692
05D3lr,0.600603,42.842236,0.094433,42.881142,-0.038906122,42.886953,-0.044717298
05D4ef,0.603272,43.116099,0.092267,42.892565,0.2235346,42.898249,0.21784992
03D4dy,0.608261,43.009642,0.090819,42.913787,0.095854883,42.919241,0.090400611
05D2he,0.60986,43.048769,0.091831,42.920554,0.12821528,42.925936,0.12283321
04D3do,0.610643,43.111763,0.090588,42.923861,0.18790144,42.929208,0.18255443
03D1dt,0.610712,42.716945,0.092877,42.924153,-0.20720707,42.929496,-0.21255099
04D4an,0.611252,43.201955,0.095195,42.926431,0.27552415,42.931751,0.27020428
05D1ck,0.615698,43.019718,0.092238,42.945117,0.074601023,42.950242,0.069475817
04D3co,0.620632,43.076127,0.093091,42.965704,0.11042315,42.97062,0.10550687
04D2an,0.621874,42.974793,0.092366,42.970862,0.0039315623,42.975727,-0.00093329614
03D4dh,0.625233,42.977855,0.091453,42.984761,-0.0069061514,42.98949,-0.011634273
04D4fx,0.627239,43.051558,0.092195,42.993028,0.058529415,42.997677,0.053881335
05D1cb,0.630699,42.961949,0.091576,43.007228,-0.045279223,43.011741,-0.049792073
05D2ci,0.631882,42.532295,0.097524,43.012067,-0.47977115,43.016534,-0.48423859
03D4at,0.632234,43.225022,0.093125,43.013504,0.21151759,43.017958,0.20706359
04D1pu,0.637701,42.755686,0.100758,43.035739,-0.28005274,43.039989,-0.28430277
05D4ag,0.638234,42.957682,0.097915,43.037897,-0.080214651,43.042127,-0.084445263
05D2ec,0.641893,43.269082,0.093291,43.052665,0.21641762,43.056764,0.21231807
05D3ax,0.643642,43.193279,0.098759,43.059695,0.13358362,43.063734,0.12954534
04D3cy,0.643646,43.143119,0.094148,43.059711,0.083407821,43.06375,0.079369686
05D3lb,0.647639,43.140557,0.09193,43.075694,0.064862451,43.079596,0.060960907
05D3kt,0.64864,43.03661,0.092708,43.079686,-0.043076561,43.083554,-0.046944578
04D1sk,0.662058,43.174229,0.093186,43.132635,0.041594059,43.13608,0.038148139
05D3hs,0.664638,43.433737,0.094448,43.142697,0.29103939,43.146068,0.28766888
05D3mh,0.670654,43.276258,0.095777,43.166017,0.11024055,43.169219,0.10703879
03D1co,0.677662,43.586828,0.098356,43.192931,0.39389691,43.195948,0.39087936
05D2bt,0.681942,43.342325,0.094158,43.209237,0.13308784,43.212148,0.13017633
06D3cc,0.683659,43.452756,0.115261,43.215751,0.2370059,43.218621,0.23413557
04D4ic,0.685179,43.331213,0.0983,43.221504,0.10970875,43.224338,0.10687424
05D1ke,0.688656,43.269693,0.092298,43.234619,0.035074176,43.237374,0.032319292
06D3em,0.690652,43.108129,0.095502,43.242119,-0.13398984,43.244829,-0.13670043
03D4cz,0.693165,43.3232,0.100242,43.251532,0.071668743,43.254188,0.069012448
04D4ib,0.697164,43.452946,0.093324,43.266443,0.18650217,43.269017,0.18392893
06D4ba,0.698167,43.428885,0.101565,43.270171,0.15871412,43.272724,0.15616107
05D4bj,0.699166,43.245392,0.094894,43.273878,-0.028485419,43.276411,-0.031018615
05D4cq,0.699169,43.507746,0.094016,43.273889,0.23385676,43.276422,0.23132362
05D2ck,0.69996,43.368489,0.097048,43.276821,0.091668667,43.279338,0.089151071
04D1si,0.700631,43.212814,0.094362,43.279305,-0.066490587,43.28181,-0.068995125
04D4hu,0.701158,43.557341,0.094504,43.281255,0.27608615,43.283749,0.27359179
04D2iu,0.701965,43.13382,0.100028,43.284237,-0.15041741,43.286716,-0.15289632
05D2le,0.701969,43.370141,0.095463,43.284252,0.085888998,43.286731,0.083410159
05D3gv,0.715652,43.378809,0.096706,43.33433,0.044478406,43.336572,0.042236671
05D3jh,0.71868,43.364753,0.094949,43.345288,0.019464963,43.347483,0.017269456
04D1aj,0.719626,43.35756,0.095665,43.348702,0.0088576849,43.350884,0.0066761637
05D4ev,0.72014,43.466283,0.098164,43.350555,0.11572802,43.352729,0.113554
06D3gh,0.72068,43.466467,0.098773,43.352501,0.11396622,43.354667,0.11180002
06D3do,0.726679,43.506687,0.094974,43.374021,0.13266574,43.376105,0.13058168
06D3bz,0.727675,43.466346,0.099419,43.377578,0.08876847,43.379649,0.086697212
06D4bw,0.730128,43.261738,0.096543,43.386316,-0.12457832,43.388357,-0.12661905
04D1pp,0.733609,43.4594,0.094433,43.398669,0.060730574,43.400669,0.058730714
04D2gp,0.733996,43.759451,0.1029,43.400039,0.35941172,43.402034,0.35741623
05D2fq,0.734996,43.652232,0.095665,43.403575,0.24865697,43.40556,0.2466726
05D1eo,0.735608,43.555448,0.096764,43.405737,0.14971126,43.407715,0.14773359
05D2ct,0.736007,43.422327,0.104933,43.407146,0.015181451,43.409119,0.013208091
05D3jk,0.73669,43.509013,0.093659,43.409555,0.09945822,43.411521,0.097492161
04D2ja,0.742008,44.069947,0.103483,43.428242,0.64170477,43.430155,0.63979186
04D3fq,0.742697,43.462284,0.097111,43.430654,0.031630139,43.432561,0.029723631
05D3jb,0.745665,43.546632,0.094967,43.441018,0.10561377,43.442898,0.10373361
04D2kr,0.746118,43.342278,0.095641,43.442596,-0.10031831,43.444473,-0.10219462
04D4im,0.7491,43.159259,0.096075,43.452963,-0.29370396,43.454815,-0.29555613
04D3ks,0.750681,43.289826,0.099406,43.458443,-0.16861711,43.460283,-0.1704573
04D3oe,0.756687,43.978003,0.095935,43.47916,0.4988437,43.48096,0.49704389
05D2nt,0.75903,43.659557,0.09556,43.487198,0.17235819,43.488985,0.17057196
06D3gx,0.760691,43.684445,0.101218,43.492883,0.19156271,43.49466,0.18978536
05D3mn,0.760698,43.443254,0.094664,43.492907,-0.049652259,43.494684,-0.051429573
05D4cn,0.761089,43.581369,0.09585,43.494243,0.087126137,43.496018,0.085350824
05D1if,0.76158,43.541373,0.096723,43.49592,0.045452922,43.497693,0.043680075
04D1qd,0.765588,43.532152,0.09633,43.509572,0.022580264,43.511326,0.020825565
04D1de,0.76659,43.927025,0.096641,43.512974,0.41405112,43.514724,0.41230041
05D3hh,0.766684,43.677363,0.103932,43.513293,0.1640699,43.515043,0.16231955
04D4id,0.767075,44.131678,0.101187,43.514619,0.6170596,43.516368,0.61531074
04D1pc,0.768587,43.5354,0.097274,43.519741,0.015658877,43.521485,0.01391546
05D4bi,0.773081,43.930271,0.098805,43.534909,0.39536279,43.536639,0.39363263
04D1jd,0.776594,43.408996,0.098366,43.546706,-0.13770998,43.548429,-0.13943279
05D4cs,0.78806,43.810039,0.096033,43.584854,0.22518548,43.586571,0.22346847
03D4fd,0.789054,43.763946,0.099608,43.588135,0.17581092,43.589853,0.17409312
04D1ks,0.796552,43.234542,0.098413,43.612761,-0.37821892,43.614492,-0.37994925
03D1fq,0.798566,43.835978,0.101777,43.619338,0.21664056,43.621073,0.21490491
05D3dh,0.800697,43.146173,0.098997,43.626279,-0.48010553,43.628021,-0.48184771
05D3ha,0.805695,43.391627,0.106396,43.642487,-0.25086079,43.644248,-0.25262185
05D3cx,0.805696,43.79671,0.09721,43.642491,0.15421968,43.644252,0.15245861
05D4gw,0.806041,43.654389,0.105158,43.643606,0.010782972,43.645368,0.0090204154
05D4dy,0.808048,44.242281,0.101592,43.650085,0.59219668,43.651856,0.590425
04D4dm,0.809032,43.649176,0.101626,43.653255,-0.0040790917,43.655032,-0.0058555394
04D3ny,0.81072,43.569519,0.105587,43.658686,-0.089166448,43.660471,-0.090951516
04D3mk,0.813696,44.015091,0.099177,43.668233,0.34685768,43.670034,0.34505605
04D3nc,0.817732,43.996186,0.101608,43.681127,0.31505987,43.682953,0.31323301
06D2ce,0.822103,43.785247,0.104677,43.695021,0.090226075,43.696879,0.08836833
04D3lu,0.822697,43.981531,0.100111,43.696903,0.28462775,43.698766,0.28276552
05D1cl,0.828528,44.190985,0.100853,43.715314,0.47567084,43.717224,0.47376105
05D4fg,0.837004,44.018206,0.100539,43.741853,0.27635291,43.743843,0.27436256
04D2al,0.838126,43.734229,0.113632,43.745346,-0.011116962,43.747348,-0.013118988
Elvis,0.839734,43.711872,0.112754,43.750345,-0.038472724,43.752364,-0.04049188
05D4hn,0.840005,43.446447,0.103903,43.751186,-0.30473947,43.753208,-0.30676156
05D1az,0.840522,43.855269,0.101288,43.752791,0.10247859,43.754819,0.10045086
06D2ga,0.842123,43.94378,0.112024,43.757754,0.18602572,43.759799,0.18398024
06D4ce,0.847985,44.080784,0.110575,43.775848,0.30493584,43.777962,0.30282133
04D1hy,0.848509,43.924633,0.10052,43.777459,0.14717346,43.77958,0.14505247
05D3kp,0.850729,44.067234,0.098855,43.784275,0.28295847,43.786424,0.28080951
05D4dw,0.852994,43.804525,0.101921,43.791212,0.013312762,43.793391,0.011134345
05D1er,0.858507,43.747093,0.106173,43.808021,-0.06092813,43.810275,-0.063182067
04D1ff,0.858513,43.501937,0.101579,43.808039,-0.30610207,43.810293,-0.30835609
05D1iz,0.858516,44.31285,0.11645,43.808048,0.50480188,43.810303,0.50254781
04D4ii,0.863978,43.906142,0.1039,43.824598,0.081543987,43.826932,0.079209803
05D1em,0.864497,44.048877,0.102986,43.826165,0.22271189,43.828508,0.22036982
03D1ew,0.866494,43.902509,0.106037,43.832187,0.070321873,43.83456,0.067949029
05D2nn,0.872152,44.231164,0.119167,43.849175,0.38198905,43.851639,0.37952527
04D4bk,0.877971,44.221949,0.103099,43.866535,0.35541454,43.869098,0.35285153
05D3cq,0.890729,44.06375,0.103551,43.904204,0.15954526,43.907005,0.15674479
05D2by,0.893183,44.147398,0.106138,43.911389,0.23600877,43.914239,0.23315954
03D4di,0.896944,44.097911,0.109618,43.922364,0.17554672,43.92529,0.17262086
05D3ht,0.901736,44.313219,0.111342,43.936282,0.37693709,43.939309,0.37391028
04D3gx,0.910752,44.343432,0.112202,43.962272,0.38115914,43.965499,0.37793249
04D1ow,0.913473,44.136085,0.104751,43.970067,0.16601814,43.973356,0.16272867
05D2bw,0.92221,44.065799,0.117626,43.994941,0.07085813,43.99844,0.067359186
05D2ay,0.922221,43.82013,0.117413,43.994972,-0.174842,43.998471,-0.17834122
03D4cy,0.924917,44.305059,0.125384,44.002601,0.30245803,44.006167,0.29889181
05D2ob,0.92622,44.095907,0.111056,44.00628,0.089626863,44.009879,0.086027868
04D4jy,0.927909,44.425781,0.121275,44.011042,0.41473953,44.014684,0.41109766
04D4ih,0.931901,44.405891,0.111047,44.022262,0.38362888,44.026007,0.37988399
06D2cd,0.932229,44.039882,0.130385,44.023182,0.016699678,44.026936,0.012946217
04D4hf,0.9339,44.112115,0.126556,44.027863,0.084252197,44.031661,0.080454823
Vilas,0.935774,43.868539,0.119916,44.033103,-0.16456379,44.03695,-0.1684109
05D3la,0.936755,44.086896,0.108686,44.035842,0.051053591,44.039715,0.04718023
03D4cx,0.94689,43.571182,0.115036,44.063975,-0.49279303,44.068128,-0.49694578
04D1pd,0.948455,43.874948,0.112213,44.068293,-0.19334487,44.07249,-0.1975421
04D3ml,0.950763,44.48579,0.112327,44.074647,0.41114234,44.078911,0.4068789
04D4jw,0.958871,44.594812,0.125337,44.096852,0.49795973,44.101354,0.49345764
05D3km,0.96074,44.564697,0.112338,44.101945,0.46275243,44.106503,0.45819402
04D3nr,0.960751,43.831189,0.116274,44.101975,-0.27078549,44.106533,-0.27534424
Patuxent,0.970782,44.981973,0.118744,44.129139,0.85283369,44.134009,0.84796438
Ombo,0.97423,44.440738,0.118033,44.138413,0.30232515,44.143392,0.2973459
05D2my,0.98328,44.24164,0.114718,44.162601,0.079039528,44.167876,0.073764119
04D1rx,0.983407,44.45169,0.114131,44.162938,0.28875164,44.168218,0.283472
04D3lp,0.983777,44.059273,0.14188,44.163923,-0.10464932,44.169214,-0.10994131
04D1iv,0.99639,44.502238,0.112483,44.197253,0.30498509,44.202976,0.29926149
06D4cl,0.997826,44.262545,0.115855,44.201021,0.061523784,44.206795,0.055749736
04D3dd,1.002795,44.48442,0.13731,44.214019,0.27040134,44.21997,0.2644507
Eagle,1.020807,44.629845,0.118836,44.260608,0.36923762,44.267224,0.36262095
04D4dw,1.0288,44.481966,0.1248,44.281022,0.20094344,44.287947,0.19401851
06D3en,1.060801,44.364937,0.132013,44.361211,0.0037251484,44.369445,-0.0045087864
Gabi,1.12085,44.767999,0.121686,44.50541,0.26258838,44.516399,0.25159906
Lancaster,1.230892,45.06621,0.128558,44.750736,0.31547386,44.767641,0.29856901
Torngasek,1.265901,45.01046,0.128614,44.824201,0.18625918,44.843187,0.16727282
Aphrodite,1.299106,45.053559,0.128055,44.892021,0.16153778,44.913058,0.14050022
