ell,Dl_obs,Dl_te_obs,Dl_ee_obs,Dl_lcdm_tt,residual_lcdm_tt,Dl_lcdm_te,residual_lcdm_te,Dl_lcdm_ee,residual_lcdm_ee,Dl_CPCfRGravityCosmology,residual_CPCfRGravityCosmology,Dl_CPCfRGravityCosmology_tt,residual_CPCfRGravityCosmology_tt,Dl_CPCfRGravityCosmology_te,residual_CPCfRGravityCosmology_te,Dl_CPCfRGravityCosmology_ee,residual_CPCfRGravityCosmology_ee
32,1097.01,1.51224,0.0643557,1120.57,-23.5589,1.89273,-0.38049,0.0269977,0.037358,,,,,,,,
37,1180.26,3.11711,0.0649424,1214.36,-34.0972,1.82053,1.29657,0.0443773,0.0205651,,,,,,,,
42,1426.97,0.820244,0.0699042,1314.54,112.43,1.49626,-0.676013,0.0679457,0.00195852,,,,,,,,
47,1364.66,1.07013,0.141281,1419.55,-54.8916,0.888861,0.181267,0.0984112,0.0428693,,,,,,,,
52,1329.06,1.08312,0.146964,1529.96,-200.899,-0.0617907,1.14491,0.136192,0.0107722,,,,,,,,
57,1607.2,-3.82399,0.193005,1645.39,-38.1912,-1.33301,-2.49099,0.181512,0.0114927,,,,,,,,
62,1663.41,-4.29778,0.296409,1766.92,-103.507,-2.96519,-1.33259,0.23425,0.0621582,,,,,,,,
67,1838.4,-2.04066,0.331388,1894.22,-55.8126,-4.93725,2.89659,0.294012,0.0373763,,,,,,,,
72,1974.24,-8.54866,0.356963,2027.2,-52.956,-7.23481,-1.31386,0.360188,-0.00322431,,,,,,,,
77,1765.67,-7.23417,0.448396,2167.35,-401.684,-9.85205,2.61788,0.431882,0.016514,,,,,,,,
82,2168.04,-9.89267,0.522364,2314,-145.966,-12.7425,2.84984,0.50781,0.0145539,,,,,,,,
87,2330.99,-12.7208,0.489592,2467.25,-136.255,-15.8638,3.143,0.586593,-0.0970016,,,,,,,,
92,2446.65,-19.2047,0.789127,2625.95,-179.298,-19.1628,-0.0418505,0.666701,0.122425,,,,,,,,
97,2484.46,-19.0476,0.57472,2790.35,-305.89,-22.5889,3.54129,0.74639,-0.17167,,,,,,,,
104,2951.15,-28.1287,0.830793,3030.21,-79.0515,-27.4919,-0.636763,0.853806,-0.0230123,,,,,,,,
113,3221.96,-31.7919,0.924375,3352.72,-130.761,-33.7102,1.9183,0.977593,-0.0532181,,,,,,,,
122,3382.73,-35.701,1.11192,3686.49,-303.761,-39.4454,3.74444,1.07615,0.0357645,,,,,,,,
131,3592.1,-41.5613,1.10666,4025.73,-433.629,-44.2802,2.71892,1.14113,-0.0344773,,,,,,,,
140,4229.84,-43.6625,1.09668,4364,-134.163,-47.82,4.15747,1.16698,-0.0702991,,,,,,,,
149,4251.39,-45.0365,1.00578,4694.78,-443.393,-49.7169,4.68038,1.15193,-0.14615,,,,,,,,
158,4778.71,-49.241,1.07943,5009.64,-230.935,-49.6695,0.428574,1.09859,-0.0191604,,,,,,,,
167,4844.8,-45.9645,0.855441,5301.9,-457.102,-47.4609,1.49641,1.01426,-0.15882,,,,,,,,
176,5120.63,-43.3901,0.96559,5563.86,-443.233,-42.9575,-0.432621,0.911053,0.0545365,,,,,,,,
185,5373.97,-30.3906,0.835251,5788.87,-414.894,-36.1248,5.73418,0.805668,0.0295827,,,,,,,,
194,5542.7,-18.1436,0.793541,5971.06,-428.363,-27.0287,8.88513,0.718612,0.0749288,,,,,,,,
203,5446.22,-7.21464,0.694054,6105.65,-659.432,-15.8358,8.6212,0.673335,0.0207195,,,,,,,,
212,5636.34,2.53847,0.877642,6188.02,-551.679,-2.81118,5.34965,0.695532,0.18211,,,,,,,,
221,5816.48,17.9047,0.874199,6217,-400.519,11.6804,6.22424,0.811945,0.0622541,,,,,,,,
230,5684.66,26.6053,1.23818,6191.72,-507.064,27.2052,-0.599887,1.04807,0.190111,,,,,,,,
239,5776.16,46.2991,1.78071,6112.67,-336.519,43.2775,3.02155,1.42639,0.354322,,,,,,,,
248,5435.47,50.6637,2.10983,5981.73,-546.264,59.375,-8.71123,1.96491,0.144926,,,,,,,,
257,5228,71.5358,3.13386,5802.14,-574.144,74.9582,-3.42243,2.67579,0.458077,,,,,,,,
266,5090.29,86.4306,3.86066,5578.46,-488.165,89.4727,-3.04211,3.56537,0.295286,,,,,,,,
275,5096.49,106.963,5.31265,5317.29,-220.803,102.399,4.56338,4.63286,0.679789,,,,,,,,
284,4546.18,102.707,5.82483,5025.28,-479.097,113.26,-10.553,5.86869,-0.0438634,,,,,,,,
293,4371.25,117.073,8.21385,4710.08,-338.83,121.65,-4.57744,7.25464,0.959215,,,,,,,,
302,3935.72,117.089,9.31107,4379.25,-443.533,127.235,-10.1455,8.76325,0.54782,,,,,,,,
311,3649.99,119.046,10.9594,4040.87,-390.884,129.794,-10.7475,10.3604,0.599,,,,,,,,
320,3411.94,112.762,12.6384,3703.18,-291.237,129.203,-16.4406,12.0053,0.633116,,,,,,,,
329,3173.93,117.149,15.1816,3373.99,-200.061,125.443,-8.29373,13.6516,1.52993,,,,,,,,
338,2842.13,105.901,16.0657,3060.53,-218.402,118.604,-12.7035,15.2497,0.81595,,,,,,,,
347,2498.24,86.2064,16.2208,2769.24,-271.008,108.896,-22.6893,16.7497,-0.528884,,,,,,,,
356,2358.31,79.8487,18.6902,2505.25,-146.941,96.5901,-16.7414,18.1005,0.589693,,,,,,,,
365,2186.33,61.0311,18.5056,2273.36,-87.0295,82.1204,-21.0893,19.2577,-0.752074,,,,,,,,
374,2038.68,46.4875,21.0827,2076.77,-38.0933,65.9627,-19.4752,20.1759,0.906772,,,,,,,,
383,1891.76,31.557,21.4257,1917.57,-25.817,48.6613,-17.1043,20.8205,0.605206,,,,,,,,
392,1787.59,19.7448,22.3593,1796.74,-9.14784,30.7734,-11.0286,21.1652,1.19409,,,,,,,,
401,1734.58,-0.544681,21.1747,1713.88,20.6956,12.8815,-13.4261,21.1997,-0.0249665,,,,,,,,
410,1738.05,-21.8916,21.0336,1667.78,70.2773,-4.44502,-17.4465,20.9202,0.113385,,,,,,,,
419,1731.61,-35.0666,19.2941,1655.53,76.0738,-20.6353,-14.4313,20.3366,-1.0425,,,,,,,,
428,1770.01,-48.4463,19.1288,1673.77,96.2424,-35.1729,-13.2734,19.4679,-0.339135,,,,,,,,
437,1770.68,-61.9365,19.3346,1718.13,52.549,-47.6284,-14.3081,18.3497,0.984876,,,,,,,,
446,1856.79,-62.1436,17.3252,1784.12,72.6705,-57.6515,-4.4921,17.0261,0.299114,,,,,,,,
455,2045.9,-74.4981,15.4382,1866.56,179.339,-64.9909,-9.50717,15.5506,-0.112369,,,,,,,,
464,2224.7,-80.0589,14.5813,1960.05,264.646,-69.4831,-10.5758,13.9847,0.596661,,,,,,,,
473,2178.24,-75.3658,11.5893,2059.34,118.898,-71.0999,-4.26596,12.3993,-0.81003,,,,,,,,
482,2323.36,-71.9894,11.4556,2158.98,164.382,-69.8947,-2.09474,10.8655,0.59007,,,,,,,,
491,2418.7,-71.1199,10.3049,2254.23,164.469,-66.035,-5.08484,9.45441,0.850507,,,,,,,,
500,2447.25,-59.624,8.30294,2340.86,106.39,-59.784,0.159974,8.23242,0.0705246,,,,,,,,
509,2577.77,-47.175,8.22746,2415.06,162.715,-51.4934,4.31833,7.26162,0.965845,,,,,,,,
518,2558.51,-42.4169,7.35097,2474.25,84.2687,-41.6224,-0.794528,6.60044,0.750532,,,,,,,,
527,2579.22,-23.0411,6.50428,2516.03,63.1898,-30.6721,7.63096,6.29594,0.208346,,,,,,,,
536,2523.98,-18.6287,6.71246,2539.11,-15.1345,-19.1669,0.538217,6.38128,0.331177,,,,,,,,
545,2519.15,-1.43395,8.58876,2543.12,-23.9734,-7.65481,6.22086,6.87506,1.7137,,,,,,,,
554,2566.59,3.55431,8.51755,2528.37,38.2148,3.34437,0.209943,7.78014,0.737407,,,,,,,,
563,2545.99,11.5793,10.6431,2496.16,49.8369,13.3117,-1.73237,9.08431,1.55881,,,,,,,,
572,2409.8,18.6254,11.8913,2448.35,-38.5472,21.7492,-3.12383,10.7621,1.12922,,,,,,,,
581,2410.13,26.5374,15.4975,2387.32,22.8018,28.2473,-1.70989,12.7726,2.72488,,,,,,,,
590,2373.46,26.8724,15.2827,2316.27,57.1852,32.4788,-5.60641,15.0618,0.220823,,,,,,,,
599,2206.46,28.2947,18.225,2238.37,-31.9042,34.1981,-5.90342,17.5645,0.66051,,,,,,,,
608,2119.7,32.2515,22.1034,2156.81,-37.1065,33.2663,-1.01479,20.2055,1.89789,,,,,,,,
617,2135.45,23.9273,25.8934,2075.14,60.3106,29.6431,-5.71583,22.9004,2.99294,,,,,,,,
626,1951.2,10.8452,25.9867,1997.03,-45.8361,23.4015,-12.5563,25.5645,0.4222,,,,,,,,
635,1938.19,7.54114,30.1719,1925.78,12.4039,14.7042,-7.16304,28.1116,2.0603,,,,,,,,
644,1859.9,-5.033,32.9222,1864.26,-4.35846,3.80224,-8.83523,30.4588,2.46331,,,,,,,,
653,1847.08,-15.3753,32.8238,1814.82,32.2691,-8.96691,-6.40842,32.5287,0.295105,,,,,,,,
662,1848.18,-29.9359,34.7378,1779.39,68.7891,-23.1802,-6.75572,34.2577,0.480077,,,,,,,,
671,1814.96,-56.9826,36.3808,1759.38,55.5748,-38.3407,-18.642,35.5867,0.794167,,,,,,,,
680,1760.56,-66.7884,36.6042,1755.56,5.00447,-53.9228,-12.8656,36.4698,0.134359,,,,,,,,
689,1822.41,-80.806,38.1163,1768.02,54.392,-69.3803,-11.4256,36.8736,1.24276,,,,,,,,
698,1884.92,-94.2074,38.9399,1796.33,88.5837,-84.1947,-10.0127,36.793,2.14692,,,,,,,,
707,1891,-99.954,36.5131,1839.39,51.6085,-97.8567,-2.09728,36.2342,0.278888,,,,,,,,
716,1908.77,-113.946,36.4293,1895.39,13.3791,-109.874,-4.0716,35.2207,1.20863,,,,,,,,
725,1994.29,-122.488,33.4393,1962.01,32.283,-119.788,-2.7005,33.787,-0.347691,,,,,,,,
734,2050.06,-127.683,32.2593,2036.93,13.1292,-127.255,-0.427999,31.9904,0.268892,,,,,,,,
743,2184.75,-130.614,27.6853,2117.32,67.4346,-131.984,1.37022,29.895,-2.20972,,,,,,,,
752,2260,-131.217,27.3087,2200,59.9997,-133.783,2.5665,27.5791,-0.27038,,,,,,,,
761,2344.61,-126.704,24.6929,2281.93,62.6739,-132.581,5.87694,25.1265,-0.433585,,,,,,,,
770,2348.38,-117.03,21.1035,2360.15,-11.7682,-128.383,11.3532,22.6316,-1.52813,,,,,,,,
779,2350.93,-109.053,19.3843,2431.17,-80.2383,-121.277,12.2243,20.1885,-0.804223,,,,,,,,
788,2481.01,-104.286,19.3659,2492.7,-11.6915,-111.501,7.21576,17.888,1.47786,,,,,,,,
797,2466.93,-89.1184,17.3212,2541.89,-74.955,-99.2854,10.167,15.8136,1.5076,,,,,,,,
806,2493.81,-77.0153,16.1542,2577.12,-83.3158,-85.0387,8.02333,14.0435,2.11074,,,,,,,,
815,2552.73,-64.7342,14.1638,2596.45,-43.7211,-69.1558,4.42155,12.6459,1.51793,,,,,,,,
824,2521.81,-49.9835,12.1229,2599.24,-77.4329,-52.1665,2.183,11.6769,0.445959,,,,,,,,
833,2495.02,-27.9085,11.6282,2584.56,-89.539,-34.5598,6.65128,11.1791,0.449157,,,,,,,,
842,2505.47,-17.8662,13.3085,2552.55,-47.0769,-16.8766,-0.989593,11.1771,2.13141,,,,,,,,
851,2383.14,3.01617,13.0309,2503.78,-120.637,0.368595,2.64757,11.673,1.35788,,,,,,,,
860,2355.55,13.7369,15.4091,2438.9,-83.3554,16.7028,-2.96587,12.6592,2.74988,,,,,,,,
869,2237.42,27.841,16.3651,2360.09,-122.678,31.6291,-3.7882,14.1028,2.26227,,,,,,,,
878,2168.28,41.3423,17.5279,2268.77,-100.487,44.7382,-3.39589,15.9663,1.56163,,,,,,,,
887,2073.72,49.2007,22.0617,2167.47,-93.7498,55.6644,-6.46378,18.1844,3.87723,,,,,,,,
896,1948.82,55.0267,24.2907,2058.21,-109.388,64.0919,-9.06516,20.6952,3.5955,,,,,,,,
905,1843.37,57.821,23.2827,1943.49,-100.122,69.8841,-12.063,23.4147,-0.131918,,,,,,,,
914,1745.6,67.5475,29.1072,1826.26,-80.66,72.9159,-5.36837,26.2527,2.85448,,,,,,,,
923,1619.45,56.6996,31.4781,1709.26,-89.8035,73.155,-16.4554,29.12,2.3581,,,,,,,,
932,1562.39,54.4174,35.4116,1595.04,-32.6478,70.6827,-16.2652,31.9232,3.48843,,,,,,,,
941,1437.55,50.1516,37.4935,1486.12,-48.5721,65.657,-15.5054,34.5707,2.9228,,,,,,,,
950,1342.39,41.3038,37.058,1384.57,-42.1811,58.2828,-16.979,36.9763,0.0816936,,,,,,,,
959,1285.75,33.7705,39.3482,1292.21,-6.46153,48.8441,-15.0736,39.0646,0.283595,,,,,,,,
968,1232.84,20.9026,40.3395,1210.64,22.1999,37.7201,-16.8175,40.7705,-0.430952,,,,,,,,
977,1129.03,9.81707,40.4442,1141.01,-11.9821,25.3305,-15.5134,42.0405,-1.5963,,,,,,,,
986,1103.57,-0.29649,38.6279,1084.06,19.5143,12.103,-12.3995,42.8369,-4.209,,,,,,,,
995,1087.32,-14.7591,42.2792,1040.16,47.1607,-1.55417,-13.2049,43.1355,-0.856295,,,,,,,,
1004,1024.83,-37.3546,40.1553,1009.36,15.4697,-15.2135,-22.1412,42.924,-2.76868,,,,,,,,
1013,1079.48,-45.221,46.1332,990.994,88.4868,-28.4041,-16.8169,42.2136,3.91963,,,,,,,,
1022,1032.41,-48.6768,42.9829,984.29,48.1164,-40.7713,-7.90549,41.0422,1.94069,,,,,,,,
1031,1040.79,-54.6481,39.2361,988.01,52.781,-51.8906,-2.75749,39.4379,-0.201816,,,,,,,,
1040,1055.91,-59.1628,36.5526,1000.85,55.0515,-61.4993,2.33646,37.463,-0.910438,,,,,,,,
1049,1081.98,-73.5188,35.8932,1021.15,60.8268,-69.3013,-4.21753,35.1756,0.717606,,,,,,,,
1058,1129.81,-82.3317,37.0442,1047.32,82.492,-75.1532,-7.17852,32.641,4.4032,,,,,,,,
1067,1122.39,-80.9655,28.6378,1077.39,44.9992,-78.9432,-2.02228,29.956,-1.31824,,,,,,,,
1076,1153.29,-78.7501,25.1823,1109.46,43.8317,-80.6266,1.87649,27.2003,-2.01797,,,,,,,,
1085,1217.71,-73.3497,20.9454,1141.62,76.0882,-80.2348,6.8851,24.4613,-3.51593,,,,,,,,
1094,1216.98,-76.2582,25.9907,1172.14,44.8408,-77.8509,1.59267,21.8197,4.17105,,,,,,,,
1103,1211.44,-56.3317,16.4541,1199.48,11.9579,-73.6341,17.3024,19.3526,-2.89846,,,,,,,,
1112,1213.36,-55.9813,15.7459,1222.32,-8.95472,-67.8009,11.8195,17.1292,-1.38339,,,,,,,,
1121,1246.29,-48.5737,15.3649,1239.5,6.78778,-60.6329,12.0593,15.2139,0.151023,,,,,,,,
1130,1237.54,-42.9851,15.5914,1250.1,-12.5604,-52.4349,9.44981,13.6583,1.93309,,,,,,,,
1139,1215.83,-47.6841,13.6421,1253.54,-37.7055,-43.5383,-4.14583,12.5018,1.14038,,,,,,,,
1148,1212.52,-23.673,13.5995,1249.42,-36.9008,-34.2684,10.5954,11.7674,1.83213,,,,,,,,
1157,1220.58,-15.6744,14.5019,1237.67,-17.0849,-24.95,9.2756,11.4635,3.03844,,,,,,,,
1166,1159.29,-21.3026,9.18108,1218.63,-59.3424,-15.9217,-5.38086,11.5843,-2.40319,,,,,,,,
1175,1143.31,-13.603,10.5746,1192.89,-49.5829,-7.50509,-6.09786,12.1107,-1.53614,,,,,,,,
1184,1136.56,-5.79308,12.8028,1161.19,-24.6346,0.0145972,-5.80767,13.0115,-0.20869,,,,,,,,
1193,1086.25,-2.23866,12.7564,1124.38,-38.1316,6.39417,-8.63283,14.2439,-1.48747,,,,,,,,
1202,1005.41,0.797025,23.1519,1083.48,-78.0716,11.4429,-10.6459,15.7558,7.39611,,,,,,,,
1211,975.189,6.31648,21.2917,1039.62,-64.4358,15.0229,-8.70644,17.4864,3.80528,,,,,,,,
1220,970.73,11.2854,18.0007,994.17,-23.44,17.0499,-5.76454,19.3666,-1.36592,,,,,,,,
1229,906.514,0.795071,24.1192,948.434,-41.9201,17.4884,-16.6934,21.3234,2.79578,,,,,,,,
1238,895.506,-1.70669,26.9876,903.702,-8.19594,16.3643,-18.071,23.2865,3.70108,,,,,,,,
1247,860.053,6.50815,28.9322,861.099,-1.04526,13.7432,-7.235,25.1854,3.74673,,,,,,,,
1256,805.618,-5.07351,28.2583,821.62,-16.0024,9.7367,-14.8102,26.9544,1.30393,,,,,,,,
1265,777.489,-10.6252,32.123,786.216,-8.72694,4.52484,-15.15,28.5342,3.58881,,,,,,,,
1274,770.016,-6.18903,28.0386,755.668,14.3481,-1.67349,-4.51554,29.8703,-1.83166,,,,,,,,
1283,736.545,-25.4341,25.1459,730.579,5.96581,-8.61758,-16.8165,30.9187,-5.7728,,,,,,,,
1292,758.18,-27.8221,32.7948,711.323,46.8576,-16.0575,-11.7646,31.643,1.15182,,,,,,,,
1301,733.856,-31.3034,32.8301,698.092,35.7641,-23.7379,-7.56549,32.0229,0.807215,,,,,,,,
1310,712.532,-45.6622,32.308,690.846,21.686,-31.403,-14.2591,32.0477,0.260323,,,,,,,,
1319,718.903,-45.3274,37.0351,689.306,29.5963,-38.781,-6.54636,31.7192,5.31588,,,,,,,,
1328,723.408,-52.8192,22.7581,693.029,30.3791,-45.6181,-7.20112,31.0545,-8.29638,,,,,,,,
1337,757.937,-50.5695,32.7284,701.424,56.5124,-51.6884,1.11886,30.0767,2.65166,,,,,,,,
1346,737.666,-57.1386,25.6747,713.796,23.8704,-56.8005,-0.338074,28.8182,-3.14349,,,,,,,,
1355,765.134,-65.5484,22.1336,729.348,35.7865,-60.7986,-4.74983,27.3165,-5.18287,,,,,,,,
1364,776.923,-62.1891,20.8649,747.184,29.7393,-63.5754,1.3863,25.6243,-4.75935,,,,,,,,
1373,777.362,-56.4015,13.9711,766.281,11.0803,-65.056,8.65443,23.7976,-9.82652,,,,,,,,
1382,773.981,-47.5995,19.7096,785.63,-11.649,-65.2101,17.6106,21.8958,-2.18613,,,,,,,,
1391,806.044,-66.4348,18.9034,804.242,1.80178,-64.0417,-2.3931,19.9758,-1.07238,,,,,,,,
1400,830.177,-61.3485,26.3292,821.255,8.92163,-61.6046,0.256157,18.095,8.23421,,,,,,,,
1409,822.186,-54.6345,5.1988,835.856,-13.6703,-57.9838,3.34926,16.3053,-11.1065,,,,,,,,
1418,818.106,-52.4991,20.0139,847.294,-29.1877,-53.3154,0.816357,14.6584,5.35552,,,,,,,,
1427,796.252,-38.2634,20.0412,854.984,-58.7323,-47.7721,9.50861,13.2016,6.83959,,,,,,,,
1436,803.463,-40.2416,13.1922,858.441,-54.9772,-41.5362,1.29459,11.973,1.21922,,,,,,,,
1445,798.655,-37.8014,10.43,857.302,-58.6476,-34.8012,-3.00016,11.0018,-0.571808,,,,,,,,
1454,773.833,-26.0106,2.1953,851.343,-77.5095,-27.7636,1.75292,10.3075,-8.11222,,,,,,,,
1463,762.183,-21.7373,18.35,840.613,-78.4298,-20.6371,-1.10021,9.90031,8.44968,,,,,,,,
1472,749.532,-9.44394,12.4154,825.272,-75.7406,-13.6395,4.19554,9.78063,2.63474,,,,,,,,
1481,738.185,2.7698,16.5295,805.609,-67.4235,-6.97626,9.74606,9.94031,6.58915,,,,,,,,
1490,727.424,-4.9052,14.6158,782.048,-54.624,-0.832073,-4.07313,10.3629,4.25289,,,,,,,,
1499,701.642,-1.96257,-1.3298,755.038,-53.3961,4.63338,-6.59596,11.0243,-12.3541,,,,,,,,
1512,655.678,7.47919,21.9852,711.065,-55.3876,11.0673,-3.58811,12.3365,9.64869,,,,,,,,
1529,588.39,9.37829,16.3364,648.087,-59.6976,16.4655,-7.08721,14.5004,1.836,,,,,,,,
1546,547.01,10.0139,17.2441,583.576,-36.5662,18.1836,-8.16968,16.8903,0.35377,,,,,,,,
1563,503.657,-0.414165,16.8062,522.113,-18.4564,16.3034,-16.7176,19.2004,-2.39426,,,,,,,,
1580,468.039,-1.86885,6.00044,467.815,0.223886,11.3434,-13.2122,21.1411,-15.1407,,,,,,,,
1597,429.111,-9.9112,23.6655,423.876,5.23525,4.11399,-14.0252,22.4793,1.18628,,,,,,,,
1614,407.925,-9.49197,28.6547,392.082,15.8437,-4.45111,-5.04086,23.058,5.59675,,,,,,,,
1631,399.577,-25.3687,25.01,372.731,26.8461,-13.2782,-12.0905,22.8208,2.1892,,,,,,,,
1648,389.097,-22.7408,15.7028,364.899,24.1979,-21.346,-1.39474,21.798,-6.09516,,,,,,,,
1665,391.497,-25.4964,25.7318,366.701,24.7954,-27.83,2.33361,20.098,5.63375,,,,,,,,
1682,385.396,-29.9275,35.6797,375.185,10.2103,-32.1334,2.20597,17.9092,17.7705,,,,,,,,
1699,400.368,-26.1074,19.884,387.074,13.2938,-33.9346,7.82722,15.4628,4.42123,,,,,,,,
1716,393.039,-22.1731,-2.30435,399.209,-6.17066,-33.2027,11.0295,12.9901,-15.2944,,,,,,,,
1733,407.61,-28.2166,10.7442,408.655,-1.04477,-30.2418,2.02526,10.7255,0.0187107,,,,,,,,
1750,377.716,-22.2324,37.1788,413.084,-35.3688,-25.5536,3.32116,8.8643,28.3145,,,,,,,,
1767,379.019,-13.1588,21.6818,411.043,-32.024,-19.7668,6.60802,7.54127,14.1406,,,,,,,,
1784,377.36,-11.8144,-18.8184,402.119,-24.7593,-13.6402,1.82572,6.82449,-25.6429,,,,,,,,
1801,358.796,-8.0874,23.4248,386.683,-27.8869,-7.89521,-0.192197,6.7159,16.7089,,,,,,,,
1818,342.446,-0.976027,18.7414,365.796,-23.3497,-3.13484,2.15882,7.15243,11.589,,,,,,,,
1835,313.006,-4.91613,16.6022,341.335,-28.3287,0.178676,-5.0948,8.00767,8.59449,,,,,,,,
1852,305.378,1.81527,-6.23088,315.396,-10.0176,1.77659,0.0386808,9.12519,-15.3561,,,,,,,,
1869,276.147,-4.78882,36.2976,289.999,-13.8524,1.60327,-6.39209,10.3336,25.964,,,,,,,,
1886,265.911,1.66045,0.555329,267.154,-1.24353,-0.159891,1.82034,11.4573,-10.902,,,,,,,,
1903,249.92,-11.107,-18.6965,248.418,1.50222,-3.18928,-7.91774,12.3457,-31.0423,,,,,,,,
1920,257.96,-8.76494,26.026,234.747,23.2136,-7.04988,-1.71506,12.8864,13.1396,,,,,,,,
1937,245.342,-13.224,20.5827,226.447,18.8955,-11.2018,-2.02213,13.0152,7.56749,,,,,,,,
1954,231.313,-5.86213,-42.7334,223.282,8.0307,-15.1277,9.26555,12.7155,-55.4489,,,,,,,,
1971,229.279,-28.0519,51.929,224.463,4.81553,-18.3784,-9.67352,12.0183,39.9107,,,,,,,,
1988,225.825,-27.8392,5.28485,228.663,-2.83839,-20.5946,-7.24455,11.0051,-5.72023,,,,,,,,
2005,240.086,,,234.417,5.66916,-21.5512,,9.78149,,,,,,,,,
2030,233.983,,,242.503,-8.52036,-20.5695,,7.85386,,,,,,,,,
2063,216.247,,,245.97,-29.7234,-15.6437,,5.67019,,,,,,,,,
2096,204.908,,,236.198,-31.2893,-8.6174,,4.46693,,,,,,,,,
2129,200.092,,,213.284,-13.1915,-2.17826,,4.43799,,,,,,,,,
2162,168.762,,,182.663,-13.9005,1.55155,,5.29399,,,,,,,,,
2195,140.144,,,151.978,-11.834,1.76237,,6.45342,,,,,,,,,
2228,129.223,,,128.15,1.0735,-0.944397,,7.29512,,,,,,,,,
2261,118.304,,,114.633,3.67136,-4.94678,,7.40855,,,,,,,,,
2294,118.51,,,110.788,7.72158,-8.42633,,6.72009,,,,,,,,,
2327,115.407,,,112.74,2.66696,-10.0371,,5.47481,,,,,,,,,
2360,114.999,,,115.341,-0.342143,-9.39508,,4.10265,,,,,,,,,
2393,126.918,,,114.439,12.4788,-7.034,,3.02028,,,,,,,,,
2426,90.007,,,108.19,-18.1834,-4.08255,,2.48471,,,,,,,,,
2459,83.9457,,,97.485,-13.5393,-1.72314,,2.50913,,,,,,,,,
2492,78.7067,,,84.9835,-6.27683,-0.718325,,2.90371,,,,,,,,,
