Name,zcmb,mu_obs,e_mu_obs,mu_model_lcdm,residual_lcdm,mu_model_CPCfRGravityCosmology,residual_CPCfRGravityCosmology
sn1999ac,0.01006,33.076313,0.174566,33.153525,-0.077212043,33.158051,-0.081737508
sn2004s,0.010291,33.121922,0.173593,33.203214,-0.081291397,33.20774,-0.085818138
sn1997do,0.01055,33.243687,0.17309,33.257629,-0.013942295,33.262157,-0.018470426
sn2002dp,0.010888,33.394833,0.169021,33.326679,0.068153559,33.331209,0.063623577
sn2006bh,0.011184,33.418357,0.166533,33.385426,0.032931132,33.389957,0.028399534
sn2005al,0.012317,34.043068,0.16145,33.596884,0.44618445,33.601422,0.44164674
sn2001ep,0.013324,33.655632,0.158624,33.769233,-0.1136017,33.773776,-0.11814484
sn1999dq,0.013533,33.4709,0.158393,33.803384,-0.33248388,33.807928,-0.33702813
sn2002ha,0.013652,33.839835,0.157774,33.822596,0.017238892,33.827141,0.012694008
sn2001bt,0.014151,33.705787,0.157186,33.901392,-0.19560523,33.90594,-0.20015279
sn1997e,0.014256,33.855479,0.1564,33.917622,-0.062142929,33.92217,-0.066691054
sn1992al,0.014411,33.837916,0.156643,33.941366,-0.10344949,33.945915,-0.10799843
sn1999dk,0.01444,33.737233,0.157099,33.94578,-0.20854719,33.95033,-0.21309628
sn2005bo,0.014467,33.887535,0.154784,33.949883,-0.062347744,33.954432,-0.06689698
sn2001fe,0.014575,34.021211,0.155333,33.966215,0.054996087,33.970764,0.050446268
sn2006n,0.0147,34.085762,0.155008,33.984969,0.10079364,33.989519,0.096243147
sn2005kc,0.01496,33.980505,0.153548,34.023479,-0.042974016,34.028031,-0.047525878
sn2005el,0.015154,34.106559,0.153758,34.051783,0.054775413,34.056336,0.050222509
sn2004eo,0.015469,33.821144,0.153515,34.096989,-0.2758455,34.101544,-0.28040007
sn2001en,0.015482,33.99586,0.154168,34.098835,-0.10297469,34.10339,-0.10752933
sn2001cn,0.015487,33.856674,0.153742,34.099545,-0.24287011,34.104099,-0.24742478
sn2001bf,0.015504,33.940834,0.153374,34.101955,-0.16112143,34.10651,-0.16567619
sn2001cz,0.015554,33.994274,0.153417,34.109031,-0.11475677,34.113586,-0.11931179
sn1999aa,0.015573,34.202002,0.153276,34.111714,0.090288271,34.116269,0.085733145
sn1994s,0.015664,34.062095,0.154751,34.124519,-0.062424327,34.129075,-0.066979932
sn2004ey,0.015678,34.159785,0.151905,34.126483,0.03330194,34.131039,0.028746261
sn2001v,0.015791,33.855547,0.152742,34.142269,-0.28672231,34.146825,-0.29127857
sn2006td,0.015999,34.303185,0.153171,34.171034,0.13215161,34.175591,0.12759423
sn1996bv,0.016966,34.007209,0.153258,34.300093,-0.29288383,34.304655,-0.2974463
sn2006ax,0.017387,34.395547,0.148936,34.354026,0.041521087,34.358591,0.036956401
sn1998v,0.01745,34.146628,0.150702,34.361986,-0.21535757,34.366551,-0.21992258
sn2000dk,0.017483,34.199729,0.150122,34.366144,-0.16641484,34.370709,-0.17098002
sn1998ef,0.017672,33.973923,0.150611,34.38981,-0.41588745,34.394376,-0.42045363
sn2007ci,0.018599,34.476068,0.149282,34.502384,-0.026316148,34.506955,-0.030887168
sn1992bo,0.018902,34.68293,0.149087,34.537984,0.14494674,34.542556,0.14037415
sn2002kf,0.019581,34.742169,0.147459,34.615755,0.12641406,34.620332,0.12183794
sn2006ej,0.02039,34.748902,0.147727,34.705021,0.043881072,34.709601,0.039300768
sn2005ki,0.020396,34.69654,0.145393,34.70567,-0.0091293025,34.71025,-0.013709638
sn1992bc,0.020792,34.611741,0.14683,34.748088,-0.13634664,34.75267,-0.14092902
sn2003w,0.020997,34.619272,0.145587,34.769736,-0.15046362,34.774319,-0.15504704
sn2002jy,0.021541,35.043998,0.145405,34.826187,0.21781023,34.830774,0.21322401
sn2007bc,0.021706,34.823241,0.146331,34.843032,-0.019790397,34.847619,-0.024377463
sn2006bq,0.021956,34.890393,0.145024,34.868317,0.022076096,34.872905,0.017487761
sn2008bf,0.022068,34.948236,0.144685,34.879552,0.068684415,34.884141,0.0640955
sn1995ak,0.022399,34.68654,0.149213,34.912433,-0.22589289,34.917023,-0.23048349
sn2006et,0.022466,34.775523,0.145994,34.91903,-0.14350615,34.92362,-0.14809709
sn2006mp,0.022629,35.162767,0.145184,34.934999,0.22776861,34.939591,0.22317683
sn2006ar,0.02298,35.101878,0.145076,34.969007,0.13287118,34.973601,0.12827762
sn2006cp,0.023321,34.824838,0.144025,35.001561,-0.17672331,35.006156,-0.1813186
sn2000ca,0.02336,34.999952,0.144317,35.005254,-0.0053022409,35.00985,-0.0098977318
sn2006ac,0.023471,35.012156,0.143695,35.015732,-0.0035763145,35.020328,-0.0081723714
sn2000cn,0.023552,34.97956,0.144309,35.023348,-0.043788572,35.027945,-0.048385039
sn2007f,0.02381,35.204577,0.144315,35.047436,0.15714068,35.052034,0.15254291
sn2007qe,0.023867,35.063685,0.14435,35.052723,0.010961857,35.057321,0.0063637961
sn1993h,0.023909,35.098082,0.145547,35.05661,0.041471233,35.061209,0.036872959
sn2006sr,0.024159,35.023661,0.14338,35.079615,-0.05595352,35.084214,-0.060553049
sn2005bg,0.024586,35.073339,0.142334,35.118369,-0.045030622,35.122971,-0.049632303
sn2002he,0.024725,35.193717,0.145176,35.130842,0.062875384,35.135444,0.058272995
sn2002bf,0.024746,34.819134,0.147523,35.13272,-0.31358572,35.137322,-0.31818821
sn1994m,0.024951,34.970533,0.145319,35.150976,-0.18044249,35.155579,-0.18504602
sn1992ag,0.025198,34.99283,0.148276,35.172776,-0.17994571,35.177381,-0.18455047
sn2007cq,0.025468,34.943635,0.143429,35.196369,-0.2527343,35.200975,-0.25734042
sn2005ms,0.026567,35.377692,0.142099,35.289929,0.087762683,35.294541,0.083151071
sn1999gp,0.026677,35.353986,0.142999,35.299084,0.054902039,35.303696,0.050289882
sn2005na,0.026881,35.274075,0.141195,35.315964,-0.04188889,35.320577,-0.046502061
sn2007co,0.027064,35.208077,0.141685,35.331,-0.1229227,35.335614,-0.12753678
sn2004gs,0.027499,35.554208,0.140928,35.366345,0.18786301,35.370961,0.18324677
sn1992p,0.027637,35.512376,0.144083,35.377444,0.1349326,35.382061,0.13031569
sn1998ab,0.027688,34.989967,0.143171,35.381531,-0.39156455,35.386149,-0.39618172
sn2002de,0.027748,35.482228,0.141846,35.386331,0.095897339,35.390948,0.091279869
sn2003u,0.028561,35.339311,0.14269,35.450384,-0.11107308,35.455006,-0.11569456
sn2005eq,0.029086,35.610269,0.141059,35.490804,0.11946476,35.495428,0.11484069
sn2006qo,0.029526,35.436744,0.142005,35.524133,-0.087389642,35.52876,-0.092015862
sn1990o,0.030325,35.497775,0.143169,35.583432,-0.085657817,35.588063,-0.090287936
sn2001ba,0.030381,35.669209,0.142175,35.587531,0.081678387,35.592161,0.077047993
sn2003ch,0.030416,35.690108,0.140939,35.590088,0.10001977,35.594719,0.095389202
sn1997dg,0.030482,35.947597,0.1417,35.594904,0.35269347,35.599535,0.34806258
sn1996c,0.030721,35.590467,0.142617,35.612258,-0.021791154,35.61689,-0.026423199
sn2006bt,0.031484,35.80412,0.140272,35.666786,0.13733365,35.671422,0.1326979
sn2006az,0.031485,35.68697,0.140346,35.666857,0.020112706,35.671493,0.01547695
sn2007bd,0.031638,35.584368,0.14121,35.677636,-0.093267299,35.682272,-0.097903791
sn1999cc,0.031764,35.633256,0.140686,35.686473,-0.053217309,35.69111,-0.057854415
sn2004as,0.032538,35.8802,0.14043,35.740025,0.1401756,35.744665,0.13553477
sn2004l,0.033173,35.745515,0.143111,35.783037,-0.037521144,35.78768,-0.04216503
sn2006s,0.033255,35.96312,0.139885,35.788532,0.17458743,35.793177,0.16994315
sn2006gr,0.033614,35.91306,0.139809,35.812438,0.10062277,35.817084,0.095976776
sn2005iq,0.034074,36.012203,0.138969,35.842707,0.16949637,35.847355,0.16484818
sn2005eu,0.034781,35.901769,0.141596,35.88846,0.013308797,35.893112,0.0086572436
sn1996bl,0.034854,35.742786,0.141007,35.893132,-0.15034646,35.897784,-0.15499836
sn2003iv,0.034971,36.008294,0.140126,35.900601,0.10769282,35.905254,0.10304037
sn1992bg,0.035218,35.883836,0.14465,35.916289,-0.032453114,35.920942,-0.037106739
sn2002hd,0.035755,35.691602,0.142258,35.950028,-0.25842543,35.954684,-0.2630816
SDSS17784,0.03652,36.08076,0.115396,35.997249,0.083511296,36.001908,0.07885153
sn2000cf,0.036934,36.125246,0.140956,36.022403,0.10284355,36.027064,0.098181843
sn2006nz,0.03695,36.067055,0.114021,36.023369,0.043685694,36.028031,0.039023912
sn2006mo,0.036969,36.135765,0.141722,36.024517,0.11124845,36.029178,0.10658658
sn2001eh,0.037075,36.029637,0.139296,36.030907,-0.0012697011,36.035569,-0.0059320712
sn2002hu,0.038086,36.047263,0.138952,36.090977,-0.043714149,36.095644,-0.048381237
sn1999aw,0.039083,36.261874,0.139901,36.148714,0.11316003,36.153386,0.10848832
sn2003fa,0.039219,36.157637,0.138984,36.156478,0.0011582903,36.161151,-0.0035140535
sn2001az,0.040259,36.35703,0.142119,36.215002,0.14202741,36.219679,0.13735027
sn2005lz,0.040689,36.276362,0.139014,36.238771,0.037591222,36.24345,0.032912114
sn1992bh,0.041657,36.527303,0.141016,36.291397,0.23590521,36.296081,0.23122168
sn1992bl,0.0424,36.296029,0.142756,36.330991,-0.034962203,36.335678,-0.039649109
SDSS10805,0.04413,36.27164,0.11486,36.420631,-0.14899104,36.425326,-0.15368575
SDSS14279,0.04428,36.292702,0.113705,36.428242,-0.13553999,36.432937,-0.14023537
sn2005hc,0.04492,36.564561,0.111373,36.460436,0.1041244,36.465134,0.099426162
sn2004gu,0.046856,36.447889,0.137271,36.555185,-0.1072959,36.559892,-0.11200273
sn1995ac,0.048984,36.350468,0.139079,36.655051,-0.30458283,36.659767,-0.30929899
sn1993ag,0.049325,36.589362,0.140167,36.670663,-0.081300504,36.67538,-0.086018142
sn1990af,0.049519,36.643828,0.139446,36.679498,-0.035670227,36.684216,-0.040388706
sn1993o,0.053126,36.846507,0.139575,36.837945,0.0085620707,36.842679,0.0038281268
sn1998dx,0.05386,36.749621,0.140685,36.868912,-0.11929109,36.873649,-0.12402814
sn1999ao,0.054931,37.041519,0.143919,36.913374,0.128145,36.918116,0.12340345
SDSS19968,0.05499,36.903421,0.112893,36.915799,-0.012378092,36.920541,-0.017119893
SDSS6558,0.05634,37.006419,0.112867,36.970611,0.035807408,36.975359,0.031059978
SDSS14318,0.05654,36.864026,0.122398,36.978624,-0.11459741,36.983372,-0.11934567
SDSS17745,0.05874,37.218674,0.114585,37.065003,0.15367092,37.06976,0.1489136
sn2006ob,0.059289,37.049891,0.111086,37.086073,-0.036182483,37.090833,-0.040942037
sn2006oa,0.060959,37.14167,0.11093,37.14903,-0.0073603905,37.153797,-0.012126709
SDSS3901,0.062818,37.129647,0.112357,37.217192,-0.087545361,37.221966,-0.09231912
sn2007ae,0.062961,37.139126,0.140212,37.222355,-0.083228567,37.227129,-0.088002896
sn1992bs,0.063345,37.416847,0.141293,37.236162,0.18068507,37.240938,0.17590922
SDSS10028,0.064229,37.197295,0.112975,37.267646,-0.070350942,37.272426,-0.075130288
sn2006an,0.065193,37.374426,0.139912,37.301509,0.072917103,37.306292,0.068133971
SDSS6057,0.06651,37.294806,0.112612,37.347003,-0.05219745,37.351791,-0.056985715
sn2006al,0.069122,37.617081,0.145157,37.434733,0.18234837,37.439531,0.17755006
sn2006on,0.069751,37.294725,0.111409,37.455385,-0.16066001,37.460186,-0.16546071
sn1993b,0.070153,37.383197,0.146379,37.46849,-0.085293601,37.473293,-0.090095823
SDSS17240,0.07153,37.392019,0.157968,37.512844,-0.12082473,37.517651,-0.12563214
SDSS17880,0.07195,37.342194,0.112772,37.52621,-0.18401526,37.531019,-0.18882424
sn1992ae,0.074579,37.484462,0.141947,37.608217,-0.123755,37.613036,-0.12857372
sn2005ir,0.07487,37.600639,0.110074,37.617124,-0.01648485,37.621943,-0.021304628
SDSS19155,0.07592,37.770136,0.112389,37.64899,0.12114602,37.653813,0.11632242
sn1999bp,0.078317,37.726108,0.138307,37.720187,0.0059205549,37.72502,0.0010883143
SDSS17186,0.07849,38.035737,0.113854,37.725245,0.31049133,37.730078,0.30565847
sn1992bp,0.07884,37.541851,0.138584,37.735446,-0.19359443,37.74028,-0.19842854
SDSS12779,0.07891,37.822083,0.117766,37.737481,0.084602537,37.742315,0.079768184
SDSS12898,0.07997,37.842822,0.112109,37.768086,0.074735664,37.772924,0.069897557
sn2005ag,0.080103,37.667141,0.136253,37.771899,-0.10475807,37.776737,-0.10959665
SDSS12950,0.08133,37.935407,0.111814,37.806793,0.12861406,37.811636,0.12377118
SDSS12781,0.08304,38.065672,0.115125,37.854596,0.21107692,37.859444,0.20622811
SDSS722,0.08522,37.970228,0.128423,37.914198,0.056030353,37.919054,0.051174077
SDSS3592,0.08528,37.928381,0.111932,37.915817,0.012563532,37.920674,0.0077070525
SDSS21502,0.08784,37.989534,0.112907,37.983942,0.0055923162,37.988807,0.00072723697
SDSS1241,0.08889,37.936103,0.11251,38.011339,-0.075236628,38.016208,-0.080105187
SDSS19899,0.09007,38.021375,0.111899,38.041765,-0.020389931,38.046638,-0.025262367
SDSS17258,0.0901,37.828996,0.124187,38.042534,-0.2135375,38.047406,-0.21841003
SDSS774,0.09243,38.160297,0.122156,38.1015,0.058797074,38.10638,0.05391699
SDSS18241,0.09391,38.333255,0.11374,38.138228,0.19502742,38.143112,0.19014262
SDSS2102,0.09401,38.212454,0.112725,38.140689,0.071764355,38.145575,0.066879229
SDSS16185,0.09582,38.280928,0.112716,38.184824,0.096103846,38.189715,0.09121302
SDSS13038,0.10264,38.528458,0.113322,38.344332,0.18412577,38.349243,0.1792142
SDSS10434,0.10289,38.47728,0.114221,38.349987,0.12729351,38.354899,0.1223812
SDSS13135,0.10337,38.400372,0.111598,38.360808,0.039563795,38.365722,0.034650071
SDSS20064,0.10391,38.25769,0.112416,38.372925,-0.11523471,38.37784,-0.12015001
SDSS14816,0.10589,38.259627,0.112285,38.416853,-0.15722629,38.421774,-0.16214735
SDSS18697,0.10602,38.388928,0.111682,38.41971,-0.030782194,38.424631,-0.035703622
SDSS20625,0.10667,38.529439,0.112607,38.433945,0.095493169,38.438869,0.090569878
SDSS18375,0.10725,38.205555,0.111743,38.446579,-0.24102403,38.451504,-0.24594897
SDSS21034,0.10751,38.544067,0.112402,38.452222,0.09184571,38.457147,0.086920026
SDSS7147,0.10924,38.548224,0.112096,38.489442,0.058782239,38.494372,0.05385168
SDSS18650,0.11271,38.715163,0.112009,38.562455,0.15270812,38.567395,0.147768
SDSS11067,0.11304,38.632945,0.112246,38.569288,0.063657316,38.574229,0.058716304
SDSS18612,0.11368,38.434426,0.111953,38.582486,-0.14806026,38.587429,-0.153003
SDSS16641,0.11389,38.794576,0.113093,38.586802,0.20777384,38.591745,0.20283054
SDSS16619,0.11402,38.462485,0.11346,38.58947,-0.12698439,38.594413,-0.13192804
SDSS5395,0.11635,38.729957,0.111949,38.636807,0.0931494,38.641757,0.088199566
SDSS8719,0.11651,38.672468,0.113022,38.640025,0.032442689,38.644975,0.027492435
SDSS2561,0.11741,38.700061,0.112518,38.658049,0.042012327,38.663001,0.037059723
SDSS19953,0.11767,38.741727,0.111671,38.663232,0.078495884,38.668185,0.073542605
SDSS16259,0.11771,38.640093,0.113079,38.664028,-0.02393535,38.668981,-0.028888733
SDSS1371,0.11771,38.527971,0.11196,38.664028,-0.13605643,38.668981,-0.14100981
SDSS14871,0.11845,38.812895,0.111824,38.678715,0.13417999,38.683671,0.1292247
SDSS18298,0.11863,38.416553,0.127194,38.682275,-0.26572184,38.687231,-0.2706776
SDSS13894,0.11966,38.95985,0.113363,38.702547,0.25730284,38.707505,0.25234444
SDSS13044,0.11967,38.837411,0.112171,38.702743,0.13466834,38.707701,0.12970992
SDSS5549,0.11967,38.717946,0.111976,38.702743,0.015203475,38.707701,0.010245055
SDSS12860,0.12044,38.780122,0.113463,38.71779,0.062332628,38.72275,0.057372253
SDSS19543,0.12164,38.946145,0.112462,38.741061,0.20508453,38.746024,0.20012113
SDSS18835,0.12262,38.707357,0.11183,38.759906,-0.05254939,38.764872,-0.057515221
SDSS16021,0.12276,38.737216,0.112478,38.762587,-0.025370165,38.767553,-0.030336343
SDSS21669,0.12281,38.662602,0.129766,38.763543,-0.10094112,38.76851,-0.10590742
SDSS2916,0.12303,38.721556,0.119632,38.767748,-0.04619237,38.772715,-0.051159215
SDSS6406,0.12376,38.686488,0.111795,38.781651,-0.095163307,38.78662,-0.10013195
SDSS20470,0.1244,38.959303,0.113068,38.793777,0.16552541,38.798747,0.1605552
06D2fb,0.125298,38.812432,0.085713,38.810693,0.0017392109,38.815666,-0.0032331706
SDSS13005,0.12593,38.931494,0.157613,38.822531,0.10896297,38.827505,0.10398907
SDSS2992,0.12608,38.626104,0.113495,38.825332,-0.19922817,38.830306,-0.20420243
SDSS744,0.12649,38.834716,0.118731,38.832973,0.0017430112,38.837948,-0.0032322316
SDSS18855,0.12715,38.872201,0.111895,38.845225,0.026976189,38.850201,0.021999375
SDSS16069,0.12739,38.792596,0.113191,38.849665,-0.057069361,38.854643,-0.062046742
SDSS18809,0.12837,38.870821,0.112485,38.867716,0.0031053303,38.872696,-0.0018743585
SDSS22075,0.12893,38.840284,0.113756,38.877973,-0.037688956,38.882954,-0.042669954
SDSS1032,0.12903,38.873791,0.115931,38.8798,-0.0060093043,38.884781,-0.010990534
SDSS5751,0.12953,38.807645,0.112137,38.888917,-0.081271728,38.893899,-0.086254119
SDSS20084,0.12961,39.141727,0.113865,38.890372,0.25135459,38.895355,0.24637201
SDSS18415,0.12961,38.956012,0.113841,38.890372,0.065640214,38.895355,0.060657638
SDSS17280,0.13045,39.199031,0.147057,38.905605,0.29342585,38.910589,0.28844133
SDSS14108,0.13243,39.234972,0.112393,38.941151,0.29382121,38.94614,0.2888322
SDSS18602,0.13362,39.077669,0.113865,38.962276,0.11539286,38.967268,0.11040119
SDSS15508,0.13392,38.966034,0.111798,38.967574,-0.0015402859,38.972567,-0.0065326217
SDSS15234,0.13508,39.242322,0.113196,38.987956,0.25436577,38.992951,0.24937088
SDSS17629,0.13588,38.873391,0.113673,39.001917,-0.1285263,39.006914,-0.13352293
SDSS19775,0.13668,38.995995,0.113428,39.015802,-0.019807129,39.020801,-0.024805491
SDSS17366,0.13811,38.981395,0.112284,39.040434,-0.059038302,39.045435,-0.064039718
SDSS15171,0.13818,39.048423,0.11186,39.041633,0.0067899018,39.046635,0.0017883379
SDSS17208,0.13864,39.36218,0.119461,39.049502,0.31267703,39.054505,0.30767449
SDSS12928,0.13868,39.066861,0.116765,39.050186,0.016675104,39.055188,0.011672484
SDSS1794,0.14139,39.200636,0.113002,39.096045,0.104591,39.101053,0.099582759
SDSS14437,0.14265,39.13653,0.112226,39.117088,0.019442046,39.122099,0.014431242
SDSS2635,0.1431,39.139085,0.112072,39.124562,0.01452335,39.129573,0.0095116415
SDSS13796,0.1436,39.058163,0.111766,39.13284,-0.074676788,39.137853,-0.079689498
SDSS17497,0.14382,39.107025,0.111949,39.136474,-0.029448946,39.141487,-0.034462094
SDSS8921,0.14401,39.137892,0.114616,39.139608,-0.0017165224,39.144622,-0.006730048
SDSS16073,0.14468,39.430541,0.112388,39.15063,0.27991153,39.155645,0.27489668
SDSS14024,0.14478,39.128046,0.114439,39.152271,-0.024225089,39.157286,-0.029240137
SDSS17605,0.14533,39.165471,0.119235,39.161277,0.0041933088,39.166293,-0.00082281909
SDSS11300,0.14547,38.873755,0.113737,39.163565,-0.28980952,39.168581,-0.29482592
SDSS21062,0.14564,39.482628,0.114307,39.16634,0.31628789,39.171356,0.31127116
SDSS19940,0.14582,39.01236,0.112189,39.169275,-0.15691431,39.174292,-0.16193139
SDSS12930,0.14607,39.310932,0.117074,39.173345,0.13758691,39.178363,0.13256934
SDSS2308,0.148,39.305036,0.111944,39.204554,0.10048184,39.209575,0.095460562
SDSS21510,0.14839,39.153355,0.11378,39.210814,-0.057458653,39.215836,-0.062480664
SDSS16116,0.1486,39.394763,0.112448,39.214179,0.18058436,39.219201,0.17556195
SDSS13736,0.14901,39.262975,0.112283,39.220735,0.042240133,39.225758,0.037216955
SDSS16206,0.15065,39.118932,0.113842,39.246794,-0.12786133,39.25182,-0.13288755
SDSS2031,0.15186,39.204258,0.112035,39.265851,-0.061593543,39.27088,-0.066621973
SDSS15132,0.15295,39.375366,0.111718,39.282898,0.092468264,39.287929,0.087437872
SDSS19353,0.15322,39.272281,0.113617,39.287104,-0.014822094,39.292134,-0.019852969
SDSS18323,0.15363,39.448143,0.115274,39.293476,0.15466661,39.298508,0.149635
SDSS17253,0.15463,39.371679,0.1715,39.308953,0.062726623,39.313986,0.057693258
SDSS5550,0.15473,39.335028,0.111655,39.310495,0.024532607,39.315529,0.019499067
SDSS18030,0.15506,39.511723,0.118308,39.315579,0.19614377,39.320613,0.19110965
SDSS18740,0.15575,39.142044,0.111931,39.326177,-0.18413333,39.331212,-0.18916864
SDSS16165,0.15596,39.343842,0.112725,39.329394,0.014448425,39.334429,0.0094127506
SDSS13354,0.15653,39.221901,0.113012,39.338104,-0.11620366,39.343141,-0.12124031
SDSS17171,0.15895,39.372873,0.145393,39.374762,-0.001889149,39.379803,-0.0069298753
SDSS15425,0.15935,39.113679,0.111983,39.380772,-0.26709291,39.385813,-0.2721343
SDSS17825,0.15999,39.420751,0.113136,39.390357,0.030393491,39.3954,0.025351053
SDSS3317,0.15999,39.263229,0.113095,39.390357,-0.1271287,39.3954,-0.13217114
SDSS2689,0.16035,39.250122,0.114045,39.395734,-0.14561116,39.400777,-0.15065418
SDSS5103,0.1605,39.327255,0.113217,39.39797,-0.070715227,39.403014,-0.075758496
SDSS13411,0.1618,39.568869,0.120879,39.417276,0.15159341,39.422321,0.14654805
SDSS20430,0.16284,39.558532,0.114429,39.432616,0.12591606,39.437663,0.12086906
SDSS19174,0.16357,39.286594,0.114386,39.44333,-0.15673644,39.448378,-0.1617846
SDSS20764,0.16387,39.453797,0.113522,39.44772,0.0060768873,39.452769,0.0010282692
SDSS3087,0.1644,39.365084,0.11306,39.455458,-0.090373751,39.460507,-0.095423188
SDSS19616,0.16455,39.387664,0.113442,39.457644,-0.069980192,39.462693,-0.07502986
SDSS12843,0.16565,39.202247,0.118455,39.473616,-0.27136902,39.478668,-0.27642036
SDSS12853,0.16817,39.333731,0.116716,39.50984,-0.17610956,39.514895,-0.18116465
SDSS15897,0.16869,39.544445,0.116161,39.517253,0.027192307,39.522308,0.02213646
05D3ne,0.169455,39.580732,0.088415,39.528119,0.052612895,39.533176,0.047555946
SDSS12856,0.17028,39.584277,0.112043,39.539786,0.044491147,39.544844,0.039433023
SDSS12855,0.17063,39.435724,0.114853,39.54472,-0.10899585,39.549779,-0.11405447
SDSS17220,0.17066,39.397723,0.115012,39.545143,-0.14741939,39.550201,-0.15247805
SDSS17389,0.1707,39.808694,0.115438,39.545706,0.26298807,39.550765,0.25792935
SDSS15453,0.17373,39.836681,0.114314,39.588018,0.24866329,39.593081,0.24360041
SDSS3080,0.17374,39.463768,0.112831,39.588156,-0.12438836,39.593219,-0.12945125
SDSS15648,0.17383,39.525192,0.122163,39.589403,-0.064210363,39.594466,-0.069273378
SDSS14421,0.17386,39.700435,0.112491,39.589818,0.11061751,39.594881,0.10555446
SDSS12927,0.17415,39.359493,0.118918,39.593829,-0.2343357,39.598892,-0.23939914
SDSS19969,0.1742,39.514497,0.113041,39.59452,-0.080022426,39.599583,-0.085085936
SDSS19282,0.17558,39.635173,0.113152,39.613517,0.021656034,39.618583,0.016590705
SDSS18807,0.17625,39.745679,0.113139,39.622691,0.12298846,39.627757,0.11792227
SDSS14979,0.17653,39.625476,0.11256,39.626515,-0.0010392082,39.631582,-0.0061057667
SDSS18604,0.17656,39.813561,0.113509,39.626925,0.18663691,39.631991,0.18157032
SDSS15365,0.17656,39.786039,0.113446,39.626925,0.15911463,39.631991,0.15404803
SDSS17274,0.17658,40.146933,0.1635,39.627197,0.51973584,39.632264,0.51466922
SDSS15583,0.17706,39.666107,0.113873,39.633738,0.032368028,39.638806,0.027300792
SDSS17218,0.17757,39.634082,0.114576,39.64067,-0.0065882571,39.645738,-0.01165614
SDSS14451,0.17789,39.574974,0.112906,39.645011,-0.070036654,39.650079,-0.07510494
SDSS5635,0.1781,40.052473,0.117139,39.647855,0.40461865,39.652923,0.3995501
SDSS15461,0.17865,39.697223,0.113319,39.655289,0.041933206,39.660359,0.036863971
SDSS2372,0.17962,39.562818,0.113572,39.66835,-0.10553144,39.67342,-0.11060187
SDSS6936,0.17969,39.686965,0.113497,39.66929,0.017675157,39.67436,0.012604644
SDSS13254,0.17981,39.981137,0.120493,39.6709,0.31023677,39.675971,0.30516611
SDSS14284,0.18037,39.447761,0.112763,39.678404,-0.23064263,39.683475,-0.23571397
SDSS13045,0.18055,39.543292,0.118342,39.680811,-0.13751879,39.685882,-0.14259035
SDSS20048,0.18056,39.793426,0.117002,39.680944,0.11248196,39.686016,0.1074104
SDSS17215,0.18079,39.621278,0.117616,39.684017,-0.06273873,39.689089,-0.067810572
SDSS15443,0.18122,39.590054,0.112167,39.689751,-0.099696821,39.694824,-0.10476918
SDSS17332,0.18204,39.584028,0.115898,39.700652,-0.1166234,39.705725,-0.12169672
SDSS6422,0.18255,39.764285,0.112208,39.707409,0.056876082,39.712482,0.051802166
SDSS16281,0.18255,39.62761,0.114391,39.707409,-0.079798909,39.712482,-0.084872825
SDSS17168,0.18257,39.842601,0.115147,39.707673,0.1349278,39.712747,0.12985386
SDSS14984,0.1828,39.834222,0.115225,39.710714,0.1235079,39.715789,0.1184337
SDSS1580,0.18322,39.566101,0.114206,39.716259,-0.15015783,39.721333,-0.15523252
SDSS8213,0.18327,39.569065,0.117564,39.716918,-0.14785274,39.721993,-0.15292749
SDSS15421,0.18435,39.851818,0.112927,39.731118,0.12070041,39.736194,0.11562444
05D2ah,0.185371,39.794575,0.085522,39.744471,0.050103694,39.749548,0.045026586
SDSS19101,0.18563,39.658661,0.11449,39.747848,-0.089186103,39.752925,-0.094263496
SDSS5994,0.18581,39.82584,0.114889,39.750192,0.075647939,39.755269,0.070570349
SDSS21861,0.18655,39.624409,0.121972,39.759807,-0.13539734,39.764885,-0.14047574
SDSS18749,0.18667,39.720546,0.114334,39.761362,-0.040816148,39.766441,-0.045894671
SDSS20687,0.18772,39.620767,0.118492,39.774937,-0.15416972,39.780017,-0.15924936
SDSS6304,0.18965,39.711922,0.113593,39.799707,-0.087784839,39.804788,-0.09286648
SDSS762,0.1901,39.961754,0.114249,39.805449,0.15630558,39.810531,0.15122349
SDSS18804,0.19084,39.750769,0.112617,39.814863,-0.064093993,39.819946,-0.069176829
SDSS16276,0.19176,39.870269,0.114367,39.826522,0.043747833,39.831605,0.038664092
SDSS18787,0.19191,40.161918,0.114568,39.828418,0.33350004,39.833501,0.32841615
SDSS16618,0.19198,39.705824,0.114573,39.829302,-0.12347819,39.834386,-0.12856214
SDSS2440,0.19215,40.019265,0.114217,39.831448,0.18781728,39.836532,0.18273316
SDSS16100,0.19392,39.899804,0.117691,39.853692,0.046112664,39.858777,0.041026866
SDSS2246,0.19422,39.859825,0.11684,39.857443,0.0023820773,39.862529,-0.002703999
SDSS20575,0.19465,39.588541,0.114454,39.862811,-0.27426976,39.867898,-0.27935623
SDSS19149,0.19494,39.551078,0.11376,39.866425,-0.31534716,39.871512,-0.3204339
SDSS16099,0.1958,39.968351,0.113084,39.877114,0.091236937,39.882201,0.086149424
SDSS15674,0.19654,40.006128,0.117701,39.886276,0.1198523,39.891364,0.11476413
SDSS18768,0.19671,40.079696,0.118689,39.888376,0.19131944,39.893465,0.18623112
SDSS15129,0.19699,39.844063,0.114008,39.891832,-0.047768964,39.896921,-0.052857526
SDSS13070,0.19709,39.980877,0.116183,39.893065,0.087811808,39.898154,0.082723159
SDSS15901,0.19794,39.955027,0.114551,39.903524,0.051503436,39.908613,0.046414056
SDSS15222,0.19801,39.775762,0.115064,39.904383,-0.12862098,39.909473,-0.13371042
SDSS19658,0.19863,40.022234,0.116081,39.911983,0.110251,39.917073,0.10516103
SDSS17811,0.19867,39.987938,0.114249,39.912473,0.07546528,39.917563,0.070375284
SDSS16737,0.1988,39.742162,0.124264,39.914063,-0.17190063,39.919153,-0.17699074
SDSS13305,0.19959,40.002195,0.115206,39.923708,0.078487694,39.928798,0.073396936
SDSS6780,0.20061,39.850487,0.120729,39.936108,-0.085621719,39.9412,-0.090713302
SDSS15872,0.20203,39.91546,0.117009,39.953275,-0.037815071,39.958368,-0.042907769
SDSS7243,0.20231,39.997872,0.117808,39.956647,0.041224334,39.96174,0.036131421
SDSS16032,0.20318,40.030084,0.114994,39.967097,0.062986303,39.972191,0.057892731
SDSS14212,0.20399,40.015354,0.114245,39.976789,0.038564098,39.981884,0.033469926
SDSS18965,0.20466,40.025888,0.115117,39.98478,0.041108498,39.989874,0.036013839
SDSS17801,0.20515,40.189933,0.131465,39.990608,0.19932448,39.995703,0.19422947
SDSS20581,0.20554,39.977925,0.114345,39.995238,-0.017313304,40.000333,-0.022408589
SDSS19913,0.20557,40.064992,0.114899,39.995594,0.069398179,40.000689,0.064302873
SDSS13152,0.2056,39.725076,0.113718,39.99595,-0.27087333,40.001045,-0.27596866
SDSS15201,0.20704,40.382853,0.117479,40.01297,0.36988294,40.018066,0.36478663
SDSS13641,0.20852,40.053077,0.114386,40.03035,0.022727168,40.035447,0.017629874
SDSS15467,0.2091,39.965702,0.115699,40.03713,-0.071427721,40.042227,-0.076525386
SDSS13425,0.20953,39.97229,0.131221,40.042145,-0.069855384,40.047243,-0.07495332
SDSS16473,0.2096,40.098031,0.115465,40.042961,0.055070333,40.048059,0.049972353
04D1dc,0.210032,39.940759,0.085765,40.047989,-0.10722962,40.053087,-0.11232786
SDSS19425,0.21025,40.06196,0.128931,40.050522,0.011437475,40.055621,0.0063390926
SDSS15259,0.21054,39.946447,0.11424,40.053889,-0.10744132,40.058987,-0.11253988
SDSS17875,0.21075,40.325716,0.116152,40.056324,0.26939236,40.061423,0.26429367
SDSS14157,0.21082,39.870705,0.11447,40.057135,-0.18642969,40.062234,-0.19152842
SDSS7847,0.21134,39.893376,0.115658,40.063154,-0.16977742,40.068253,-0.17487645
SDSS6933,0.21163,39.953113,0.114069,40.066504,-0.1133917,40.071604,-0.11849091
SDSS2330,0.21179,40.41951,0.124547,40.068351,0.35115896,40.07345,0.34605966
SDSS18466,0.21226,40.021027,0.115112,40.073769,-0.052741581,40.078868,-0.057841156
SDSS14331,0.2126,40.27207,0.116607,40.077681,0.19438877,40.082781,0.189289
SDSS8495,0.21295,40.048138,0.121443,40.081702,-0.033564468,40.086802,-0.038664435
SDSS18927,0.21323,39.856819,0.117876,40.084915,-0.22809622,40.090015,-0.23319634
SDSS20364,0.21382,40.133128,0.11761,40.091672,0.041456125,40.096772,0.036355676
SDSS7473,0.21457,40.213491,0.114262,40.100236,0.11325479,40.105337,0.10815394
SDSS15203,0.21468,40.01396,0.114437,40.10149,-0.087529845,40.106591,-0.092630755
SDSS14019,0.21513,40.506169,0.120494,40.106613,0.39955599,40.111714,0.39445484
SDSS17435,0.21674,40.224268,0.115124,40.124862,0.099405939,40.129964,0.094303981
SDSS9467,0.21698,40.362519,0.124622,40.127571,0.23494717,40.132674,0.22984509
SDSS19008,0.21757,40.022694,0.11934,40.134221,-0.11152732,40.139323,-0.11662968
SDSS5533,0.21829,40.130614,0.114544,40.142313,-0.011699704,40.147416,-0.016802398
SDSS7512,0.21835,40.22788,0.116348,40.142986,0.084893064,40.148089,0.079790342
SDSS18940,0.21861,40.034787,0.114762,40.145902,-0.11111542,40.151005,-0.11621826
SDSS20144,0.21865,40.151814,0.11463,40.14635,0.0054635364,40.151453,0.00036067721
05D3kx,0.219462,40.124424,0.085341,40.155433,-0.031008945,40.160537,-0.036112166
SDSS19230,0.21955,39.855575,0.119543,40.156416,-0.30084093,40.161519,-0.30594419
SDSS13727,0.21971,40.207089,0.115514,40.158201,0.04888788,40.163305,0.04378455
SDSS15433,0.21976,40.191425,0.114935,40.158759,0.03266594,40.163862,0.027562589
SDSS16793,0.22058,40.047012,0.138465,40.167889,-0.12087693,40.172993,-0.12598063
SDSS15354,0.22068,39.987392,0.119891,40.169,-0.18160812,40.174104,-0.18671186
SDSS15229,0.22256,40.271888,0.11527,40.189807,0.082081186,40.194911,0.076976694
SDSS14846,0.22328,40.220412,0.115872,40.197732,0.022679265,40.202837,0.017574504
SDSS13025,0.22351,40.301727,0.1168,40.200259,0.10146772,40.205364,0.096362877
SDSS19992,0.22452,40.485442,0.122907,40.211327,0.27411464,40.216433,0.26900944
SDSS19341,0.22667,40.166936,0.118938,40.234737,-0.067800905,40.239843,-0.072906807
SDSS13578,0.22668,40.208463,0.115846,40.234845,-0.026381666,40.239951,-0.031487571
SDSS21033,0.22786,40.210809,0.11565,40.247606,-0.036796862,40.252712,-0.041903115
SDSS3452,0.22893,40.265744,0.115979,40.259125,0.0066190205,40.264231,0.0015124748
SDSS13072,0.22916,40.240237,0.122097,40.261594,-0.021357658,40.266701,-0.026464265
SDSS12881,0.2316,40.149821,0.118789,40.287654,-0.13783342,40.292761,-0.1429406
SDSS12971,0.2338,40.293871,0.115605,40.310936,-0.017064756,40.316043,-0.022172374
SDSS17223,0.23381,40.273987,0.118911,40.311041,-0.037053955,40.316149,-0.042161574
SDSS16350,0.23472,40.269667,0.116813,40.320612,-0.050944957,40.32572,-0.056052729
SDSS13511,0.23646,40.587645,0.117789,40.338818,0.24882653,40.343926,0.2437185
SDSS17884,0.23782,40.387909,0.116252,40.352963,0.034946576,40.358071,0.029838394
SDSS15868,0.24102,40.539081,0.116005,40.385954,0.15312741,40.391062,0.14801898
SDSS13506,0.24179,40.39325,0.122422,40.393832,-0.00058237779,40.398941,-0.0056908338
SDSS19023,0.24185,40.444511,0.114848,40.394445,0.050065424,40.399554,0.044956966
SDSS20111,0.24348,40.430191,0.118064,40.411044,0.019147846,40.416152,0.014039358
SDSS20088,0.24352,40.453641,0.113403,40.41145,0.042191638,40.416558,0.03708315
SDSS3377,0.24448,40.242662,0.115275,40.421176,-0.17851464,40.426285,-0.18362313
SDSS19990,0.24495,40.511808,0.119541,40.425926,0.085882227,40.431034,0.08077375
SDSS18486,0.2454,40.297824,0.114389,40.430465,-0.13264114,40.435573,-0.13774961
SDSS17464,0.24555,39.990067,0.116206,40.431976,-0.44190969,40.437085,-0.44701815
SDSS20039,0.24558,40.343133,0.118174,40.432279,-0.089145066,40.437387,-0.094253525
SDSS12977,0.24562,40.361734,0.115338,40.432681,-0.070947842,40.43779,-0.0760563
SDSS15466,0.24568,40.140192,0.120181,40.433286,-0.29309404,40.438394,-0.29820249
SDSS13835,0.24625,40.456468,0.114566,40.439019,0.017449223,40.444127,0.012340789
SDSS16352,0.24647,40.374093,0.115433,40.441228,-0.067134625,40.446336,-0.072243049
05D3mq,0.246492,40.460694,0.086206,40.441449,0.019245178,40.446557,0.014136755
SDSS15301,0.2466,40.097657,0.114128,40.442533,-0.34487515,40.447641,-0.34998357
SDSS15219,0.24695,40.564021,0.114812,40.446042,0.11797881,40.451151,0.11287041
SDSS15161,0.2485,40.380443,0.117491,40.46153,-0.081087412,40.466639,-0.086195703
SDSS3451,0.24851,40.265104,0.116195,40.46163,-0.19652608,40.466738,-0.20163437
SDSS16213,0.24857,40.517738,0.115731,40.462228,0.055510766,40.467336,0.05040248
SDSS17552,0.24862,40.526949,0.11712,40.462726,0.064223303,40.467834,0.059115022
SDSS15504,0.24947,40.594727,0.131353,40.471178,0.1235495,40.476286,0.1184413
SDSS3199,0.24961,40.809913,0.118164,40.472567,0.33734584,40.477675,0.33223765
SDSS16106,0.24973,40.447835,0.120462,40.473758,-0.025923062,40.478866,-0.031031239
SDSS13689,0.25012,40.639639,0.116581,40.477623,0.1620156,40.482731,0.15690746
SDSS5717,0.25037,40.680298,0.115791,40.480098,0.20019955,40.485206,0.19509145
06D3gn,0.250498,40.482986,0.086012,40.481365,0.0016211683,40.486473,-0.0034869229
SDSS13655,0.25104,40.541741,0.119872,40.48672,0.055020809,40.491828,0.049912783
SDSS5736,0.25174,40.452095,0.115824,40.493621,-0.041525634,40.498729,-0.046633566
SDSS15440,0.25205,40.344868,0.11822,40.496672,-0.15180363,40.50178,-0.15691152
SDSS9032,0.25249,40.47259,0.126796,40.500996,-0.028405714,40.506103,-0.033513538
SDSS14481,0.25351,40.821218,0.123692,40.510993,0.31022587,40.5161,0.30511821
SDSS18325,0.25356,40.55491,0.120869,40.511482,0.043428378,40.516589,0.038320726
SDSS9457,0.25539,40.496854,0.130119,40.529323,-0.03246842,40.53443,-0.037575733
SDSS1112,0.25611,40.583198,0.12482,40.53631,0.046888435,40.541417,0.041781271
SDSS17340,0.25617,40.378298,0.119755,40.536891,-0.15859323,40.541998,-0.16370038
SDSS12972,0.25655,40.62415,0.12587,40.540571,0.083579515,40.545678,0.078472447
SDSS19207,0.25721,40.552203,0.121726,40.54695,0.0052532146,40.552057,0.00014629532
SDSS6108,0.258,40.529043,0.117106,40.554566,-0.025522966,40.559673,-0.030629697
SDSS8046,0.25833,40.578072,0.119891,40.557741,0.020331083,40.562848,0.015224434
SDSS2017,0.26014,40.875812,0.122802,40.57509,0.30072289,40.580196,0.29561672
SDSS1253,0.26059,40.501317,0.120435,40.579386,-0.078069032,40.584492,-0.083175072
SDSS14298,0.2607,40.745154,0.117389,40.580435,0.16471966,40.585541,0.15961365
05D1hk,0.261984,40.466483,0.08739,40.592651,-0.12616736,40.597756,-0.13127298
04D3ez,0.263487,40.479682,0.08555,40.606881,-0.12719924,40.611986,-0.13230437
SDSS2422,0.26349,40.870308,0.115945,40.606909,0.26339848,40.612015,0.25829335
SDSS20345,0.26357,40.422532,0.11624,40.607665,-0.18513225,40.61277,-0.19023735
SDSS2943,0.26405,40.585497,0.117962,40.612192,-0.026695681,40.617297,-0.031800624
SDSS13099,0.26451,40.702204,0.119638,40.616524,0.08568019,40.621629,0.080575408
SDSS6315,0.26576,40.564483,0.114629,40.628261,-0.063777633,40.633365,-0.068881959
SDSS18463,0.26665,40.640702,0.120817,40.636587,0.0041153479,40.641691,-0.00098863925
SDSS19002,0.2671,40.604091,0.116111,40.640787,-0.036695943,40.64589,-0.041799754
SDSS19702,0.26821,40.71525,0.121714,40.651119,0.064131063,40.656222,0.059027702
06D3fp,0.268489,40.601963,0.08555,40.65371,-0.051746324,40.658813,-0.056849568
SDSS18945,0.26856,40.816638,0.118128,40.654369,0.16226955,40.659472,0.15716634
03D4cj,0.268624,40.51915,0.086242,40.654962,-0.13581283,40.660066,-0.14091601
SDSS6192,0.27044,40.645286,0.118685,40.671759,-0.026473166,40.676861,-0.031575562
SDSS15287,0.27258,40.638106,0.11421,40.691419,-0.05331348,40.696521,-0.058414874
SDSS15356,0.27447,40.540653,0.118156,40.708666,-0.1680133,40.713767,-0.17311375
SDSS4046,0.27544,40.676202,0.119548,40.717475,-0.041273212,40.722575,-0.046373151
SDSS16072,0.27549,40.672605,0.127184,40.717929,-0.045324284,40.723029,-0.050424196
SDSS12869,0.27653,40.572846,0.126014,40.727341,-0.15449518,40.73244,-0.15959453
SDSS4000,0.27745,40.839397,0.128283,40.73564,0.10375754,40.740739,0.098658704
SDSS17791,0.27749,41.403843,0.136665,40.736,0.66784305,40.741099,0.66274424
SDSS18485,0.27822,40.787053,0.117336,40.742566,0.044486103,40.747665,0.039387705
SDSS5957,0.27852,40.849748,0.118155,40.74526,0.10448746,40.750359,0.09938923
SDSS6196,0.27916,40.440035,0.11948,40.750999,-0.31096333,40.756096,-0.31606118
SDSS14261,0.27952,40.591051,0.121901,40.754221,-0.16316987,40.759319,-0.16826751
SDSS17809,0.28051,40.649922,0.122739,40.763063,-0.11314058,40.76816,-0.11823762
SDSS15584,0.28111,40.673262,0.11753,40.768408,-0.095145877,40.773505,-0.10024254
SDSS20227,0.28243,40.843344,0.11747,40.78013,0.063213903,40.785226,0.05811807
06D3dt,0.28251,40.937694,0.085709,40.780839,0.15685454,40.785935,0.15175876
SDSS20040,0.28351,40.737908,0.118366,40.789684,-0.051776428,40.794779,-0.056871557
03D4ag,0.28361,40.703312,0.086683,40.790567,-0.087254772,40.795662,-0.092349835
SDSS19128,0.28543,41.0361,0.119195,40.806586,0.22951413,40.81168,0.2244203
SDSS2165,0.28662,41.098935,0.11978,40.81701,0.28192482,40.822103,0.27683182
SDSS13757,0.28742,40.98442,0.118845,40.823995,0.16042493,40.829088,0.1553325
SDSS16402,0.28845,40.365663,0.116661,40.832963,-0.46730026,40.838055,-0.47239193
SDSS2789,0.28872,40.849092,0.124095,40.835309,0.013783385,40.8404,0.0086919058
SDSS21006,0.29021,40.763225,0.116557,40.848218,-0.084993244,40.853309,-0.090083603
SDSS19596,0.29135,40.819653,0.12122,40.858055,-0.038401384,40.863144,-0.043490861
03D3ba,0.291718,40.758243,0.093479,40.861222,-0.10297921,40.866311,-0.10806839
SDSS19818,0.29192,40.740149,0.124168,40.86296,-0.12281065,40.868049,-0.12789968
SDSS6249,0.29287,40.817174,0.119196,40.871115,-0.053941499,40.876203,-0.059029771
SDSS19027,0.2935,40.492773,0.120303,40.87651,-0.38373701,40.881598,-0.38882477
SDSS19604,0.29448,41.079777,0.140875,40.884881,0.19489583,40.889968,0.18980887
SDSS19794,0.29542,40.808155,0.134209,40.892887,-0.084731656,40.897973,-0.089817826
SDSS13610,0.29678,40.739246,0.117785,40.904428,-0.16518237,40.909513,-0.17026738
SDSS15057,0.29762,40.728258,0.131068,40.911532,-0.18327433,40.916617,-0.18835861
SDSS6137,0.29888,41.091218,0.124118,40.922155,0.16906352,40.927238,0.16398036
SDSS14735,0.30001,40.642617,0.119386,40.931646,-0.2890288,40.936728,-0.29411094
SDSS5391,0.30021,40.885371,0.128841,40.933322,-0.047951449,40.938404,-0.053033405
SDSS20245,0.30041,40.492716,0.125866,40.934998,-0.44228139,40.94008,-0.44736317
06D4dh,0.30159,41.067761,0.086081,40.944862,0.12289887,40.949943,0.11781819
SDSS7143,0.3024,41.002212,0.118973,40.951613,0.050598588,40.956693,0.045518673
SDSS12883,0.30569,40.541317,0.1459,40.978865,-0.43754814,40.983942,-0.44262486
SDSS15213,0.30632,41.040319,0.127264,40.984053,0.056266017,40.989129,0.051189933
SDSS19632,0.30702,41.04173,0.126631,40.989805,0.051924496,40.994881,0.04684912
SDSS6699,0.30915,41.183872,0.122358,41.007237,0.17663495,41.01231,0.17156177
SDSS5844,0.30929,41.122357,0.120483,41.008378,0.11397882,41.013451,0.10890579
SDSS16211,0.30933,40.890216,0.137464,41.008705,-0.11848876,41.013778,-0.12356174
SDSS21042,0.31065,40.901058,0.124489,41.019446,-0.11838788,41.024518,-0.12345947
SDSS15383,0.31088,41.04566,0.12279,41.021314,0.024346672,41.026385,0.019275328
SDSS6649,0.31288,41.020099,0.118305,41.037498,-0.017399337,41.042568,-0.022468505
SDSS20142,0.31468,40.743123,0.118861,41.051984,-0.30886125,41.057051,-0.31392841
SDSS15776,0.31646,41.028737,0.121555,41.066234,-0.037497386,41.071299,-0.042562518
SDSS18617,0.32038,41.090022,0.12816,41.09736,-0.0073377577,41.102421,-0.01239826
SDSS7475,0.32045,41.20966,0.117246,41.097913,0.11174728,41.102973,0.10668686
05D2ab,0.324532,41.145546,0.086121,41.12995,0.015596009,41.135005,0.010540646
SDSS6924,0.3264,41.049397,0.11903,41.144488,-0.095091249,41.149541,-0.10014422
SDSS13830,0.32837,40.91823,0.134054,41.159738,-0.24150705,41.164788,-0.24655744
SDSS14456,0.32837,40.95845,0.124052,41.159738,-0.20128744,41.164788,-0.20633784
SDSS13934,0.32838,41.451418,0.136536,41.159815,0.29160292,41.164865,0.28655253
SDSS4241,0.33051,41.221878,0.12568,41.176208,0.045669848,41.181256,0.040622305
03D1fc,0.330932,41.057624,0.086437,41.179445,-0.12182093,41.184492,-0.1268679
SDSS4679,0.33103,40.994302,0.136212,41.180196,-0.18589358,41.185243,-0.19094042
SDSS20106,0.33136,41.312067,0.135299,41.182723,0.12934378,41.18777,0.12429739
SDSS16093,0.33436,41.254482,0.132618,41.205596,0.048885489,41.210638,0.043843243
04D3kr,0.337534,41.247685,0.086047,41.229592,0.01809299,41.234629,0.013055261
SDSS2533,0.3388,41.30944,0.129777,41.239105,0.070335246,41.244141,0.065299357
04D3nh,0.34052,41.285303,0.0859,41.251978,0.0333254,41.257011,0.028292044
03D1bp,0.345928,41.411108,0.087263,41.292069,0.11903962,41.297094,0.11401449
05D2ie,0.349557,41.497971,0.086821,41.31865,0.17932109,41.32367,0.17430168
04D2mc,0.34956,41.044308,0.089792,41.318672,-0.27436387,41.323692,-0.27938327
05D2hc,0.35156,41.523688,0.086351,41.333214,0.19047466,41.33823,0.18545849
SDSS19067,0.35346,41.102633,0.125157,41.346958,-0.24432553,41.351971,-0.24933858
05D2mp,0.355261,41.574652,0.088265,41.359924,0.21472764,41.364934,0.20971758
03D3bl,0.35582,41.349554,0.087008,41.363936,-0.014382089,41.368945,-0.019391207
04D3fk,0.358336,41.265612,0.086303,41.381923,-0.11631109,41.386928,-0.12131593
04D2fs,0.35857,41.300602,0.086485,41.38359,-0.082988145,41.388595,-0.087992588
SDSS4577,0.36193,41.385403,0.13291,41.407417,-0.022014139,41.412416,-0.027012741
SDSS15704,0.36397,41.634053,0.127982,41.421785,0.21226802,41.42678,0.20727303
SDSS13136,0.36441,41.757434,0.131873,41.424874,0.33255916,41.429869,0.32756496
SDSS16232,0.36554,41.511378,0.137024,41.432792,0.078585189,41.437785,0.073593018
04D1hd,0.367904,41.603385,0.086082,41.449285,0.15409996,41.454273,0.14911209
SDSS14397,0.36941,41.776703,0.131466,41.459741,0.31696174,41.464726,0.31197664
SDSS18091,0.37013,41.457867,0.138604,41.464726,-0.0068593749,41.46971,-0.011843139
05D4bm,0.370511,41.502519,0.086476,41.46736,0.035158341,41.472343,0.030175287
05D3jr,0.370531,41.401449,0.086626,41.467499,-0.066049576,41.472482,-0.071032593
04D2cf,0.370586,41.434925,0.095747,41.467879,-0.032953591,41.472861,-0.037936506
03D3ay,0.371443,41.572252,0.091326,41.473794,0.098458431,41.478775,0.09347712
05D4fo,0.371508,41.548853,0.086225,41.474242,0.074610787,41.479223,0.069629597
05D4cw,0.373513,41.478103,0.086768,41.48803,-0.0099273724,41.493008,-0.014904776
SDSS15756,0.37835,42.112175,0.135103,41.521017,0.59115791,41.525985,0.58618983
SDSS7779,0.37986,41.476242,0.118539,41.531235,-0.054993409,41.5362,-0.059958512
SDSS11206,0.38026,41.674685,0.138121,41.533936,0.14074913,41.5389,0.13578482
SDSS15456,0.38047,41.140725,0.12548,41.535353,-0.39462778,41.540317,-0.39959167
SDSS18721,0.39135,41.584881,0.148848,41.607791,-0.022909716,41.612732,-0.027851355
05D4ff,0.400485,41.549539,0.087548,41.667196,-0.11765714,41.672118,-0.12257906
SDSS19757,0.40128,41.390726,0.134806,41.672307,-0.28158021,41.677227,-0.28650037
06D3ed,0.404549,41.81249,0.086483,41.693225,0.11926582,41.698137,0.11435297
05D4dt,0.405478,41.859724,0.086962,41.699141,0.16058323,41.704052,0.15567248
06D4cq,0.40947,41.784188,0.086547,41.724422,0.05976584,41.729324,0.054864211
04D2fp,0.416632,41.805162,0.087194,41.769217,0.035945538,41.774102,0.031060698
05D2dw,0.418633,41.721512,0.087692,41.781605,-0.060092918,41.786485,-0.064972971
05D3cf,0.419569,41.926438,0.087595,41.787382,0.13905623,41.792259,0.13417842
04D4gg,0.422452,41.692885,0.08807,41.805099,-0.1122138,41.80997,-0.1170846
05D2cb,0.428646,42.081888,0.089103,41.84279,0.23909816,41.847646,0.23424267
04D1rh,0.434861,41.900171,0.087188,41.880108,0.020062999,41.884948,0.015223262
06D4co,0.435446,41.663732,0.086944,41.883595,-0.21986298,41.888433,-0.22470121
06D3df,0.442548,41.957619,0.08709,41.92559,0.032028678,41.93041,0.027208942
06D2gb,0.443668,41.858169,0.091594,41.932156,-0.073986931,41.936973,-0.078803705
03D3aw,0.449562,42.09792,0.091912,41.966459,0.13146123,41.97126,0.12666024
04D3gt,0.451556,41.668287,0.087828,41.97797,-0.30968274,41.982765,-0.31447832
04D2gb,0.451681,41.642176,0.088233,41.97869,-0.3365141,41.983485,-0.34130935
03D3cd,0.461274,42.021038,0.095948,42.033407,-0.012368478,42.038176,-0.017137172
05D3lc,0.461564,42.062843,0.087413,42.035045,0.027797853,42.039813,0.023029975
03D4au,0.466414,42.51309,0.09035,42.062294,0.45079691,42.067048,0.44604278
04D4jr,0.468406,42.095314,0.087451,42.073409,0.021904334,42.078158,0.01715591
04D4ju,0.470398,42.396229,0.088446,42.084482,0.31174759,42.089224,0.3070049
05D3mx,0.470573,42.080709,0.088704,42.085452,-0.0047434589,42.090194,-0.0094856376
04D3df,0.470586,41.962434,0.087988,42.085524,-0.12309061,42.090266,-0.12783275
05D2bv,0.475707,42.086819,0.087947,42.11378,-0.026960755,42.118507,-0.031687976
05D3dd,0.480568,42.060041,0.088055,42.140342,-0.08030174,42.145055,-0.085014593
05D2ac,0.480704,42.047102,0.087736,42.141082,-0.093979451,42.145794,-0.0986919
05D1ix,0.4888,42.207458,0.08839,42.184762,0.022696177,42.18945,0.018008098
03D1ax,0.494795,42.21649,0.08811,42.216677,-0.00018681297,42.221346,-0.004856509
05D4af,0.497379,42.25339,0.088758,42.230322,0.023067371,42.234984,0.018405686
06D2bk,0.500728,42.376417,0.089131,42.24791,0.12850663,42.252561,0.12385541
03D1au,0.503084,42.269525,0.088031,42.260218,0.0093068893,42.264862,0.0046630737
05D4av,0.507371,42.213205,0.089015,42.282476,-0.069271465,42.287106,-0.07390169
05D2dy,0.511746,42.495409,0.088554,42.305012,0.19039754,42.309628,0.18578132
04D1pg,0.513793,42.442246,0.090087,42.315495,0.12675176,42.320104,0.12214215
04D4in,0.514353,42.363951,0.088897,42.318356,0.045594943,42.322963,0.040987144
04D2mj,0.514746,42.560964,0.090306,42.320362,0.24060278,42.324968,0.23599626
05D3ci,0.515587,42.452603,0.106833,42.32465,0.12795326,42.329254,0.12334946
06D3el,0.519611,42.471136,0.088502,42.345078,0.12605787,42.349669,0.12146719
04D2gc,0.522762,42.482671,0.089115,42.360972,0.12169852,42.365552,0.1171182
06D2ca,0.532765,42.392305,0.08987,42.410843,-0.018538577,42.41539,-0.023085567
06D2cc,0.533766,42.173706,0.09473,42.415786,-0.24208044,42.42033,-0.24662406
05D4ek,0.534335,42.165507,0.090128,42.418592,-0.25308468,42.423133,-0.25762638
05D4be,0.535327,42.500563,0.08873,42.423476,0.077086529,42.428015,0.072548185
05D2eb,0.535771,42.338122,0.091256,42.42566,-0.08753818,42.430197,-0.092075021
04D4bq,0.548325,42.164539,0.09145,42.486712,-0.32217303,42.491206,-0.32666684
06D4bo,0.550315,42.509848,0.089299,42.49627,0.013578588,42.500756,0.0090916868
04D3hn,0.552605,42.229237,0.089654,42.507228,-0.27799119,42.511707,-0.28247011
06D2ck,0.553797,42.561602,0.091857,42.512916,0.048686057,42.51739,0.044211312
05D1ee,0.557743,42.486901,0.090291,42.531662,-0.044761681,42.536123,-0.04922256
05D1kl,0.558743,42.87907,0.092898,42.536393,0.34267656,42.540851,0.33821921
04D1hx,0.558746,42.443857,0.089573,42.536407,-0.09255013,42.540865,-0.09700747
05D1cc,0.562751,42.563852,0.090329,42.555276,0.0085753562,42.55972,0.0041322105
05D1dn,0.564741,42.574373,0.089709,42.564605,0.009767924,42.569041,0.0053318666
05D2dt,0.575823,42.622597,0.091807,42.616,0.0065964773,42.620397,0.002200314
06D3et,0.576612,42.548631,0.090075,42.619624,-0.070993235,42.624018,-0.075386531
03D4gf,0.578292,42.558,0.090072,42.627325,-0.069325181,42.631712,-0.073712361
05D1dx,0.578745,42.561135,0.089343,42.629398,-0.06826213,42.633783,-0.072647658
05D3jq,0.5796,42.549007,0.08931,42.633306,-0.084298508,42.637688,-0.088680916
05D3gp,0.580604,42.693325,0.09835,42.637888,0.055437206,42.642267,0.051058468
03D1aw,0.580724,42.83908,0.090132,42.638435,0.20064534,42.642813,0.19626704
04D1jg,0.582932,42.685053,0.09012,42.648484,0.036568963,42.652855,0.032198756
05D4ej,0.58329,42.873994,0.090793,42.65011,0.22388327,42.654479,0.21951438
04D1sa,0.583743,42.757778,0.091595,42.652167,0.1056113,42.656534,0.10124407
04D1kj,0.583743,42.611188,0.089495,42.652167,-0.040978997,42.656534,-0.045346225
05D1hm,0.585743,42.833794,0.092677,42.661227,0.17256686,42.665587,0.16820699
05D4bf,0.587285,42.693483,0.091452,42.668192,0.025290503,42.672546,0.020936326
04D1oh,0.588721,42.650725,0.091211,42.674664,-0.023938711,42.679012,-0.028287578
03D4gg,0.59028,42.586162,0.092935,42.681672,-0.095510388,42.686015,-0.099853477
04D2mh,0.591835,42.589256,0.090444,42.688646,-0.09938978,42.692983,-0.10372709
05D3lr,0.600603,42.592308,0.094433,42.727648,-0.13533959,42.731953,-0.1396441
05D4ef,0.603272,42.864607,0.092267,42.739414,0.1251927,42.743709,0.12089825
03D4dy,0.608261,42.760878,0.090819,42.761277,-0.0003989069,42.765553,-0.0046744593
05D2he,0.60986,42.798854,0.091831,42.768249,0.03060483,42.772518,0.026335361
04D3do,0.610643,42.861051,0.090588,42.771656,0.089394423,42.775923,0.085127937
03D1dt,0.610712,42.465879,0.092877,42.771956,-0.3060776,42.776223,-0.31034382
04D4an,0.611252,42.951574,0.095195,42.774304,0.17727035,42.778568,0.17300618
05D1ck,0.615698,42.769514,0.092238,42.793557,-0.024042511,42.797804,-0.028289665
04D3co,0.620632,42.825478,0.093091,42.814771,0.010707573,42.818999,0.0064794031
04D2an,0.621874,42.72454,0.092366,42.820085,-0.095545946,42.824309,-0.09976932
03D4dh,0.625233,42.729026,0.091453,42.83441,-0.1053837,42.83862,-0.10959407
04D4fx,0.627239,42.802545,0.092195,42.84293,-0.040384328,42.847132,-0.044586905
05D1cb,0.630699,42.711701,0.091576,42.857565,-0.14586389,42.861754,-0.15005298
05D2ci,0.631882,42.281286,0.097524,42.862551,-0.58126543,42.866736,-0.5854499
03D4at,0.632234,42.975281,0.093125,42.864033,0.11124757,42.868217,0.10706447
04D1pu,0.637701,42.503968,0.100758,42.886952,-0.38298354,42.891113,-0.38714519
05D4ag,0.638234,42.708074,0.097915,42.889176,-0.18110196,42.893336,-0.18526152
05D2ec,0.641893,43.018975,0.093291,42.9044,0.11457532,42.908545,0.11043019
05D3ax,0.643642,42.943933,0.098759,42.911648,0.032284828,42.915786,0.028146613
04D3cy,0.643646,42.892942,0.094148,42.911664,-0.018722259,42.915803,-0.022860457
05D3lb,0.647639,42.890834,0.09193,42.928142,-0.037307642,42.932264,-0.041430004
05D3kt,0.64864,42.786103,0.092708,42.932258,-0.14615433,42.936376,-0.15027272
04D1sk,0.662058,42.92459,0.093186,42.986854,-0.062264373,42.990919,-0.066329027
05D3hs,0.664638,43.18447,0.094448,42.997232,0.18723824,43.001286,0.18318399
05D3mh,0.670654,43.026774,0.095777,43.021282,0.005492294,43.025312,0.0014624131
03D1co,0.677662,43.337486,0.098356,43.049042,0.28844415,43.053043,0.28444282
05D2bt,0.681942,43.093016,0.094158,43.065862,0.02715432,43.069846,0.023170495
06D3cc,0.683659,43.203449,0.115261,43.072581,0.13086744,43.076558,0.12689066
04D4ic,0.685179,43.080358,0.0983,43.078517,0.0018413419,43.082487,-0.0021291963
05D1ke,0.688656,43.020028,0.092298,43.092046,-0.072018104,43.096003,-0.075974333
06D3em,0.690652,42.857798,0.095502,43.099784,-0.24198577,43.103732,-0.24593376
03D4cz,0.693165,43.071513,0.100242,43.109495,-0.037982112,43.113433,-0.041919727
04D4ib,0.697164,43.20406,0.093324,43.124881,0.079178841,43.128802,0.075257788
06D4ba,0.698167,43.179661,0.101565,43.128727,0.050934709,43.132644,0.047017818
05D4bj,0.699166,42.995502,0.094894,43.132552,-0.13704995,43.136464,-0.14096269
05D4cq,0.699169,43.258556,0.094016,43.132563,0.12599262,43.136476,0.12207989
05D2ck,0.69996,43.115842,0.097048,43.135588,-0.019746538,43.139498,-0.023655983
04D1si,0.700631,42.962963,0.094362,43.138152,-0.17518923,43.142058,-0.17909588
04D4hu,0.701158,43.307463,0.094504,43.140164,0.16729986,43.144068,0.1633954
04D2iu,0.701965,42.881871,0.100028,43.143241,-0.26137016,43.147142,-0.26527127
05D2le,0.701969,43.120664,0.095463,43.143257,-0.022592634,43.147158,-0.026493724
05D3gv,0.715652,43.128067,0.096706,43.194935,-0.066868615,43.198779,-0.070712489
05D3jh,0.71868,43.114277,0.094949,43.206244,-0.091967853,43.210075,-0.095798995
04D1aj,0.719626,43.107985,0.095665,43.209768,-0.10178344,43.213595,-0.1056106
05D4ev,0.72014,43.215209,0.098164,43.211681,0.0035280804,43.215506,-0.00029691344
06D3gh,0.72068,43.216773,0.098773,43.213689,0.0030841575,43.217512,-0.00073856099
06D3do,0.726679,43.257374,0.094974,43.235902,0.021472251,43.239699,0.017674859
06D3bz,0.727675,43.215658,0.099419,43.239573,-0.023914353,43.243366,-0.027707531
06D4bw,0.730128,43.012407,0.096543,43.248593,-0.23618595,43.252376,-0.23996874
04D1pp,0.733609,43.208172,0.094433,43.261344,-0.053172441,43.265112,-0.056940462
04D2gp,0.733996,43.50824,0.1029,43.262758,0.24548108,43.266525,0.2417147
05D2fq,0.734996,43.403144,0.095665,43.266409,0.13673487,43.270171,0.13297275
05D1eo,0.735608,43.304036,0.096764,43.268641,0.0353949,43.2724,0.031635373
05D2ct,0.736007,43.172548,0.104933,43.270095,-0.097546653,43.273853,-0.10130448
05D3jk,0.73669,43.259919,0.093659,43.272582,-0.012663247,43.276337,-0.016418173
04D2ja,0.742008,43.820507,0.103483,43.291874,0.52863229,43.295607,0.52490002
04D3fq,0.742697,43.211895,0.097111,43.294364,-0.082468999,43.298093,-0.086198328
05D3jb,0.745665,43.297634,0.094967,43.305064,-0.0074300576,43.308781,-0.011146709
04D2kr,0.746118,43.093092,0.095641,43.306694,-0.21360208,43.310408,-0.2173168
04D4im,0.7491,42.910163,0.096075,43.317397,-0.40723391,43.321099,-0.41093586
04D3ks,0.750681,43.04048,0.099406,43.323055,-0.28257536,43.32675,-0.28627055
04D3oe,0.756687,43.727246,0.095935,43.344446,0.38280066,43.348115,0.37913125
05D2nt,0.75903,43.411082,0.09556,43.352747,0.058335829,43.356406,0.054676502
06D3gx,0.760691,43.435126,0.101218,43.358616,0.076509957,43.362268,0.07285778
05D3mn,0.760698,43.193176,0.094664,43.358641,-0.1654649,43.362293,-0.16911705
05D4cn,0.761089,43.332429,0.09585,43.360021,-0.027591424,43.363671,-0.031241887
05D1if,0.76158,43.291607,0.096723,43.361753,-0.070145502,43.365401,-0.07379385
04D1qd,0.765588,43.282321,0.09633,43.37585,-0.093529105,43.379481,-0.09716017
04D1de,0.76659,43.678049,0.096641,43.379363,0.29868629,43.38299,0.29505955
05D3hh,0.766684,43.427868,0.103932,43.379692,0.048175255,43.383319,0.044548922
04D4id,0.767075,43.882533,0.101187,43.381062,0.5014707,43.384687,0.49784605
04D1pc,0.768587,43.284981,0.097274,43.386352,-0.10137111,43.38997,-0.10498923
05D4bi,0.773081,43.681452,0.098805,43.402016,0.27943623,43.405614,0.27583756
04D1jd,0.776594,43.159032,0.098366,43.4142,-0.25516775,43.417783,-0.2587512
05D4cs,0.78806,43.561544,0.096033,43.453601,0.10794368,43.457134,0.10441007
03D4fd,0.789054,43.514773,0.099608,43.45699,0.057782816,43.460519,0.054253531
04D1ks,0.796552,42.985147,0.098413,43.482428,-0.4972809,43.485924,-0.50077747
03D1fq,0.798566,43.584978,0.101777,43.489221,0.095756471,43.492709,0.092268703
05D3dh,0.800697,42.89614,0.098997,43.496391,-0.60025131,43.49987,-0.60372976
05D3ha,0.805695,43.141352,0.106396,43.513136,-0.37178397,43.516592,-0.37524053
05D3cx,0.805696,43.54754,0.09721,43.513139,0.034401305,43.516596,0.030944745
05D4gw,0.806041,43.404381,0.105158,43.514291,-0.10991056,43.517746,-0.11336561
05D4dy,0.808048,43.991993,0.101592,43.520984,0.47100881,43.52443,0.46756256
04D4dm,0.809032,43.398908,0.101626,43.52426,-0.12535228,43.527702,-0.12879421
04D3ny,0.81072,43.319459,0.105587,43.52987,-0.21041065,43.533305,-0.21384517
04D3mk,0.813696,43.764969,0.099177,43.539734,0.2252352,43.543155,0.22181374
04D3nc,0.817732,43.747459,0.101608,43.553055,0.19440423,43.556459,0.19100051
06D2ce,0.822103,43.537252,0.104677,43.56741,-0.030157912,43.570795,-0.0335424
04D3lu,0.822697,43.731099,0.100111,43.569356,0.16174361,43.572737,0.15836174
05D1cl,0.828528,43.943345,0.100853,43.588378,0.35496638,43.591735,0.3516102
05D4fg,0.837004,43.768646,0.100539,43.615801,0.15284553,43.619119,0.14952677
04D2al,0.838126,43.483006,0.113632,43.61941,-0.1364047,43.622724,-0.13971849
Elvis,0.839734,43.46181,0.112754,43.624576,-0.16276584,43.627882,-0.16607253
05D4hn,0.840005,43.197607,0.103903,43.625445,-0.42783852,43.628751,-0.43114402
05D1az,0.840522,43.607144,0.101288,43.627103,-0.019959032,43.630407,-0.023262238
06D2ga,0.842123,43.6951,0.112024,43.632232,0.062868139,43.635528,0.059572015
06D4ce,0.847985,43.832645,0.110575,43.65093,0.18171494,43.6542,0.17844476
04D1hy,0.848509,43.675838,0.10052,43.652595,0.023242594,43.655863,0.019974738
05D3kp,0.850729,43.818657,0.098855,43.65964,0.15901703,43.662898,0.15575901
05D4dw,0.852994,43.554866,0.101921,43.666808,-0.11194205,43.670056,-0.11519003
05D1er,0.858507,43.497432,0.106173,43.68418,-0.18674763,43.687403,-0.18997115
04D1ff,0.858513,43.252618,0.101579,43.684199,-0.43158044,43.687422,-0.43480394
05D1iz,0.858516,44.064145,0.11645,43.684208,0.37993738,43.687432,0.37671389
04D4ii,0.863978,43.657487,0.1039,43.701312,-0.04382556,43.704512,-0.047024798
05D1em,0.864497,43.79925,0.102986,43.702932,0.096317975,43.706129,0.093121041
03D1ew,0.866494,43.652949,0.106037,43.709156,-0.056207047,43.712344,-0.059395109
05D2nn,0.872152,43.980618,0.119167,43.726714,0.25390406,43.729877,0.25074114
04D4bk,0.877971,43.973804,0.103099,43.744657,0.22914761,43.747794,0.22601058
05D3cq,0.890729,43.813231,0.103551,43.783594,0.029637572,43.786674,0.026557361
05D2by,0.893183,43.89875,0.106138,43.791021,0.10772947,43.79409,0.1046602
03D4di,0.896944,43.849449,0.109618,43.802365,0.047083884,43.805418,0.044031375
05D3ht,0.901736,44.064275,0.111342,43.816753,0.24752288,43.819784,0.24449174
04D3gx,0.910752,44.093128,0.112202,43.843621,0.24950765,43.846612,0.24651673
04D1ow,0.913473,43.886202,0.104751,43.851678,0.034523208,43.854657,0.031544438
05D2bw,0.92221,43.815627,0.117626,43.877394,-0.061766897,43.880334,-0.064706666
05D2ay,0.922221,43.56967,0.117413,43.877426,-0.30775652,43.880366,-0.31069624
03D4cy,0.924917,44.05598,0.125384,43.885313,0.17066692,43.888241,0.16773924
05D2ob,0.92622,43.84699,0.111056,43.889117,-0.042127024,43.892039,-0.045048889
04D4jy,0.927909,44.175982,0.121275,43.89404,0.28194223,43.896954,0.2790279
04D4ih,0.931901,44.156423,0.111047,43.90564,0.25078321,43.908537,0.24788671
06D2cd,0.932229,43.790117,0.130385,43.906591,-0.11647413,43.909486,-0.11936917
04D4hf,0.9339,43.862922,0.126556,43.911431,-0.048508579,43.914318,-0.051396152
Vilas,0.935774,43.618621,0.119916,43.916848,-0.29822745,43.919727,-0.30110666
05D3la,0.936755,43.836807,0.108686,43.91968,-0.082873096,43.922555,-0.08574792
03D4cx,0.94689,43.32103,0.115036,43.948767,-0.6277373,43.951596,-0.63056687
04D1pd,0.948455,43.625089,0.112213,43.953231,-0.32814198,43.956054,-0.33096456
04D3ml,0.950763,44.237097,0.112327,43.959802,0.27729543,43.962614,0.27448315
04D4jw,0.958871,44.34431,0.125337,43.98276,0.36154991,43.985537,0.35877383
05D3km,0.96074,44.315234,0.112338,43.988026,0.32720791,43.990793,0.32444017
04D3nr,0.960751,43.581363,0.116274,43.988057,-0.40669374,43.990824,-0.40946143
Patuxent,0.970782,44.732088,0.118744,44.016145,0.7159437,44.018868,0.71322076
Ombo,0.97423,44.192459,0.118033,44.025734,0.16672542,44.028441,0.16401786
05D2my,0.98328,43.992852,0.114718,44.050744,-0.057891875,44.053411,-0.060559082
04D1rx,0.983407,44.202384,0.114131,44.051094,0.15129059,44.05376,0.14862395
04D3lp,0.983777,43.807878,0.14188,44.052111,-0.24423348,44.054776,-0.24689847
04D1iv,0.99639,44.253642,0.112483,44.086576,0.16706596,44.089185,0.16445714
06D4cl,0.997826,44.013808,0.115855,44.090473,-0.076664703,44.093075,-0.079267124
04D3dd,1.002795,44.235108,0.13731,44.103914,0.1311947,44.106494,0.12861439
Eagle,1.020807,44.380255,0.118836,44.15209,0.22816413,44.154591,0.22566386
04D4dw,1.0288,44.23321,0.1248,44.173201,0.060009175,44.175666,0.057544359
06D3en,1.060801,44.114142,0.132013,44.256126,-0.1419842,44.25845,-0.14430751
Gabi,1.12085,44.518694,0.121686,44.405244,0.11345002,44.407305,0.11138981
Lancaster,1.230892,44.816045,0.128558,44.658908,0.15713689,44.660497,0.15554788
Torngasek,1.265901,44.760726,0.128614,44.734856,0.025870159,44.736298,0.02442751
Aphrodite,1.299106,44.804213,0.128055,44.804959,-0.00074557819,44.806264,-0.0020511607
